Station,month_ym,ndvi,evi,lst_celsius,et_mm,soil_moisture
Amaram_1,2021-04,0.4106,0.2399,38.2218,5.5401,0.1468
Ammapet_1,2021-04,0.4559,0.2896,35.5162,7.0621,0.1324
Ariyampatti,2021-04,0.4116,0.246,39.0058,5.5541,0.1445
Avaniperur Keelmugam,2021-04,0.4202,0.2518,38.0625,5.7582,0.1439
Ayodhiyapattinam,2021-04,0.4742,0.2945,36.014,6.6645,0.1315
Egapuram,2021-04,0.3522,0.2028,39.6218,4.2727,0.1449
Erumaipatti_1,2021-04,0.4276,0.2566,36.9276,5.6514,0.1396
Erumaipatti_2,2021-04,0.3757,0.2266,38.7002,4.8183,0.1433
Gundakkal,2021-04,0.4025,0.2293,37.4864,5.4758,0.1442
Hasthampati,2021-04,0.3999,0.2675,36.0503,6.6625,0.1419
Hasthampatti,2021-04,0.4374,0.2975,35.6674,7.7987,0.1411
Illupanatham_1,2021-04,0.458,0.318,38.7286,8.7448,0.1305
Inam Bairoji,2021-04,0.4436,0.2589,37.1673,6.1694,0.1412
Kadambur,2021-04,0.4734,0.292,36.3724,8.5799,0.1257
Kullampatti,2021-04,0.5023,0.3201,36.5376,8.1863,0.141
M.Chettipatti,2021-04,0.3747,0.229,39.8687,4.9615,0.1446
Manjakalpatti,2021-04,0.4358,0.2704,36.2742,6.048,0.1404
Mannarpalayam,2021-04,0.4179,0.2513,37.5084,5.5289,0.1271
Moolakadu,2021-04,0.3512,0.21,33.0514,7.8165,0.1339
Murungapatty,2021-04,0.4085,0.2339,37.6772,5.3201,0.145
Muthiyampatti,2021-04,0.4191,0.2435,38.7392,5.7512,0.1446
Nadupatty,2021-04,0.4559,0.2697,37.026,6.6688,0.1409
Navapatti,2021-04,0.5289,0.3035,32.8179,8.9691,0.132
Pannavadi,2021-04,0.2902,0.1755,36.334,6.4489,0.1265
Pappanaickanpatti,2021-04,0.6151,0.3674,32.4506,13.7982,0.1293
Periyakadampatty,2021-04,0.3716,0.2245,40.1948,4.7766,0.1446
Pillukurichi,2021-04,0.4972,0.3222,36.0186,8.6741,0.1366
Pulluthikuttai,2021-04,0.5318,0.3381,32.9187,10.9265,0.1257
Rajapalayam (TN-MWS01),2021-04,0.3791,0.246,40.4822,6.4662,0.1347
Ramagudal,2021-04,0.4918,0.3151,35.2237,7.9865,0.1331
Ramanaickanpalayam,2021-04,0.5191,0.3385,37.3148,9.9512,0.126
Samuthiram_1,2021-04,0.4092,0.2357,39.0363,5.6322,0.1446
Sanarpatti,2021-04,0.4857,0.3054,36.3374,7.4436,0.1445
Sandhiyur,2021-04,0.446,0.251,35.5977,5.6477,0.1389
Sendarapatti,2021-04,0.453,0.2698,37.3505,7.7706,0.1289
Singipuram,2021-04,0.4279,0.2646,38.3551,6.1161,0.1264
Siruvachur,2021-04,0.4999,0.3281,37.2139,9.9125,0.1703
Sitteri,2021-04,0.4458,0.3147,39.4859,8.6481,0.1315
Sukkampatti,2021-04,0.4898,0.2885,34.8169,7.3335,0.1312
Thekkampatti,2021-04,0.4635,0.3051,36.6414,7.032,0.1442
Thuttampatti,2021-04,0.3536,0.2037,40.3666,4.3762,0.1445
Vaikundham sankari Salem Tamil Nadu,2021-04,0.4918,0.3111,36.2352,8.6877,0.1427
Veerakal,2021-04,0.5003,0.3074,35.8095,7.9793,0.1449
Veppilaipatty,2021-04,0.4541,0.2657,35.4502,5.75,0.1318
Amaram_1,2021-05,0.4751,0.3108,38.9499,8.4987,0.1615
Ammapet_1,2021-05,0.5286,0.3367,36.1782,9.8008,0.1508
Ariyampatti,2021-05,0.4066,0.2393,39.4958,7.2004,0.158
Avaniperur Keelmugam,2021-05,0.4724,0.3144,37.9633,9.4185,0.1593
Ayodhiyapattinam,2021-05,0.5224,0.3279,36.9225,9.0176,0.1527
Egapuram,2021-05,0.4022,0.2482,39.9277,6.6505,0.1601
Erumaipatti_1,2021-05,0.4787,0.3341,37.1929,8.8485,0.1563
Erumaipatti_2,2021-05,0.4399,0.2974,38.5684,7.6818,0.1587
Gundakkal,2021-05,0.4562,0.2689,38.5405,8.307,0.1606
Hasthampati,2021-05,0.4651,0.3111,36.9932,9.9052,0.1582
Hasthampatti,2021-05,0.5095,0.3447,36.1217,10.9065,0.158
Illupanatham_1,2021-05,0.4525,0.2963,39.6627,8.328,0.1504
Inam Bairoji,2021-05,0.4925,0.3218,39.3556,8.5492,0.1551
Kadambur,2021-05,0.5048,0.3144,37.3734,8.8376,0.1519
Kullampatti,2021-05,0.5605,0.3895,35.7901,12.2586,0.1583
M.Chettipatti,2021-05,0.4101,0.2456,41.1912,6.5304,0.1584
Manjakalpatti,2021-05,0.4817,0.3442,36.0131,9.2577,0.1566
Mannarpalayam,2021-05,0.4965,0.3242,38.419,8.3292,0.1563
Moolakadu,2021-05,0.3515,0.2262,34.541,9.9864,0.147
Murungapatty,2021-05,0.4546,0.2554,39.7886,7.2429,0.1595
Muthiyampatti,2021-05,0.4767,0.2823,38.3535,8.6549,0.1589
Nadupatty,2021-05,0.5101,0.318,37.9766,9.5511,0.1569
Navapatti,2021-05,0.5738,0.36,32.6059,12.5609,0.1443
Pannavadi,2021-05,0.3301,0.2135,37.2595,8.6601,0.1402
Pappanaickanpatti,2021-05,0.6871,0.4475,32.6421,16.6247,0.1562
Periyakadampatty,2021-05,0.3954,0.2326,41.2853,6.2466,0.1582
Pillukurichi,2021-05,0.5768,0.3843,35.136,12.6348,0.1516
Pulluthikuttai,2021-05,0.6341,0.3934,32.9205,14.5782,0.1552
Rajapalayam (TN-MWS01),2021-05,0.3537,0.2204,41.9717,6.471,0.153
Ramagudal,2021-05,0.5123,0.3507,36.8031,10.4061,0.1564
Ramanaickanpalayam,2021-05,0.5197,0.3444,38.4544,10.2122,0.1548
Samuthiram_1,2021-05,0.456,0.265,38.7363,8.127,0.1588
Sanarpatti,2021-05,0.5067,0.3229,36.7232,9.9606,0.1576
Sandhiyur,2021-05,0.5164,0.324,37.8978,8.4062,0.1529
Sendarapatti,2021-05,0.4759,0.2905,38.2641,8.0041,0.1588
Singipuram,2021-05,0.4791,0.3145,39.0442,8.1828,0.156
Siruvachur,2021-05,0.4573,0.2857,39.4321,8.7739,0.1817
Sitteri,2021-05,0.4549,0.3057,39.7807,8.3801,0.1499
Sukkampatti,2021-05,0.5633,0.3612,35.1903,11.1452,0.154
Thekkampatti,2021-05,0.509,0.3314,37.6506,9.8945,0.1592
Thuttampatti,2021-05,0.376,0.2113,41.0945,5.9758,0.1582
Vaikundham sankari Salem Tamil Nadu,2021-05,0.4876,0.3086,38.1085,10.1011,0.1922
Veerakal,2021-05,0.52,0.3467,37.0567,9.8958,0.1583
Veppilaipatty,2021-05,0.5182,0.3287,36.0242,8.3782,0.1583
Amaram_1,2021-06,0.5465,0.3209,38.0985,10.9811,0.1753
Ammapet_1,2021-06,0.5516,0.3298,35.3932,11.8628,0.1678
Ariyampatti,2021-06,0.5071,0.2803,39.7935,8.8856,0.167
Avaniperur Keelmugam,2021-06,0.4819,0.2904,40.4152,9.7785,0.1616
Ayodhiyapattinam,2021-06,0.547,0.3296,35.6664,10.8269,0.1699
Egapuram,2021-06,0.4626,0.2815,41.3574,9.0224,0.1643
Erumaipatti_1,2021-06,0.4952,0.3079,38.6375,9.6523,0.1533
Erumaipatti_2,2021-06,0.4896,0.2996,40.6588,9.0946,0.1603
Gundakkal,2021-06,0.5416,0.3122,37.6724,11.6766,0.174
Hasthampati,2021-06,0.5042,0.3072,36.2938,11.8495,0.1762
Hasthampatti,2021-06,0.5441,0.3332,35.5493,12.8873,0.1761
Illupanatham_1,2021-06,0.4526,0.2778,40.2091,9.0888,0.1668
Inam Bairoji,2021-06,0.5649,0.3733,37.2168,11.1497,0.1622
Kadambur,2021-06,0.6126,0.3803,34.6079,12.4815,0.1652
Kullampatti,2021-06,0.5754,0.3513,37.155,12.0944,0.1575
M.Chettipatti,2021-06,0.4872,0.2972,39.3145,9.4876,0.1682
Manjakalpatti,2021-06,0.5089,0.3173,38.251,9.7452,0.154
Mannarpalayam,2021-06,0.5623,0.3533,36.6179,11.0522,0.1736
Moolakadu,2021-06,0.4317,0.2411,34.8113,12.5819,0.1553
Murungapatty,2021-06,0.5217,0.3163,38.8699,9.6026,0.1683
Muthiyampatti,2021-06,0.5135,0.3045,39.8958,10.2229,0.1658
Nadupatty,2021-06,0.575,0.3521,36.7036,12.7338,0.1718
Navapatti,2021-06,0.6635,0.4111,33.1587,16.637,0.1492
Pannavadi,2021-06,0.3409,0.198,37.9089,10.3247,0.1484
Pappanaickanpatti,2021-06,0.7569,0.414,32.4514,19.7325,0.172
Periyakadampatty,2021-06,0.4866,0.2968,39.4474,9.2709,0.1676
Pillukurichi,2021-06,0.6006,0.3704,35.7938,13.1916,0.1543
Pulluthikuttai,2021-06,0.7104,0.3833,33.0584,17.7486,0.1721
Rajapalayam (TN-MWS01),2021-06,0.369,0.2138,42.3916,7.4828,0.1702
Ramagudal,2021-06,0.5161,0.3105,37.867,10.1783,0.1532
Ramanaickanpalayam,2021-06,0.5644,0.3417,37.2866,10.5793,0.1724
Samuthiram_1,2021-06,0.5122,0.2997,40.1265,10.0374,0.166
Sanarpatti,2021-06,0.5795,0.3386,36.8418,10.9136,0.1663
Sandhiyur,2021-06,0.5626,0.3665,36.1494,10.9325,0.1679
Sendarapatti,2021-06,0.5816,0.3459,35.9281,12.3039,0.1701
Singipuram,2021-06,0.53,0.3335,37.8048,10.0993,0.1734
Siruvachur,2021-06,0.4676,0.287,38.2781,9.9197,0.1941
Sitteri,2021-06,0.475,0.3033,39.487,9.6131,0.1674
Sukkampatti,2021-06,0.5934,0.3525,34.3511,13.9218,0.1711
Thekkampatti,2021-06,0.5505,0.3454,36.5714,12.1398,0.174
Thuttampatti,2021-06,0.4593,0.2667,41.351,8.4813,0.1668
Vaikundham sankari Salem Tamil Nadu,2021-06,0.4455,0.2667,37.9258,14.041,0.202
Veerakal,2021-06,0.6127,0.3667,36.9123,12.277,0.168
Veppilaipatty,2021-06,0.5825,0.3497,35.3658,11.2791,0.1746
Amaram_1,2021-07,0.5377,0.3795,31.2378,15.0865,0.2389
Ammapet_1,2021-07,0.5674,0.3898,31.7191,15.1392,0.2363
Ariyampatti,2021-07,0.5345,0.3653,32.1862,12.377,0.2272
Avaniperur Keelmugam,2021-07,0.4956,0.3173,36.9994,12.3835,0.2175
Ayodhiyapattinam,2021-07,0.6424,0.4447,31.3972,15.5466,0.2416
Egapuram,2021-07,0.5533,0.3859,33.6094,13.4764,0.2212
Erumaipatti_1,2021-07,0.4869,0.3272,35.3099,11.3311,0.2089
Erumaipatti_2,2021-07,0.543,0.3756,34.5969,12.5231,0.2164
Gundakkal,2021-07,0.5568,0.3692,30.9982,16.8815,0.2424
Hasthampati,2021-07,0.469,0.3307,33.0552,13.5626,0.2424
Hasthampatti,2021-07,0.5175,0.3614,32.5326,14.8218,0.2432
Illupanatham_1,2021-07,0.4779,0.2737,38.7195,10.9571,0.2366
Inam Bairoji,2021-07,0.5924,0.4251,32.5004,14.6103,0.2216
Kadambur,2021-07,0.624,0.4059,30.1348,15.2364,0.2382
Kullampatti,2021-07,0.5503,0.3636,34.6576,13.6592,0.2118
M.Chettipatti,2021-07,0.5812,0.405,32.3525,13.4048,0.2289
Manjakalpatti,2021-07,0.5067,0.3455,33.5884,11.7917,0.2087
Mannarpalayam,2021-07,0.6367,0.4328,31.787,15.2162,0.248
Moolakadu,2021-07,0.3799,0.2508,30.833,15.6628,0.2171
Murungapatty,2021-07,0.6036,0.4233,31.6897,14.6015,0.2283
Muthiyampatti,2021-07,0.5648,0.3762,34.5984,13.6718,0.2245
Nadupatty,2021-07,0.5433,0.3657,30.9204,16.8199,0.2421
Navapatti,2021-07,0.5002,0.3715,29.2333,17.7256,0.2063
Pannavadi,2021-07,0.3957,0.2505,32.0328,15.4103,0.2135
Pappanaickanpatti,2021-07,0.6877,0.4453,29.5569,21.5288,0.2482
Periyakadampatty,2021-07,0.5743,0.4003,32.4983,13.2002,0.228
Pillukurichi,2021-07,0.5362,0.3661,32.891,14.3733,0.21
Pulluthikuttai,2021-07,0.7152,0.5211,29.0726,22.2279,0.2481
Rajapalayam (TN-MWS01),2021-07,0.4272,0.2258,38.2211,9.5535,0.2331
Ramagudal,2021-07,0.4925,0.3118,36.0804,11.7729,0.2048
Ramanaickanpalayam,2021-07,0.5966,0.4103,31.8098,13.9931,0.2485
Samuthiram_1,2021-07,0.5696,0.3835,34.1812,13.8762,0.225
Sanarpatti,2021-07,0.4851,0.3425,30.441,13.0115,0.226
Sandhiyur,2021-07,0.5758,0.4241,31.5354,14.2936,0.2306
Sendarapatti,2021-07,0.6496,0.4277,31.057,16.4868,0.2479
Singipuram,2021-07,0.5904,0.3977,32.4525,13.9346,0.2486
Siruvachur,2021-07,0.4937,0.2906,34.9505,12.6858,0.2625
Sitteri,2021-07,0.4828,0.2944,38.257,11.4306,0.2369
Sukkampatti,2021-07,0.697,0.4738,30.2397,18.5282,0.2445
Thekkampatti,2021-07,0.5958,0.416,30.9672,15.2095,0.2377
Thuttampatti,2021-07,0.5602,0.3876,33.1878,13.211,0.2266
Vaikundham sankari Salem Tamil Nadu,2021-07,0.4057,0.2757,33.6388,15.4952,0.2596
Veerakal,2021-07,0.4969,0.3592,29.9578,14.2416,0.2284
Veppilaipatty,2021-07,0.6702,0.4668,30.6601,15.7321,0.2461
Amaram_1,2021-08,0.5334,0.3373,34.2434,14.7658,0.2001
Ammapet_1,2021-08,0.602,0.3737,30.5094,15.1651,0.2043
Ariyampatti,2021-08,0.532,0.3294,35.4844,13.3639,0.1914
Avaniperur Keelmugam,2021-08,0.5147,0.3268,39.1602,12.7342,0.1874
Ayodhiyapattinam,2021-08,0.6634,0.4024,32.4868,14.8689,0.2091
Egapuram,2021-08,0.5691,0.3577,34.9326,14.4464,0.1904
Erumaipatti_1,2021-08,0.5608,0.3789,36.0838,13.0348,0.1856
Erumaipatti_2,2021-08,0.6079,0.3938,35.6744,13.8716,0.1877
Gundakkal,2021-08,0.62,0.3708,34.1582,16.925,0.2036
Hasthampati,2021-08,0.5031,0.3201,31.7753,13.7411,0.2096
Hasthampatti,2021-08,0.548,0.3468,31.3921,14.4048,0.2104
Illupanatham_1,2021-08,0.4893,0.2962,40.6456,10.9823,0.2151
Inam Bairoji,2021-08,0.6651,0.41,34.9209,14.7823,0.1927
Kadambur,2021-08,0.6294,0.4022,35.3967,15.2879,0.2124
Kullampatti,2021-08,0.5436,0.3722,37.1222,13.8695,0.1837
M.Chettipatti,2021-08,0.6067,0.381,35.1219,14.7313,0.1935
Manjakalpatti,2021-08,0.5559,0.3756,35.3939,12.9308,0.184
Mannarpalayam,2021-08,0.5994,0.4244,34.8521,15.4406,0.2205
Moolakadu,2021-08,0.4172,0.2892,31.6521,16.9119,0.1757
Murungapatty,2021-08,0.6579,0.4119,32.8061,15.7184,0.196
Muthiyampatti,2021-08,0.5275,0.3263,36.6305,13.2386,0.1908
Nadupatty,2021-08,0.6166,0.3742,35.1842,16.2828,0.2021
Navapatti,2021-08,0.5754,0.4227,28.4784,17.6795,0.1723
Pannavadi,2021-08,0.3989,0.2721,35.5977,15.9265,0.169
Pappanaickanpatti,2021-08,0.7133,0.4939,29.3761,23.22,0.2199
Periyakadampatty,2021-08,0.587,0.3706,35.4876,14.4636,0.1924
Pillukurichi,2021-08,0.5615,0.4036,33.4988,14.7252,0.1781
Pulluthikuttai,2021-08,0.7092,0.4909,28.4517,20.0232,0.2194
Rajapalayam (TN-MWS01),2021-08,0.4489,0.2587,41.051,9.9357,0.2121
Ramagudal,2021-08,0.5567,0.3737,36.2035,13.9237,0.1804
Ramanaickanpalayam,2021-08,0.6189,0.4062,34.7418,14.1401,0.2215
Samuthiram_1,2021-08,0.528,0.3239,36.1719,13.3473,0.191
Sanarpatti,2021-08,0.5551,0.3758,32.7451,14.3198,0.1901
Sandhiyur,2021-08,0.6517,0.4054,34.3167,13.946,0.1991
Sendarapatti,2021-08,0.6119,0.3887,36.6187,15.0774,0.2178
Singipuram,2021-08,0.5953,0.395,36.3636,13.9023,0.2208
Siruvachur,2021-08,0.5731,0.3661,36.9112,12.5321,0.2446
Sitteri,2021-08,0.5321,0.348,39.1281,11.5328,0.2169
Sukkampatti,2021-08,0.6883,0.4318,31.8763,16.9722,0.2113
Thekkampatti,2021-08,0.6277,0.3857,33.1725,15.0666,0.204
Thuttampatti,2021-08,0.5575,0.3494,35.3185,14.0107,0.1913
Vaikundham sankari Salem Tamil Nadu,2021-08,0.4851,0.3105,38.4848,13.0623,0.236
Veerakal,2021-08,0.5546,0.3708,32.1249,14.6281,0.1919
Veppilaipatty,2021-08,0.6019,0.4193,32.4624,16.3068,0.2189
Amaram_1,2021-09,0.6167,0.3831,34.536,17.8241,0.239
Ammapet_1,2021-09,0.6105,0.3649,32.8551,16.3155,0.2415
Ariyampatti,2021-09,0.5958,0.4035,34.9169,15.5864,0.2348
Avaniperur Keelmugam,2021-09,0.588,0.3707,36.4179,14.489,0.2291
Ayodhiyapattinam,2021-09,0.6784,0.4225,32.3388,16.1972,0.2464
Egapuram,2021-09,0.5678,0.345,35.3684,15.0227,0.2328
Erumaipatti_1,2021-09,0.605,0.4082,34.0939,14.3326,0.219
Erumaipatti_2,2021-09,0.5887,0.3844,34.2738,14.9268,0.2296
Gundakkal,2021-09,0.6812,0.4434,31.982,21.2645,0.2442
Hasthampati,2021-09,0.4886,0.2999,34.6111,14.8821,0.248
Hasthampatti,2021-09,0.5359,0.3261,33.752,15.6456,0.2487
Illupanatham_1,2021-09,0.6547,0.4351,39.3359,14.2225,0.2325
Inam Bairoji,2021-09,0.6426,0.4002,33.0796,15.4186,0.2325
Kadambur,2021-09,0.7159,0.4486,34.5316,16.8411,0.2267
Kullampatti,2021-09,0.5923,0.357,33.6099,14.5154,0.2234
M.Chettipatti,2021-09,0.602,0.3939,33.8741,16.5988,0.2371
Manjakalpatti,2021-09,0.5737,0.3938,33.2031,13.9124,0.2225
Mannarpalayam,2021-09,0.6825,0.4279,33.7485,16.3827,0.2484
Moolakadu,2021-09,0.5227,0.3323,30.8243,20.7458,0.2139
Murungapatty,2021-09,0.6387,0.4048,32.3106,17.1612,0.2389
Muthiyampatti,2021-09,0.5761,0.3475,37.0286,14.6672,0.2338
Nadupatty,2021-09,0.6629,0.4217,32.5099,20.2289,0.2437
Navapatti,2021-09,0.6678,0.4466,28.5759,20.8253,0.2119
Pannavadi,2021-09,0.5556,0.3347,32.9894,19.748,0.2046
Pappanaickanpatti,2021-09,0.7656,0.5165,28.9645,24.7913,0.2498
Periyakadampatty,2021-09,0.6076,0.3993,33.9773,16.3653,0.2359
Pillukurichi,2021-09,0.6036,0.3745,32.5114,15.69,0.2176
Pulluthikuttai,2021-09,0.72,0.5031,27.5182,21.1392,0.2513
Rajapalayam (TN-MWS01),2021-09,0.6644,0.4612,40.6392,14.6276,0.2228
Ramagudal,2021-09,0.5811,0.3726,33.5849,13.8578,0.2104
Ramanaickanpalayam,2021-09,0.7032,0.4533,33.8428,16.0399,0.2467
Samuthiram_1,2021-09,0.5709,0.3445,37.0742,14.656,0.2341
Sanarpatti,2021-09,0.6371,0.438,32.5536,16.4428,0.2329
Sandhiyur,2021-09,0.6601,0.416,32.8161,15.2384,0.2349
Sendarapatti,2021-09,0.6892,0.414,34.0659,15.7763,0.2278
Singipuram,2021-09,0.664,0.4272,34.1854,15.4821,0.2493
Siruvachur,2021-09,0.6705,0.4563,34.77,16.1795,0.2684
Sitteri,2021-09,0.6615,0.4653,38.2268,15.0284,0.2369
Sukkampatti,2021-09,0.7129,0.4529,30.4673,18.1348,0.249
Thekkampatti,2021-09,0.6024,0.3818,32.9591,16.4128,0.2451
Thuttampatti,2021-09,0.6042,0.3853,35.4607,15.3337,0.2346
Vaikundham sankari Salem Tamil Nadu,2021-09,0.5143,0.3414,37.8716,11.7956,0.2481
Veerakal,2021-09,0.6475,0.4451,31.8387,17.6416,0.2342
Veppilaipatty,2021-09,0.6969,0.438,32.5539,17.0372,0.2467
Amaram_1,2021-10,0.6722,0.4804,31.4363,20.2189,0.2799
Ammapet_1,2021-10,0.6032,0.4207,31.4846,18.9991,0.2816
Ariyampatti,2021-10,0.6784,0.5027,30.7602,19.7034,0.2813
Avaniperur Keelmugam,2021-10,0.6098,0.4228,31.2576,18.2153,0.2798
Ayodhiyapattinam,2021-10,0.6674,0.4749,30.955,19.0697,0.2865
Egapuram,2021-10,0.6033,0.424,30.9186,17.9135,0.2815
Erumaipatti_1,2021-10,0.5494,0.4061,30.1017,17.3798,0.2818
Erumaipatti_2,2021-10,0.5833,0.4112,30.6303,17.3104,0.2816
Gundakkal,2021-10,0.6999,0.4825,30.1574,22.0263,0.2813
Hasthampati,2021-10,0.4982,0.3482,32.8185,17.5535,0.2875
Hasthampatti,2021-10,0.5456,0.3801,32.1861,18.439,0.2879
Illupanatham_1,2021-10,0.7429,0.5816,32.027,20.0418,0.2935
Inam Bairoji,2021-10,0.6343,0.4424,30.9759,17.5692,0.2844
Kadambur,2021-10,0.7391,0.5434,30.777,20.6114,0.2852
Kullampatti,2021-10,0.6335,0.4279,31.2644,18.4991,0.2799
M.Chettipatti,2021-10,0.6586,0.463,31.5811,19.3179,0.2822
Manjakalpatti,2021-10,0.5682,0.4176,29.5968,17.2545,0.2811
Mannarpalayam,2021-10,0.6944,0.5038,31.0463,19.3597,0.2934
Moolakadu,2021-10,0.5156,0.348,29.5138,22.7345,0.2663
Murungapatty,2021-10,0.6708,0.4797,30.5845,19.1676,0.284
Muthiyampatti,2021-10,0.6546,0.4662,30.7055,18.8189,0.2813
Nadupatty,2021-10,0.6829,0.4652,31.3506,21.4837,0.2802
Navapatti,2021-10,0.6626,0.4782,27.6909,23.1115,0.264
Pannavadi,2021-10,0.573,0.3712,31.0593,21.467,0.2585
Pappanaickanpatti,2021-10,0.7905,0.5446,27.5078,27.397,0.2949
Periyakadampatty,2021-10,0.6619,0.4694,31.4986,19.4096,0.2817
Pillukurichi,2021-10,0.6294,0.4359,31.2698,19.114,0.2726
Pulluthikuttai,2021-10,0.7507,0.5073,27.0853,24.0071,0.2936
Rajapalayam (TN-MWS01),2021-10,0.7557,0.5849,31.7061,20.5175,0.2932
Ramagudal,2021-10,0.6394,0.4439,31.6602,18.4763,0.2805
Ramanaickanpalayam,2021-10,0.7113,0.5118,30.6102,19.5932,0.2935
Samuthiram_1,2021-10,0.6541,0.4642,30.7696,18.8744,0.2814
Sanarpatti,2021-10,0.653,0.4977,29.5346,19.7822,0.2797
Sandhiyur,2021-10,0.6554,0.4705,30.7623,17.7758,0.2831
Sendarapatti,2021-10,0.7116,0.4912,31.5546,19.9049,0.2961
Singipuram,2021-10,0.6812,0.4947,31.4767,19.1697,0.2937
Siruvachur,2021-10,0.7303,0.5184,31.5643,20.5823,0.3211
Sitteri,2021-10,0.7252,0.5661,32.0713,19.9615,0.2966
Sukkampatti,2021-10,0.6969,0.5005,29.4853,20.4264,0.2892
Thekkampatti,2021-10,0.6253,0.4201,30.7322,18.8756,0.2857
Thuttampatti,2021-10,0.6473,0.4592,31.2038,18.8384,0.2814
Vaikundham sankari Salem Tamil Nadu,2021-10,0.5613,0.3895,37.2136,16.0265,0.3038
Veerakal,2021-10,0.6853,0.5177,29.9756,20.6661,0.2801
Veppilaipatty,2021-10,0.7067,0.5119,30.2063,19.3631,0.2923
Amaram_1,2021-11,0.3904,0.2781,28.8499,19.0574,0.3318
Ammapet_1,2021-11,0.3768,0.2421,29.3492,19.0994,0.3408
Ariyampatti,2021-11,0.3499,0.2547,29.6566,19.0688,0.3381
Avaniperur Keelmugam,2021-11,0.3789,0.257,29.5287,18.5913,0.3345
Ayodhiyapattinam,2021-11,0.4363,0.2837,29.046,18.8497,0.3467
Egapuram,2021-11,0.3778,0.2677,29.2786,18.8206,0.3366
Erumaipatti_1,2021-11,0.3179,0.2364,30.4999,18.0591,0.3349
Erumaipatti_2,2021-11,0.3748,0.2136,27.7969,18.2379,0.3368
Gundakkal,2021-11,0.4256,0.2945,26.7812,20.4492,0.3331
Hasthampati,2021-11,0.2876,0.1962,30.7476,18.3216,0.3461
Hasthampatti,2021-11,0.2989,0.2076,30.4351,18.5606,0.3466
Illupanatham_1,2021-11,0.5567,0.378,29.1237,18.5282,0.37
Inam Bairoji,2021-11,0.3762,0.244,29.5411,18.5835,0.3417
Kadambur,2021-11,0.5674,0.3714,28.7845,19.1763,0.3559
Kullampatti,2021-11,0.3946,0.2848,26.4284,19.1275,0.3346
M.Chettipatti,2021-11,0.3556,0.2456,29.4732,18.9036,0.3392
Manjakalpatti,2021-11,0.3072,0.2192,27.7843,18.0845,0.3357
Mannarpalayam,2021-11,0.5509,0.3576,28.9616,18.9856,0.3566
Moolakadu,2021-11,0.3226,0.1977,28.1435,20.7997,0.3169
Murungapatty,2021-11,0.379,0.2487,29.1312,19.209,0.3406
Muthiyampatti,2021-11,0.3671,0.2715,28.8778,19.2441,0.3372
Nadupatty,2021-11,0.4219,0.291,27.8114,19.7832,0.3336
Navapatti,2021-11,0.3384,0.2469,26.8409,21.5084,0.3174
Pannavadi,2021-11,0.3252,0.1984,29.2037,19.3963,0.3062
Pappanaickanpatti,2021-11,0.5316,0.358,23.7678,22.8597,0.3577
Periyakadampatty,2021-11,0.3488,0.2457,29.341,19.0074,0.3386
Pillukurichi,2021-11,0.3815,0.2939,27.4347,19.1363,0.3266
Pulluthikuttai,2021-11,0.4954,0.3443,27.3056,22.1575,0.3561
Rajapalayam (TN-MWS01),2021-11,0.5716,0.4072,29.0102,18.7014,0.3749
Ramagudal,2021-11,0.3534,0.2669,29.1176,18.924,0.3345
Ramanaickanpalayam,2021-11,0.5689,0.3731,27.4061,18.2712,0.3597
Samuthiram_1,2021-11,0.3698,0.2736,28.926,19.3446,0.3375
Sanarpatti,2021-11,0.3665,0.2613,28.1277,18.9979,0.3355
Sandhiyur,2021-11,0.3869,0.2634,29.2981,18.5211,0.3421
Sendarapatti,2021-11,0.5249,0.3384,28.0548,19.3639,0.3679
Singipuram,2021-11,0.5774,0.3728,29.8105,18.6884,0.3573
Siruvachur,2021-11,0.5586,0.3708,29.5272,19.2432,0.386
Sitteri,2021-11,0.5159,0.354,28.7705,18.3297,0.3743
Sukkampatti,2021-11,0.4123,0.2856,28.2395,19.7967,0.3498
Thekkampatti,2021-11,0.3147,0.2187,29.9177,18.5278,0.3436
Thuttampatti,2021-11,0.3783,0.2703,29.3054,19.1505,0.338
Vaikundham sankari Salem Tamil Nadu,2021-11,0.5595,0.3581,29.5235,18.6073,0.3664
Veerakal,2021-11,0.3488,0.2436,28.3223,19.0362,0.3354
Veppilaipatty,2021-11,0.4485,0.2973,28.746,19.1543,0.3536
Amaram_1,2021-12,0.6703,0.4097,29.0429,18.0841,0.2759
Ammapet_1,2021-12,0.5766,0.3424,28.9875,16.8226,0.2792
Ariyampatti,2021-12,0.6829,0.4288,29.6414,17.9809,0.2761
Avaniperur Keelmugam,2021-12,0.6055,0.3677,30.2759,17.0138,0.2681
Ayodhiyapattinam,2021-12,0.6372,0.3876,29.0595,16.8173,0.2884
Egapuram,2021-12,0.6264,0.3873,29.8384,17.7075,0.2705
Erumaipatti_1,2021-12,0.6059,0.3655,29.6286,16.3412,0.2719
Erumaipatti_2,2021-12,0.6007,0.3648,29.7955,16.7982,0.2708
Gundakkal,2021-12,0.6825,0.3925,28.4311,18.7153,0.2805
Hasthampati,2021-12,0.4831,0.2878,30.2359,15.773,0.2868
Hasthampatti,2021-12,0.5267,0.3109,29.7621,16.2242,0.2879
Illupanatham_1,2021-12,0.6108,0.3657,29.3595,16.8123,0.3474
Inam Bairoji,2021-12,0.6385,0.3996,29.6679,16.8034,0.2784
Kadambur,2021-12,0.6839,0.4211,28.2576,18.4186,0.3121
Kullampatti,2021-12,0.6403,0.4051,29.0501,17.571,0.2695
M.Chettipatti,2021-12,0.6465,0.3852,29.9193,17.1867,0.2784
Manjakalpatti,2021-12,0.6001,0.362,29.0586,16.3964,0.2714
Mannarpalayam,2021-12,0.6559,0.4084,29.2509,17.3815,0.3015
Moolakadu,2021-12,0.5058,0.2616,27.2426,19.0588,0.2501
Murungapatty,2021-12,0.6727,0.4137,28.7582,17.9431,0.2792
Muthiyampatti,2021-12,0.6575,0.4002,30.0619,18.2582,0.2734
Nadupatty,2021-12,0.6553,0.389,28.9521,18.1047,0.2803
Navapatti,2021-12,0.7241,0.4431,26.0752,21.3816,0.2433
Pannavadi,2021-12,0.4336,0.2159,28.8269,17.7432,0.2397
Pappanaickanpatti,2021-12,0.7903,0.4986,24.8467,24.8108,0.3115
Periyakadampatty,2021-12,0.6528,0.3927,29.8559,17.3024,0.2772
Pillukurichi,2021-12,0.6396,0.4082,28.7355,17.9069,0.2571
Pulluthikuttai,2021-12,0.7278,0.4613,25.6524,23.7647,0.3048
Rajapalayam (TN-MWS01),2021-12,0.5214,0.3002,29.9015,16.3297,0.3612
Ramagudal,2021-12,0.6689,0.4374,28.5265,18.0624,0.2721
Ramanaickanpalayam,2021-12,0.6702,0.4208,29.5073,17.4352,0.3122
Samuthiram_1,2021-12,0.659,0.4014,30.0562,18.3864,0.2741
Sanarpatti,2021-12,0.6943,0.431,28.6195,18.0792,0.2714
Sandhiyur,2021-12,0.6228,0.3787,29.411,16.5078,0.2769
Sendarapatti,2021-12,0.6894,0.4281,28.6227,18.629,0.3281
Singipuram,2021-12,0.649,0.4002,29.5428,16.9863,0.3043
Siruvachur,2021-12,0.6421,0.404,29.4068,18.2668,0.3622
Sitteri,2021-12,0.6013,0.3534,29.6266,16.7773,0.3558
Sukkampatti,2021-12,0.6864,0.429,28.1888,19.2511,0.2929
Thekkampatti,2021-12,0.6005,0.3477,29.6956,16.8251,0.2844
Thuttampatti,2021-12,0.6452,0.3965,30.0528,17.7095,0.2756
Vaikundham sankari Salem Tamil Nadu,2021-12,0.663,0.3831,30.0431,19.2787,0.3168
Veerakal,2021-12,0.7098,0.4326,28.3484,18.1769,0.2732
Veppilaipatty,2021-12,0.6653,0.4078,28.6896,17.3535,0.2973
Amaram_1,2022-01,0.5385,0.335,30.4362,15.7705,0.213
Ammapet_1,2022-01,0.498,0.2882,29.8653,15.2677,0.2131
Ariyampatti,2022-01,0.5528,0.3481,30.6146,15.5103,0.2101
Avaniperur Keelmugam,2022-01,0.5264,0.3144,30.712,15.6963,0.2042
Ayodhiyapattinam,2022-01,0.541,0.3139,30.1498,15.0758,0.2223
Egapuram,2022-01,0.5229,0.3196,31.0634,15.0901,0.2031
Erumaipatti_1,2022-01,0.4918,0.2976,30.2652,14.3008,0.199
Erumaipatti_2,2022-01,0.4984,0.3002,30.9437,14.4292,0.2008
Gundakkal,2022-01,0.5776,0.343,29.5923,17.3433,0.2147
Hasthampati,2022-01,0.4151,0.25,30.9269,14.1529,0.2206
Hasthampatti,2022-01,0.4504,0.2669,30.6011,14.5969,0.222
Illupanatham_1,2022-01,0.5448,0.3273,31.2589,17.5973,0.2652
Inam Bairoji,2022-01,0.5572,0.3358,30.519,15.4512,0.2031
Kadambur,2022-01,0.6245,0.3874,29.6441,18.7411,0.2337
Kullampatti,2022-01,0.5312,0.3353,29.2178,15.714,0.2035
M.Chettipatti,2022-01,0.5302,0.3145,30.7613,15.1455,0.2111
Manjakalpatti,2022-01,0.4923,0.3007,29.8931,14.5793,0.1997
Mannarpalayam,2022-01,0.5601,0.3345,30.8954,16.1963,0.2353
Moolakadu,2022-01,0.393,0.228,27.2122,18.1622,0.183
Murungapatty,2022-01,0.5796,0.3501,29.5116,16.5217,0.2099
Muthiyampatti,2022-01,0.5692,0.3378,30.4932,16.265,0.207
Nadupatty,2022-01,0.5614,0.3329,30.1139,16.7034,0.2131
Navapatti,2022-01,0.6456,0.3985,25.7888,20.7533,0.1808
Pannavadi,2022-01,0.3604,0.2016,28.5709,16.9653,0.1692
Pappanaickanpatti,2022-01,0.7458,0.4483,26.0022,24.7323,0.2415
Periyakadampatty,2022-01,0.54,0.3243,30.6652,15.2994,0.2105
Pillukurichi,2022-01,0.5724,0.3652,28.3372,16.8322,0.1917
Pulluthikuttai,2022-01,0.7294,0.4317,26.1219,23.7222,0.2362
Rajapalayam (TN-MWS01),2022-01,0.5133,0.3028,30.9357,17.3017,0.2796
Ramagudal,2022-01,0.5522,0.3505,28.6368,15.9849,0.2026
Ramanaickanpalayam,2022-01,0.5839,0.356,30.7797,17.8751,0.2397
Samuthiram_1,2022-01,0.5663,0.3369,30.5528,16.2641,0.2075
Sanarpatti,2022-01,0.5696,0.3579,29.3262,16.3362,0.2084
Sandhiyur,2022-01,0.5377,0.3345,30.6823,14.8975,0.2041
Sendarapatti,2022-01,0.6033,0.3502,30.0575,18.5904,0.247
Singipuram,2022-01,0.5511,0.3259,31.3388,16.1468,0.2364
Siruvachur,2022-01,0.5848,0.3659,30.5256,18.7508,0.2976
Sitteri,2022-01,0.5455,0.3382,31.238,17.6581,0.275
Sukkampatti,2022-01,0.6089,0.3616,29.0549,17.5388,0.227
Thekkampatti,2022-01,0.5121,0.2902,29.9838,14.8676,0.2169
Thuttampatti,2022-01,0.5422,0.3316,30.6694,15.6413,0.2094
Vaikundham sankari Salem Tamil Nadu,2022-01,0.64,0.3601,29.026,22.1883,0.2342
Veerakal,2022-01,0.5732,0.3585,29.2222,16.1829,0.2093
Veppilaipatty,2022-01,0.5872,0.3521,29.7055,15.8392,0.2334
Amaram_1,2022-02,0.4137,0.2398,36.5227,7.899,0.1497
Ammapet_1,2022-02,0.4529,0.2554,33.3943,9.1551,0.1476
Ariyampatti,2022-02,0.4208,0.2445,36.6241,7.8407,0.1414
Avaniperur Keelmugam,2022-02,0.4344,0.2633,36.4141,9.1644,0.1349
Ayodhiyapattinam,2022-02,0.4744,0.2698,33.8151,8.9821,0.1516
Egapuram,2022-02,0.4156,0.2563,36.8226,8.0911,0.1341
Erumaipatti_1,2022-02,0.3894,0.229,36.4622,7.1826,0.1279
Erumaipatti_2,2022-02,0.3986,0.2513,36.8252,7.5212,0.1306
Gundakkal,2022-02,0.4698,0.2587,34.4819,9.4749,0.1528
Hasthampati,2022-02,0.3836,0.2312,34.4795,8.0082,0.1553
Hasthampatti,2022-02,0.4165,0.2476,33.9316,8.6816,0.1563
Illupanatham_1,2022-02,0.4961,0.3099,34.4571,9.2826,0.197
Inam Bairoji,2022-02,0.4818,0.284,34.7789,9.5402,0.1347
Kadambur,2022-02,0.5359,0.3055,32.0492,9.7817,0.1631
Kullampatti,2022-02,0.4287,0.2549,35.2539,8.8938,0.1305
M.Chettipatti,2022-02,0.4389,0.2597,36.3197,8.4923,0.1432
Manjakalpatti,2022-02,0.3945,0.2356,35.6204,7.3847,0.1281
Mannarpalayam,2022-02,0.4906,0.2826,34.332,9.3876,0.1606
Moolakadu,2022-02,0.3821,0.1958,30.7018,10.6824,0.1186
Murungapatty,2022-02,0.4783,0.2716,34.5425,9.5095,0.143
Muthiyampatti,2022-02,0.4609,0.2708,36.0434,9.5829,0.1381
Nadupatty,2022-02,0.4624,0.2547,34.7751,9.2689,0.1485
Navapatti,2022-02,0.5656,0.3128,29.871,13.6595,0.1177
Pannavadi,2022-02,0.3358,0.1888,32.2391,10.7747,0.1093
Pappanaickanpatti,2022-02,0.683,0.3693,29.0961,18.6481,0.165
Periyakadampatty,2022-02,0.4396,0.261,36.355,8.5247,0.1423
Pillukurichi,2022-02,0.478,0.2815,33.7917,9.9492,0.1231
Pulluthikuttai,2022-02,0.6564,0.3604,29.7243,17.3609,0.1603
Rajapalayam (TN-MWS01),2022-02,0.4759,0.305,33.0192,8.838,0.2069
Ramagudal,2022-02,0.4462,0.2626,34.6027,8.6947,0.1234
Ramanaickanpalayam,2022-02,0.5055,0.305,33.4629,9.3092,0.1652
Samuthiram_1,2022-02,0.4512,0.2644,36.2024,9.3246,0.1387
Sanarpatti,2022-02,0.475,0.2784,34.3989,8.9266,0.1397
Sandhiyur,2022-02,0.4568,0.2722,34.4342,8.7642,0.1369
Sendarapatti,2022-02,0.5235,0.2929,32.7906,10.3543,0.1563
Singipuram,2022-02,0.4782,0.2796,34.8502,9.2146,0.1614
Siruvachur,2022-02,0.5865,0.3623,32.4197,12.9979,0.2329
Sitteri,2022-02,0.4836,0.3057,33.9955,9.0895,0.2049
Sukkampatti,2022-02,0.5271,0.2936,32.7477,11.424,0.1532
Thekkampatti,2022-02,0.4446,0.2481,33.9217,8.4614,0.1517
Thuttampatti,2022-02,0.4258,0.257,36.6747,8.3657,0.1407
Vaikundham sankari Salem Tamil Nadu,2022-02,0.586,0.4006,32.7072,15.999,0.1431
Veerakal,2022-02,0.4796,0.2813,34.1993,8.9689,0.1414
Veppilaipatty,2022-02,0.5112,0.2889,33.1856,9.6279,0.16
Amaram_1,2022-03,0.3659,0.2271,38.5358,5.6954,0.1326
Ammapet_1,2022-03,0.4371,0.2649,35.1088,7.9511,0.1271
Ariyampatti,2022-03,0.3602,0.2211,39.906,5.5568,0.1253
Avaniperur Keelmugam,2022-03,0.3728,0.2244,39.2195,5.6076,0.1215
Ayodhiyapattinam,2022-03,0.4643,0.2798,35.3909,7.855,0.129
Egapuram,2022-03,0.3654,0.2254,39.8683,5.9177,0.1222
Erumaipatti_1,2022-03,0.3687,0.2335,37.9678,5.5349,0.1163
Erumaipatti_2,2022-03,0.3624,0.2184,39.5817,5.4545,0.12
Gundakkal,2022-03,0.4161,0.2429,36.2005,7.0965,0.1353
Hasthampati,2022-03,0.3791,0.2405,35.974,6.9712,0.1338
Hasthampatti,2022-03,0.4064,0.2523,35.5625,7.656,0.1341
Illupanatham_1,2022-03,0.4943,0.3126,36.4531,9.6699,0.1507
Inam Bairoji,2022-03,0.4494,0.2831,37.1309,7.8592,0.1219
Kadambur,2022-03,0.4951,0.2822,34.215,9.9694,0.1332
Kullampatti,2022-03,0.3909,0.242,37.8968,6.005,0.1182
M.Chettipatti,2022-03,0.3969,0.2439,37.9068,6.4875,0.1265
Manjakalpatti,2022-03,0.3611,0.2221,37.3447,5.3618,0.1171
Mannarpalayam,2022-03,0.4434,0.263,36.185,7.9801,0.1356
Moolakadu,2022-03,0.3175,0.1786,32.0082,7.1846,0.112
Murungapatty,2022-03,0.427,0.2551,37.1437,7.3584,0.1269
Muthiyampatti,2022-03,0.388,0.2328,39.7576,6.0544,0.1239
Nadupatty,2022-03,0.4257,0.2492,36.6543,7.1769,0.1321
Navapatti,2022-03,0.4646,0.2773,31.4426,8.6226,0.1082
Pannavadi,2022-03,0.2881,0.1752,34.5813,7.333,0.1055
Pappanaickanpatti,2022-03,0.5825,0.3055,30.9367,13.9369,0.1371
Periyakadampatty,2022-03,0.3938,0.2438,38.1994,6.4356,0.1259
Pillukurichi,2022-03,0.4249,0.2632,36.6449,7.0624,0.1131
Pulluthikuttai,2022-03,0.5586,0.2968,32.4768,12.539,0.1334
Rajapalayam (TN-MWS01),2022-03,0.4271,0.2675,37.5143,7.9003,0.1634
Ramagudal,2022-03,0.4068,0.2611,36.8824,6.5476,0.1105
Ramanaickanpalayam,2022-03,0.4895,0.2854,35.4502,9.6335,0.136
Samuthiram_1,2022-03,0.3818,0.2314,39.9046,6.0283,0.1241
Sanarpatti,2022-03,0.4067,0.2421,37.2613,6.2683,0.1242
Sandhiyur,2022-03,0.4502,0.2897,35.3166,7.6555,0.1239
Sendarapatti,2022-03,0.4829,0.2635,36.235,9.1178,0.1317
Singipuram,2022-03,0.4349,0.261,36.8206,8.1888,0.1351
Siruvachur,2022-03,0.5649,0.3263,34.3359,11.8672,0.1869
Sitteri,2022-03,0.4767,0.2923,36.0621,9.2632,0.1538
Sukkampatti,2022-03,0.5002,0.2876,34.8329,9.1808,0.1299
Thekkampatti,2022-03,0.4351,0.2606,35.5077,7.5626,0.132
Thuttampatti,2022-03,0.3736,0.2352,39.828,6.0408,0.125
Vaikundham sankari Salem Tamil Nadu,2022-03,0.4864,0.3083,35.522,8.9296,0.1322
Veerakal,2022-03,0.414,0.2548,36.4184,6.7205,0.1257
Veppilaipatty,2022-03,0.4719,0.2793,35.0273,7.9147,0.1375
Amaram_1,2022-04,0.3809,0.2322,40.221,6.1104,0.1493
Ammapet_1,2022-04,0.5105,0.3376,35.1938,10.7745,0.1471
Ariyampatti,2022-04,0.389,0.2426,40.0442,6.4196,0.1472
Avaniperur Keelmugam,2022-04,0.4079,0.2562,39.3275,7.4139,0.1477
Ayodhiyapattinam,2022-04,0.5395,0.347,35.6336,10.972,0.1484
Egapuram,2022-04,0.4093,0.2565,39.506,7.125,0.1485
Erumaipatti_1,2022-04,0.4276,0.2923,37.3462,8.0697,0.1465
Erumaipatti_2,2022-04,0.4101,0.2659,38.5313,7.1461,0.1478
Gundakkal,2022-04,0.4495,0.2645,37.1875,7.9201,0.1487
Hasthampati,2022-04,0.454,0.3108,36.0677,9.4531,0.1541
Hasthampatti,2022-04,0.4871,0.3276,35.593,10.2915,0.154
Illupanatham_1,2022-04,0.4511,0.2875,39.9686,9.018,0.1441
Inam Bairoji,2022-04,0.5047,0.3313,37.4073,9.4856,0.1487
Kadambur,2022-04,0.483,0.2856,37.6747,9.604,0.1435
Kullampatti,2022-04,0.4828,0.3154,36.5872,9.131,0.1453
M.Chettipatti,2022-04,0.4446,0.2675,38.5384,7.4252,0.1483
Manjakalpatti,2022-04,0.432,0.2968,36.4128,8.2262,0.1465
Mannarpalayam,2022-04,0.4922,0.3041,36.7673,9.212,0.15
Moolakadu,2022-04,0.3508,0.2262,33.8075,9.8098,0.1316
Murungapatty,2022-04,0.4929,0.2989,37.4191,8.9854,0.1503
Muthiyampatti,2022-04,0.4063,0.2486,39.9989,7.0939,0.1477
Nadupatty,2022-04,0.4908,0.2891,36.7314,8.8978,0.1467
Navapatti,2022-04,0.5741,0.3747,32.8165,13.1482,0.1313
Pannavadi,2022-04,0.2932,0.1811,36.0708,8.1199,0.1233
Pappanaickanpatti,2022-04,0.6274,0.3574,33.0824,14.7991,0.1506
Periyakadampatty,2022-04,0.4343,0.264,39.0838,7.2429,0.1477
Pillukurichi,2022-04,0.4957,0.3171,36.3333,9.6961,0.1377
Pulluthikuttai,2022-04,0.5869,0.3353,33.5116,13.8094,0.1488
Rajapalayam (TN-MWS01),2022-04,0.3797,0.2335,42.0554,7.113,0.1476
Ramagudal,2022-04,0.5047,0.3363,35.2544,9.5923,0.1409
Ramanaickanpalayam,2022-04,0.4991,0.3144,37.6374,9.7983,0.149
Samuthiram_1,2022-04,0.4014,0.2455,40.0682,7.0332,0.1477
Sanarpatti,2022-04,0.4601,0.2968,37.3383,8.2594,0.1464
Sandhiyur,2022-04,0.524,0.348,36.0792,10.0485,0.1492
Sendarapatti,2022-04,0.4896,0.2974,37.6613,9.8675,0.1471
Singipuram,2022-04,0.4832,0.3025,37.5141,9.3334,0.1497
Siruvachur,2022-04,0.4916,0.3085,38.0876,10.2854,0.1824
Sitteri,2022-04,0.4347,0.2773,40.0035,8.8408,0.1448
Sukkampatti,2022-04,0.6011,0.3749,34.2358,13.2082,0.149
Thekkampatti,2022-04,0.5101,0.3175,35.9956,10.163,0.1528
Thuttampatti,2022-04,0.3962,0.2468,40.2126,6.8477,0.1473
Vaikundham sankari Salem Tamil Nadu,2022-04,0.5219,0.336,37.0262,10.6721,0.1722
Veerakal,2022-04,0.4742,0.3082,37.0759,8.5258,0.1469
Veppilaipatty,2022-04,0.5285,0.3266,35.5221,9.89,0.1533
Amaram_1,2022-05,0.5206,0.3409,36.0941,10.5959,0.2201
Ammapet_1,2022-05,0.562,0.3581,33.5242,13.4564,0.1984
Ariyampatti,2022-05,0.5118,0.3289,36.7076,10.6792,0.2129
Avaniperur Keelmugam,2022-05,0.5379,0.3536,35.1109,11.6614,0.2113
Ayodhiyapattinam,2022-05,0.5903,0.3782,33.4234,12.9169,0.199
Egapuram,2022-05,0.5004,0.3246,35.5723,10.7886,0.2117
Erumaipatti_1,2022-05,0.5235,0.3546,35.0888,11.1993,0.2043
Erumaipatti_2,2022-05,0.5001,0.3355,35.0674,10.6483,0.2105
Gundakkal,2022-05,0.6045,0.3906,34.988,13.3804,0.2177
Hasthampati,2022-05,0.483,0.3073,34.8123,12.3947,0.2073
Hasthampatti,2022-05,0.5178,0.3261,34.3191,13.2369,0.2068
Illupanatham_1,2022-05,0.4994,0.3065,37.7127,9.7239,0.1933
Inam Bairoji,2022-05,0.5886,0.3886,34.4142,13.5335,0.2075
Kadambur,2022-05,0.6264,0.3862,33.6356,12.0089,0.1909
Kullampatti,2022-05,0.6136,0.3942,32.674,14.5931,0.2102
M.Chettipatti,2022-05,0.539,0.3482,36.9213,11.1668,0.2123
Manjakalpatti,2022-05,0.538,0.3731,33.6197,11.7586,0.2075
Mannarpalayam,2022-05,0.5442,0.3313,36.1708,11.1391,0.1989
Moolakadu,2022-05,0.4691,0.2862,31.1896,17.0809,0.2017
Murungapatty,2022-05,0.5766,0.3735,35.4269,12.455,0.2116
Muthiyampatti,2022-05,0.529,0.3393,35.8161,11.2601,0.2124
Nadupatty,2022-05,0.6063,0.3857,34.9659,13.6125,0.2128
Navapatti,2022-05,0.6739,0.4546,30.0597,20.5408,0.1954
Pannavadi,2022-05,0.378,0.2186,32.9656,13.0398,0.1965
Pappanaickanpatti,2022-05,0.7443,0.4437,29.8043,20.6037,0.1977
Periyakadampatty,2022-05,0.5318,0.3432,36.7927,10.9639,0.2126
Pillukurichi,2022-05,0.6187,0.4004,32.5214,15.0026,0.2028
Pulluthikuttai,2022-05,0.6854,0.391,31.153,17.5615,0.1971
Rajapalayam (TN-MWS01),2022-05,0.4068,0.2346,39.9456,8.0047,0.1906
Ramagudal,2022-05,0.591,0.3853,33.4969,13.9462,0.2063
Ramanaickanpalayam,2022-05,0.5862,0.3645,34.7816,11.5519,0.1985
Samuthiram_1,2022-05,0.5247,0.3344,35.9754,11.1956,0.2125
Sanarpatti,2022-05,0.5771,0.3844,34.4207,12.8482,0.2125
Sandhiyur,2022-05,0.5846,0.385,34.2861,12.9431,0.2032
Sendarapatti,2022-05,0.5933,0.3476,35.0468,11.9362,0.192
Singipuram,2022-05,0.5434,0.3385,36.4224,10.7747,0.1987
Siruvachur,2022-05,0.5266,0.3078,36.5399,10.9197,0.2229
Sitteri,2022-05,0.5052,0.3142,37.4051,10.1177,0.1937
Sukkampatti,2022-05,0.6403,0.4008,32.0044,15.8933,0.1995
Thekkampatti,2022-05,0.5494,0.3376,35.3706,12.5006,0.2099
Thuttampatti,2022-05,0.505,0.3223,36.9099,10.5027,0.2128
Vaikundham sankari Salem Tamil Nadu,2022-05,0.4892,0.2988,36.9101,11.613,0.2126
Veerakal,2022-05,0.5982,0.3953,34.122,13.4663,0.2139
Veppilaipatty,2022-05,0.5695,0.3356,34.9108,11.9783,0.2012
Amaram_1,2022-06,0.6405,0.4345,32.0067,15.1001,0.213
Ammapet_1,2022-06,0.5464,0.385,33.5446,14.87,0.1892
Ariyampatti,2022-06,0.6408,0.4253,33.1505,14.3103,0.2061
Avaniperur Keelmugam,2022-06,0.5749,0.3772,35.207,14.4634,0.2021
Ayodhiyapattinam,2022-06,0.5705,0.3883,33.3411,14.0028,0.1902
Egapuram,2022-06,0.5195,0.3305,37.4393,12.748,0.2019
Erumaipatti_1,2022-06,0.5222,0.3433,35.2384,13.0446,0.1897
Erumaipatti_2,2022-06,0.4945,0.3255,37.4536,12.5487,0.1986
Gundakkal,2022-06,0.6332,0.3947,32.2709,16.3986,0.2105
Hasthampati,2022-06,0.4671,0.3217,35.05,13.6059,0.1992
Hasthampatti,2022-06,0.5,0.3442,34.409,14.1206,0.1989
Illupanatham_1,2022-06,0.529,0.3097,38.1647,10.1912,0.1902
Inam Bairoji,2022-06,0.5898,0.3853,35.109,14.1056,0.1928
Kadambur,2022-06,0.6057,0.357,34.9303,12.7499,0.1874
Kullampatti,2022-06,0.5937,0.3865,34.0515,15.3647,0.2002
M.Chettipatti,2022-06,0.5788,0.3829,34.6029,13.6365,0.2051
Manjakalpatti,2022-06,0.5219,0.3559,34.8179,13.3124,0.1937
Mannarpalayam,2022-06,0.5718,0.3513,35.4805,12.4366,0.1938
Moolakadu,2022-06,0.449,0.2895,29.8933,18.6257,0.1918
Murungapatty,2022-06,0.5931,0.3769,35.0931,14.237,0.2021
Muthiyampatti,2022-06,0.6273,0.4216,34.7769,15.0417,0.2043
Nadupatty,2022-06,0.6241,0.401,33.0606,16.0018,0.2063
Navapatti,2022-06,0.6061,0.4143,27.5395,20.6936,0.1874
Pannavadi,2022-06,0.3633,0.2349,32.1636,15.7712,0.1839
Pappanaickanpatti,2022-06,0.7476,0.4542,30.8708,21.5094,0.1955
Periyakadampatty,2022-06,0.5943,0.3942,34.1811,13.7333,0.2057
Pillukurichi,2022-06,0.6442,0.4348,32.149,16.6534,0.1944
Pulluthikuttai,2022-06,0.6924,0.3656,31.7734,17.5382,0.1938
Rajapalayam (TN-MWS01),2022-06,0.4522,0.2375,40.1955,8.5648,0.1925
Ramagudal,2022-06,0.6038,0.3628,34.0376,14.6112,0.1938
Ramanaickanpalayam,2022-06,0.5834,0.3954,35.5823,12.4921,0.1954
Samuthiram_1,2022-06,0.6227,0.4183,34.9568,15.0215,0.2046
Sanarpatti,2022-06,0.6213,0.4064,31.1996,14.9087,0.2057
Sandhiyur,2022-06,0.5723,0.3838,34.469,13.7563,0.1898
Sendarapatti,2022-06,0.6164,0.348,35.2997,12.4855,0.1922
Singipuram,2022-06,0.5437,0.3365,36.384,11.7749,0.1943
Siruvachur,2022-06,0.4981,0.284,38.3223,10.6864,0.2201
Sitteri,2022-06,0.5232,0.3151,38.2862,10.4126,0.1906
Sukkampatti,2022-06,0.6417,0.4096,32.0245,16.0652,0.1911
Thekkampatti,2022-06,0.5499,0.3677,34.8167,13.8486,0.2021
Thuttampatti,2022-06,0.5866,0.3913,35.5186,14.0349,0.2057
Vaikundham sankari Salem Tamil Nadu,2022-06,0.435,0.2754,37.9584,10.7708,0.1968
Veerakal,2022-06,0.6629,0.4287,31.1712,15.5178,0.2069
Veppilaipatty,2022-06,0.5999,0.3847,33.6865,13.7084,0.1941
Amaram_1,2022-07,0.5998,0.427,32.9244,16.8328,0.2298
Ammapet_1,2022-07,0.521,0.369,32.9217,15.8147,0.2208
Ariyampatti,2022-07,0.5808,0.4126,36.364,14.5961,0.2206
Avaniperur Keelmugam,2022-07,0.5839,0.4175,36.4477,14.6625,0.2137
Ayodhiyapattinam,2022-07,0.5781,0.41,32.4087,15.473,0.223
Egapuram,2022-07,0.534,0.3694,37.6197,13.1511,0.2173
Erumaipatti_1,2022-07,0.5323,0.3609,35.158,12.557,0.2068
Erumaipatti_2,2022-07,0.5555,0.3783,36.3041,12.5346,0.2144
Gundakkal,2022-07,0.5272,0.3602,29.3501,19.1179,0.2306
Hasthampati,2022-07,0.4393,0.3076,34.0729,14.27,0.2286
Hasthampatti,2022-07,0.4744,0.3303,33.3232,15.1157,0.2287
Illupanatham_1,2022-07,0.4647,0.2914,37.6733,10.6285,0.2079
Inam Bairoji,2022-07,0.5826,0.3958,32.7718,14.4642,0.2168
Kadambur,2022-07,0.6022,0.4118,33.1893,13.6457,0.2163
Kullampatti,2022-07,0.5857,0.4036,33.1885,15.0375,0.2101
M.Chettipatti,2022-07,0.5894,0.408,35.5817,14.2439,0.2219
Manjakalpatti,2022-07,0.5347,0.3636,35.3778,12.5255,0.2083
Mannarpalayam,2022-07,0.599,0.4326,33.6433,14.1125,0.2269
Moolakadu,2022-07,0.4542,0.3061,30.6374,20.9973,0.2084
Murungapatty,2022-07,0.5702,0.391,34.8339,14.5133,0.222
Muthiyampatti,2022-07,0.5913,0.4149,36.8548,15.1138,0.219
Nadupatty,2022-07,0.5249,0.3582,29.8996,18.834,0.2282
Navapatti,2022-07,0.6459,0.4824,29.9615,20.5108,0.2003
Pannavadi,2022-07,0.3566,0.2217,32.8084,19.0719,0.2033
Pappanaickanpatti,2022-07,0.6638,0.4274,29.0943,22.4361,0.2188
Periyakadampatty,2022-07,0.5887,0.4091,35.7176,14.1032,0.2212
Pillukurichi,2022-07,0.6182,0.4449,31.5966,17.1276,0.2062
Pulluthikuttai,2022-07,0.6324,0.4535,29.3781,19.087,0.221
Rajapalayam (TN-MWS01),2022-07,0.3909,0.2304,39.9317,8.831,0.2026
Ramagudal,2022-07,0.5404,0.3644,34.2386,14.4572,0.2057
Ramanaickanpalayam,2022-07,0.5707,0.3986,34.8492,13.3673,0.2233
Samuthiram_1,2022-07,0.5847,0.4066,36.8117,15.0512,0.2194
Sanarpatti,2022-07,0.6013,0.4332,31.3959,16.0142,0.2188
Sandhiyur,2022-07,0.5593,0.3836,31.2652,14.0677,0.2203
Sendarapatti,2022-07,0.5831,0.3927,33.4842,13.5379,0.2258
Singipuram,2022-07,0.576,0.421,34.3595,13.4031,0.2253
Siruvachur,2022-07,0.5143,0.3348,34.0416,11.7448,0.234
Sitteri,2022-07,0.4991,0.333,36.7892,11.3567,0.2054
Sukkampatti,2022-07,0.6115,0.436,30.779,17.7655,0.2242
Thekkampatti,2022-07,0.5592,0.3822,31.2959,15.3844,0.2272
Thuttampatti,2022-07,0.5582,0.3835,37.5489,13.9725,0.2203
Vaikundham sankari Salem Tamil Nadu,2022-07,0.4288,0.2748,38.1617,12.7057,0.2522
Veerakal,2022-07,0.6204,0.4602,30.7142,17.1393,0.221
Veppilaipatty,2022-07,0.6158,0.4349,32.1647,15.5047,0.2279
Amaram_1,2022-08,0.5793,0.3685,33.4678,18.5969,0.2711
Ammapet_1,2022-08,0.5791,0.3668,32.0846,18.697,0.2566
Ariyampatti,2022-08,0.5577,0.3519,34.887,17.4401,0.2599
Avaniperur Keelmugam,2022-08,0.63,0.4311,33.2572,19.3685,0.2546
Ayodhiyapattinam,2022-08,0.6412,0.4077,31.9576,18.6814,0.2607
Egapuram,2022-08,0.6017,0.4014,34.4482,18.7534,0.2562
Erumaipatti_1,2022-08,0.6064,0.409,31.6553,17.463,0.248
Erumaipatti_2,2022-08,0.6317,0.4451,32.7809,18.7076,0.2542
Gundakkal,2022-08,0.6553,0.4236,32.0501,21.8779,0.2747
Hasthampati,2022-08,0.4808,0.3065,33.7712,17.4717,0.2653
Hasthampatti,2022-08,0.5216,0.331,33.0477,18.1472,0.2656
Illupanatham_1,2022-08,0.5262,0.3315,39.7199,14.7527,0.2469
Inam Bairoji,2022-08,0.6578,0.4197,31.7127,18.974,0.2538
Kadambur,2022-08,0.633,0.4172,33.4555,17.3379,0.2458
Kullampatti,2022-08,0.6019,0.3993,31.6843,18.28,0.2533
M.Chettipatti,2022-08,0.5814,0.3712,33.5705,17.7335,0.2604
Manjakalpatti,2022-08,0.6056,0.4115,31.0437,17.4777,0.2503
Mannarpalayam,2022-08,0.6329,0.4055,34.6037,17.6373,0.2601
Moolakadu,2022-08,0.4344,0.2892,30.4994,23.8379,0.2534
Murungapatty,2022-08,0.6544,0.4351,32.2499,19.4154,0.259
Muthiyampatti,2022-08,0.5971,0.3779,34.9301,18.764,0.2583
Nadupatty,2022-08,0.6477,0.4151,32.2019,21.0652,0.2721
Navapatti,2022-08,0.6875,0.4693,28.645,25.4161,0.2415
Pannavadi,2022-08,0.395,0.2367,31.5199,21.6677,0.25
Pappanaickanpatti,2022-08,0.7624,0.4909,28.1863,26.4299,0.2633
Periyakadampatty,2022-08,0.5729,0.3637,33.9515,17.5905,0.2601
Pillukurichi,2022-08,0.6037,0.4131,30.9144,19.1821,0.2482
Pulluthikuttai,2022-08,0.7129,0.4608,29.0055,26.507,0.2627
Rajapalayam (TN-MWS01),2022-08,0.4453,0.2487,40.9554,13.337,0.2394
Ramagudal,2022-08,0.5511,0.3656,32.6638,17.2482,0.2483
Ramanaickanpalayam,2022-08,0.613,0.3887,35.0295,16.3986,0.2603
Samuthiram_1,2022-08,0.5871,0.371,35.1228,18.6167,0.2586
Sanarpatti,2022-08,0.6159,0.4061,32.5445,18.9226,0.2589
Sandhiyur,2022-08,0.6496,0.4112,30.9511,18.3496,0.2559
Sendarapatti,2022-08,0.6452,0.4083,33.8938,17.9446,0.2539
Singipuram,2022-08,0.603,0.3827,35.8183,16.682,0.2611
Siruvachur,2022-08,0.599,0.3845,35.5973,16.3479,0.2779
Sitteri,2022-08,0.5529,0.3616,38.3738,15.3187,0.2484
Sukkampatti,2022-08,0.6917,0.4499,30.6979,21.5765,0.2632
Thekkampatti,2022-08,0.5792,0.3666,32.2271,18.5383,0.2638
Thuttampatti,2022-08,0.5747,0.3707,34.9438,17.9255,0.2596
Vaikundham sankari Salem Tamil Nadu,2022-08,0.5518,0.345,36.1993,18.5089,0.3104
Veerakal,2022-08,0.6142,0.4053,32.6444,19.3255,0.2614
Veppilaipatty,2022-08,0.6688,0.4309,31.8643,18.8946,0.2597
Amaram_1,2022-09,0.5074,0.3241,35.5547,18.2859,0.2694
Ammapet_1,2022-09,0.4333,0.3068,34.1072,19.3661,0.2535
Ariyampatti,2022-09,0.4336,0.3025,36.6152,17.8465,0.2603
Avaniperur Keelmugam,2022-09,0.4755,0.3089,36.207,18.7087,0.2534
Ayodhiyapattinam,2022-09,0.4735,0.3299,33.6707,19.0165,0.2572
Egapuram,2022-09,0.4608,0.3033,36.4759,18.6116,0.2555
Erumaipatti_1,2022-09,0.558,0.4,35.2334,18.6262,0.249
Erumaipatti_2,2022-09,0.5026,0.3488,35.6257,18.901,0.2536
Gundakkal,2022-09,0.5909,0.3893,32.7414,22.7169,0.2715
Hasthampati,2022-09,0.3537,0.2507,36.2923,17.964,0.2635
Hasthampatti,2022-09,0.384,0.2665,35.4641,18.6804,0.2636
Illupanatham_1,2022-09,0.4279,0.2958,37.869,16.4082,0.2409
Inam Bairoji,2022-09,0.5348,0.3685,34.9193,18.9601,0.2529
Kadambur,2022-09,0.4592,0.3019,34.997,17.4718,0.2429
Kullampatti,2022-09,0.4866,0.3201,34.7183,19.1284,0.2515
M.Chettipatti,2022-09,0.4318,0.3,35.3322,18.2452,0.2607
Manjakalpatti,2022-09,0.5625,0.4134,34.4554,18.6637,0.25
Mannarpalayam,2022-09,0.5309,0.3696,34.4696,18.7303,0.2577
Moolakadu,2022-09,0.3752,0.2519,30.455,22.9125,0.2456
Murungapatty,2022-09,0.487,0.3431,34.0072,20.1471,0.2587
Muthiyampatti,2022-09,0.4546,0.2919,37.4798,18.0486,0.2581
Nadupatty,2022-09,0.5735,0.3755,34.1244,21.5199,0.2679
Navapatti,2022-09,0.522,0.3902,28.3032,24.0555,0.2373
Pannavadi,2022-09,0.3479,0.2294,31.8537,21.1201,0.2381
Pappanaickanpatti,2022-09,0.5374,0.3703,29.2821,29.0881,0.2568
Periyakadampatty,2022-09,0.4323,0.299,35.5696,18.0887,0.2605
Pillukurichi,2022-09,0.4828,0.3268,32.7649,19.8757,0.2451
Pulluthikuttai,2022-09,0.5578,0.3861,31.2499,26.6237,0.257
Rajapalayam (TN-MWS01),2022-09,0.3981,0.2701,41.02,15.6902,0.2376
Ramagudal,2022-09,0.5221,0.3609,33.792,19.0193,0.2484
Ramanaickanpalayam,2022-09,0.4573,0.3186,35.1054,17.3385,0.2555
Samuthiram_1,2022-09,0.4532,0.2924,37.3396,18.0904,0.2585
Sanarpatti,2022-09,0.4688,0.3388,33.629,18.9459,0.2587
Sandhiyur,2022-09,0.5297,0.3853,33.5643,18.9512,0.254
Sendarapatti,2022-09,0.4474,0.2923,34.4418,17.935,0.2573
Singipuram,2022-09,0.5075,0.3571,35.4316,17.7504,0.2575
Siruvachur,2022-09,0.4547,0.3219,35.662,17.8923,0.2777
Sitteri,2022-09,0.4303,0.3034,37.4762,16.5983,0.2417
Sukkampatti,2022-09,0.5419,0.3622,32.3504,21.8112,0.2593
Thekkampatti,2022-09,0.4205,0.2853,34.2627,18.951,0.2629
Thuttampatti,2022-09,0.4428,0.2962,36.442,18.2589,0.2599
Vaikundham sankari Salem Tamil Nadu,2022-09,0.4805,0.3342,37.246,18.9519,0.3123
Veerakal,2022-09,0.4681,0.329,33.9848,19.0698,0.2609
Veppilaipatty,2022-09,0.555,0.3891,33.0014,19.5108,0.2591
Amaram_1,2022-10,0.6226,0.4437,30.2988,19.5885,0.2874
Ammapet_1,2022-10,0.5843,0.4042,30.0935,19.6522,0.271
Ariyampatti,2022-10,0.6199,0.4438,29.7712,18.984,0.2781
Avaniperur Keelmugam,2022-10,0.5489,0.367,32.1421,18.2863,0.2694
Ayodhiyapattinam,2022-10,0.6334,0.4454,30.2045,19.4443,0.2736
Egapuram,2022-10,0.5621,0.3905,30.1951,18.6904,0.2711
Erumaipatti_1,2022-10,0.5925,0.4102,31.2175,18.5593,0.2653
Erumaipatti_2,2022-10,0.5547,0.3801,31.7127,18.375,0.2691
Gundakkal,2022-10,0.6614,0.4583,30.0841,21.8746,0.2898
Hasthampati,2022-10,0.487,0.3396,31.033,18.605,0.2804
Hasthampatti,2022-10,0.5211,0.3707,30.4303,19.2182,0.2804
Illupanatham_1,2022-10,0.7041,0.5328,32.3603,20.4274,0.2515
Inam Bairoji,2022-10,0.6156,0.4326,30.8803,19.0422,0.2713
Kadambur,2022-10,0.709,0.5146,30.2004,20.8629,0.2537
Kullampatti,2022-10,0.5886,0.4026,30.2851,18.8437,0.2671
M.Chettipatti,2022-10,0.5997,0.4106,30.0515,18.9409,0.2779
Manjakalpatti,2022-10,0.5939,0.4117,30.3432,18.7165,0.2662
Mannarpalayam,2022-10,0.6712,0.4856,30.4823,20.0193,0.2712
Moolakadu,2022-10,0.4827,0.2778,27.5303,21.6653,0.26
Murungapatty,2022-10,0.6384,0.452,27.7165,20.0009,0.2754
Muthiyampatti,2022-10,0.593,0.4022,30.2921,18.7146,0.2749
Nadupatty,2022-10,0.6486,0.4425,31.2037,21.1707,0.2866
Navapatti,2022-10,0.6796,0.4749,27.1339,24.167,0.2514
Pannavadi,2022-10,0.4372,0.2344,28.7937,20.3526,0.254
Pappanaickanpatti,2022-10,0.763,0.5303,28.229,27.7988,0.2667
Periyakadampatty,2022-10,0.602,0.4152,29.8661,18.9218,0.278
Pillukurichi,2022-10,0.5873,0.4005,29.1294,19.2844,0.2593
Pulluthikuttai,2022-10,0.7611,0.5359,28.3582,26.4826,0.2689
Rajapalayam (TN-MWS01),2022-10,0.7143,0.5546,31.3987,20.7363,0.2516
Ramagudal,2022-10,0.5884,0.3951,29.8333,18.6543,0.263
Ramanaickanpalayam,2022-10,0.6695,0.4901,30.7877,19.7136,0.2657
Samuthiram_1,2022-10,0.5941,0.4049,29.7961,18.8009,0.2755
Sanarpatti,2022-10,0.6496,0.47,29.146,19.8146,0.2756
Sandhiyur,2022-10,0.6251,0.4476,30.2181,19.0972,0.2727
Sendarapatti,2022-10,0.7018,0.5029,30.2954,20.9752,0.2726
Singipuram,2022-10,0.651,0.4696,30.3417,19.4976,0.2701
Siruvachur,2022-10,0.6903,0.5168,32.1127,20.779,0.2879
Sitteri,2022-10,0.6714,0.5042,32.139,19.8835,0.2525
Sukkampatti,2022-10,0.6963,0.4963,28.3297,21.7551,0.2749
Thekkampatti,2022-10,0.5975,0.4102,29.9294,19.5508,0.2796
Thuttampatti,2022-10,0.5895,0.4117,29.7551,18.8332,0.2775
Vaikundham sankari Salem Tamil Nadu,2022-10,0.507,0.3495,32.6927,19.0079,0.2934
Veerakal,2022-10,0.6565,0.479,28.6518,20.0866,0.2781
Veppilaipatty,2022-10,0.6822,0.4842,29.2507,20.0769,0.2738
Amaram_1,2022-11,0.671,0.423,28.5722,20.2799,0.2819
Ammapet_1,2022-11,0.6005,0.3512,29.8769,19.4694,0.2648
Ariyampatti,2022-11,0.672,0.4301,29.5473,19.9879,0.2789
Avaniperur Keelmugam,2022-11,0.5738,0.3394,30.3916,19.094,0.2684
Ayodhiyapattinam,2022-11,0.6516,0.3878,30.0203,19.2553,0.269
Egapuram,2022-11,0.6149,0.3769,30.047,19.2491,0.27
Erumaipatti_1,2022-11,0.5937,0.3712,29.5986,18.5554,0.264
Erumaipatti_2,2022-11,0.5741,0.3485,30.2526,18.6671,0.2672
Gundakkal,2022-11,0.6771,0.4061,28.3765,21.581,0.2814
Hasthampati,2022-11,0.4974,0.3008,30.8541,18.3872,0.2748
Hasthampatti,2022-11,0.5412,0.3259,30.3702,18.8002,0.275
Illupanatham_1,2022-11,0.7074,0.4887,30.1127,20.4219,0.2663
Inam Bairoji,2022-11,0.6406,0.3868,30.3616,18.8269,0.2674
Kadambur,2022-11,0.6925,0.4633,28.6352,21.1988,0.2576
Kullampatti,2022-11,0.6313,0.3904,28.9365,19.8899,0.2661
M.Chettipatti,2022-11,0.6435,0.3873,29.0013,19.5363,0.2782
Manjakalpatti,2022-11,0.5923,0.3712,29.3242,18.6657,0.2639
Mannarpalayam,2022-11,0.6605,0.4162,29.8047,19.8351,0.2696
Moolakadu,2022-11,0.4904,0.2645,26.8971,21.519,0.2548
Murungapatty,2022-11,0.6748,0.4078,28.7901,19.8463,0.2741
Muthiyampatti,2022-11,0.6507,0.3933,29.8656,20.3407,0.2749
Nadupatty,2022-11,0.6682,0.3966,29.14,20.8499,0.2785
Navapatti,2022-11,0.6793,0.4104,25.8819,23.1523,0.2496
Pannavadi,2022-11,0.4053,0.2213,28.5017,20.5935,0.244
Pappanaickanpatti,2022-11,0.7948,0.4834,25.45,26.7232,0.2709
Periyakadampatty,2022-11,0.6491,0.3959,28.9493,19.6734,0.2786
Pillukurichi,2022-11,0.6138,0.3807,28.441,19.7438,0.2586
Pulluthikuttai,2022-11,0.7835,0.4731,26.3547,25.6704,0.2694
Rajapalayam (TN-MWS01),2022-11,0.6824,0.4837,29.8662,20.9104,0.2656
Ramagudal,2022-11,0.634,0.3997,28.788,19.8696,0.2616
Ramanaickanpalayam,2022-11,0.6675,0.444,30.0292,19.873,0.2677
Samuthiram_1,2022-11,0.6568,0.4,29.8388,20.3951,0.2756
Sanarpatti,2022-11,0.6708,0.4237,28.2944,19.8788,0.2759
Sandhiyur,2022-11,0.6421,0.3822,29.296,18.8264,0.2653
Sendarapatti,2022-11,0.6306,0.4206,28.8477,21.0321,0.2806
Singipuram,2022-11,0.6355,0.4036,30.0846,19.583,0.2694
Siruvachur,2022-11,0.6887,0.4454,29.7568,20.9483,0.3067
Sitteri,2022-11,0.6772,0.4524,30.5235,20.1557,0.2713
Sukkampatti,2022-11,0.7076,0.4331,28.8215,21.0843,0.2713
Thekkampatti,2022-11,0.616,0.3604,29.7124,19.0498,0.2762
Thuttampatti,2022-11,0.6438,0.3999,29.6495,19.4802,0.2781
Vaikundham sankari Salem Tamil Nadu,2022-11,0.61,0.3651,29.0347,20.1369,0.307
Veerakal,2022-11,0.6808,0.4296,27.9999,20.1489,0.2775
Veppilaipatty,2022-11,0.6855,0.4205,29.3555,19.8575,0.2713
Amaram_1,2022-12,0.6388,0.3755,30.2015,15.1882,0.2717
Ammapet_1,2022-12,0.5704,0.3041,29.7808,14.5259,0.255
Ariyampatti,2022-12,0.6039,0.3704,29.7927,15.1494,0.2692
Avaniperur Keelmugam,2022-12,0.6281,0.3504,30.0944,15.449,0.2599
Ayodhiyapattinam,2022-12,0.6319,0.335,29.148,14.4128,0.2594
Egapuram,2022-12,0.5822,0.3389,30.2993,14.9505,0.2601
Erumaipatti_1,2022-12,0.5458,0.3092,30.4054,14.1065,0.2533
Erumaipatti_2,2022-12,0.5889,0.33,30.565,14.4698,0.2571
Gundakkal,2022-12,0.6446,0.3407,29.2046,15.4209,0.2695
Hasthampati,2022-12,0.4691,0.2632,31.2683,13.8624,0.2648
Hasthampatti,2022-12,0.5165,0.285,30.6145,14.3469,0.2652
Illupanatham_1,2022-12,0.5989,0.3307,30.2633,15.1458,0.266
Inam Bairoji,2022-12,0.6298,0.3678,30.1621,14.8663,0.2554
Kadambur,2022-12,0.5909,0.3326,28.0602,16.0145,0.2533
Kullampatti,2022-12,0.6671,0.4001,28.5039,16.3497,0.2585
M.Chettipatti,2022-12,0.6132,0.3521,30.1739,14.7083,0.2682
Manjakalpatti,2022-12,0.5659,0.3173,30.3507,14.2532,0.2541
Mannarpalayam,2022-12,0.6171,0.3335,29.6337,14.9899,0.2618
Moolakadu,2022-12,0.4626,0.2269,27.1917,16.4535,0.245
Murungapatty,2022-12,0.6234,0.3612,29.9344,14.8696,0.2635
Muthiyampatti,2022-12,0.6506,0.3707,29.9256,15.5352,0.2651
Nadupatty,2022-12,0.6257,0.3332,29.7098,15.0009,0.2663
Navapatti,2022-12,0.6563,0.3743,26.31,18.4829,0.2416
Pannavadi,2022-12,0.3923,0.2022,28.1435,15.8397,0.233
Pappanaickanpatti,2022-12,0.7834,0.4238,25.7171,22.4783,0.2656
Periyakadampatty,2022-12,0.6157,0.3602,30.0463,14.8324,0.2687
Pillukurichi,2022-12,0.6321,0.3738,28.6116,16.2958,0.2506
Pulluthikuttai,2022-12,0.7907,0.3956,26.1111,20.6934,0.2627
Rajapalayam (TN-MWS01),2022-12,0.5634,0.3001,30.1473,15.1592,0.2647
Ramagudal,2022-12,0.6395,0.3814,29.3874,16.2575,0.255
Ramanaickanpalayam,2022-12,0.6398,0.3754,28.6248,15.7951,0.2625
Samuthiram_1,2022-12,0.6432,0.3689,29.909,15.5269,0.2658
Sanarpatti,2022-12,0.5838,0.3522,28.9681,15.0635,0.2669
Sandhiyur,2022-12,0.6071,0.3453,30.2098,14.4071,0.2532
Sendarapatti,2022-12,0.6386,0.3513,28.7882,16.1034,0.2709
Singipuram,2022-12,0.611,0.3395,30.1077,14.8875,0.2623
Siruvachur,2022-12,0.6174,0.3463,30.4371,16.1691,0.3062
Sitteri,2022-12,0.5666,0.3145,30.2241,15.0751,0.2722
Sukkampatti,2022-12,0.6989,0.3679,28.0342,16.195,0.2617
Thekkampatti,2022-12,0.5681,0.3182,29.7996,14.3246,0.266
Thuttampatti,2022-12,0.6,0.3584,30.333,14.7817,0.2683
Vaikundham sankari Salem Tamil Nadu,2022-12,0.6439,0.3728,28.9914,18.1376,0.2977
Veerakal,2022-12,0.6213,0.3694,28.3305,15.299,0.268
Veppilaipatty,2022-12,0.6148,0.3248,28.6956,15.024,0.2628
Amaram_1,2023-01,0.5348,0.2982,30.3344,9.1441,0.2031
Ammapet_1,2023-01,0.5044,0.2863,29.385,9.1284,0.186
Ariyampatti,2023-01,0.5604,0.3173,30.8734,9.3571,0.1973
Avaniperur Keelmugam,2023-01,0.5483,0.3165,30.5933,10.3885,0.1873
Ayodhiyapattinam,2023-01,0.5465,0.3162,29.4437,9.4244,0.1895
Egapuram,2023-01,0.5352,0.2949,31.1928,9.1458,0.1864
Erumaipatti_1,2023-01,0.4865,0.2627,31.4253,7.739,0.177
Erumaipatti_2,2023-01,0.5224,0.2897,31.2355,8.6712,0.1824
Gundakkal,2023-01,0.5796,0.3118,29.8351,10.5559,0.2018
Hasthampati,2023-01,0.4221,0.2486,30.5398,7.8357,0.1971
Hasthampatti,2023-01,0.4626,0.2723,30.0446,8.8932,0.1976
Illupanatham_1,2023-01,0.5076,0.2959,31.1812,8.0795,0.1899
Inam Bairoji,2023-01,0.5626,0.3127,30.7269,10.0059,0.1811
Kadambur,2023-01,0.585,0.3569,29.0696,9.9263,0.1799
Kullampatti,2023-01,0.5313,0.3242,29.4221,10.5302,0.1819
M.Chettipatti,2023-01,0.5593,0.3087,30.4268,8.9586,0.1965
Manjakalpatti,2023-01,0.4919,0.2695,30.7335,7.9174,0.1785
Mannarpalayam,2023-01,0.5495,0.3136,30.329,8.9088,0.1923
Moolakadu,2023-01,0.4299,0.2114,26.885,11.679,0.163
Murungapatty,2023-01,0.5726,0.3079,30.0414,9.4267,0.1917
Muthiyampatti,2023-01,0.5843,0.3274,30.4878,10.7071,0.1925
Nadupatty,2023-01,0.5584,0.3003,30.2078,9.7586,0.1969
Navapatti,2023-01,0.6326,0.3439,25.5615,14.8027,0.1632
Pannavadi,2023-01,0.3852,0.2005,28.5751,11.6822,0.1488
Pappanaickanpatti,2023-01,0.7253,0.3995,25.2604,18.1093,0.1932
Periyakadampatty,2023-01,0.5655,0.3134,30.3708,9.1301,0.1969
Pillukurichi,2023-01,0.5965,0.3576,29.1119,11.8518,0.1714
Pulluthikuttai,2023-01,0.7131,0.4001,26.2529,18.7555,0.1917
Rajapalayam (TN-MWS01),2023-01,0.498,0.278,30.265,7.6789,0.1925
Ramagudal,2023-01,0.5546,0.3308,29.1507,10.8766,0.1721
Ramanaickanpalayam,2023-01,0.5757,0.3385,30.6313,10.0335,0.1915
Samuthiram_1,2023-01,0.5784,0.322,30.6009,10.4488,0.1933
Sanarpatti,2023-01,0.5739,0.3195,29.3756,9.9644,0.1953
Sandhiyur,2023-01,0.5299,0.307,30.5211,8.7798,0.1798
Sendarapatti,2023-01,0.5919,0.3304,29.1737,10.7266,0.1892
Singipuram,2023-01,0.5407,0.3157,30.7359,8.7933,0.1924
Siruvachur,2023-01,0.5612,0.3284,30.6533,10.5586,0.2414
Sitteri,2023-01,0.4998,0.2912,31.1655,8.1701,0.1947
Sukkampatti,2023-01,0.6116,0.3585,28.1813,12.4915,0.191
Thekkampatti,2023-01,0.5223,0.2814,29.982,8.5467,0.1968
Thuttampatti,2023-01,0.5493,0.3053,31.0896,9.0526,0.1963
Vaikundham sankari Salem Tamil Nadu,2023-01,0.6396,0.3812,29.1621,15.8965,0.1975
Veerakal,2023-01,0.5812,0.3247,28.7735,9.964,0.1965
Veppilaipatty,2023-01,0.5774,0.3253,29.1765,9.5014,0.1936
Amaram_1,2023-02,0.3987,0.2481,35.4961,5.7952,0.1518
Ammapet_1,2023-02,0.4271,0.2543,33.0433,6.8921,0.1378
Ariyampatti,2023-02,0.4138,0.2553,35.6907,6.1142,0.1443
Avaniperur Keelmugam,2023-02,0.4104,0.2619,35.7755,6.1597,0.138
Ayodhiyapattinam,2023-02,0.4527,0.2705,33.8126,7.0234,0.1394
Egapuram,2023-02,0.4049,0.2577,35.171,6.1372,0.1369
Erumaipatti_1,2023-02,0.3696,0.2331,35.8021,5.2471,0.129
Erumaipatti_2,2023-02,0.3973,0.2523,35.8111,5.82,0.1341
Gundakkal,2023-02,0.4427,0.2508,34.12,6.8716,0.1507
Hasthampati,2023-02,0.3638,0.2282,33.6028,6.0688,0.1467
Hasthampatti,2023-02,0.3958,0.2461,33.2348,6.7121,0.1471
Illupanatham_1,2023-02,0.4966,0.3123,33.99,7.4502,0.1578
Inam Bairoji,2023-02,0.4733,0.2993,33.6503,7.935,0.1329
Kadambur,2023-02,0.4932,0.2853,32.9944,7.2718,0.1433
Kullampatti,2023-02,0.4015,0.2641,34.3996,6.0201,0.1344
M.Chettipatti,2023-02,0.4441,0.277,34.2404,6.6474,0.144
Manjakalpatti,2023-02,0.3718,0.235,35.1295,5.2438,0.1311
Mannarpalayam,2023-02,0.4684,0.2735,34.5694,7.2401,0.1465
Moolakadu,2023-02,0.3167,0.1808,30.7385,8.2247,0.1198
Murungapatty,2023-02,0.4433,0.2648,33.7961,6.6658,0.1412
Muthiyampatti,2023-02,0.4337,0.2715,35.4237,6.636,0.141
Nadupatty,2023-02,0.4369,0.2568,34.3573,6.6919,0.1462
Navapatti,2023-02,0.5146,0.2888,29.7316,10.5429,0.1193
Pannavadi,2023-02,0.2881,0.1737,32.6373,7.7666,0.109
Pappanaickanpatti,2023-02,0.6167,0.3285,31.262,13.2677,0.1502
Periyakadampatty,2023-02,0.4443,0.2781,34.3363,6.6819,0.1442
Pillukurichi,2023-02,0.4406,0.2909,33.1773,7.1296,0.1262
Pulluthikuttai,2023-02,0.5886,0.3198,31.0025,12.3686,0.1457
Rajapalayam (TN-MWS01),2023-02,0.4605,0.3019,34.35,6.6232,0.1638
Ramagudal,2023-02,0.4315,0.2767,33.4525,6.3479,0.1257
Ramanaickanpalayam,2023-02,0.4947,0.3001,34.0786,7.5203,0.1484
Samuthiram_1,2023-02,0.4291,0.2669,35.3845,6.5835,0.1416
Sanarpatti,2023-02,0.4484,0.2704,33.9098,6.82,0.1428
Sandhiyur,2023-02,0.4299,0.2649,33.732,6.4166,0.1316
Sendarapatti,2023-02,0.5076,0.2916,33.3526,8.3814,0.1447
Singipuram,2023-02,0.465,0.2792,34.9652,7.3109,0.1466
Siruvachur,2023-02,0.5446,0.3429,33.3754,9.8367,0.2027
Sitteri,2023-02,0.4779,0.2981,33.9213,7.1934,0.1612
Sukkampatti,2023-02,0.501,0.2952,32.7322,8.6284,0.1402
Thekkampatti,2023-02,0.4341,0.2594,33.2258,6.7848,0.146
Thuttampatti,2023-02,0.4227,0.2582,34.9152,6.2718,0.1436
Vaikundham sankari Salem Tamil Nadu,2023-02,0.5492,0.3631,33.0411,12.5998,0.1463
Veerakal,2023-02,0.4642,0.2801,33.6193,7.1279,0.1442
Veppilaipatty,2023-02,0.4902,0.2775,33.2776,7.4657,0.1471
Amaram_1,2023-03,0.4018,0.243,37.9044,5.6393,0.1433
Ammapet_1,2023-03,0.4502,0.2656,35.3838,6.4429,0.1331
Ariyampatti,2023-03,0.4125,0.2489,38.1618,5.3986,0.1374
Avaniperur Keelmugam,2023-03,0.382,0.229,38.1659,4.5188,0.1332
Ayodhiyapattinam,2023-03,0.4803,0.2817,35.5221,6.7093,0.135
Egapuram,2023-03,0.4045,0.2442,38.2692,5.462,0.1344
Erumaipatti_1,2023-03,0.4069,0.2529,36.8338,5.036,0.1215
Erumaipatti_2,2023-03,0.4057,0.2476,37.7912,5.1078,0.1311
Gundakkal,2023-03,0.4624,0.27,35.9418,7.1799,0.1441
Hasthampati,2023-03,0.3809,0.2351,36.5505,5.6776,0.1405
Hasthampatti,2023-03,0.4167,0.2541,35.965,6.4174,0.1405
Illupanatham_1,2023-03,0.5395,0.344,35.4217,10.4287,0.1352
Inam Bairoji,2023-03,0.4837,0.2802,36.6697,6.9184,0.1318
Kadambur,2023-03,0.4904,0.3021,34.6722,8.8151,0.1358
Kullampatti,2023-03,0.4165,0.2452,36.6398,5.3018,0.1295
M.Chettipatti,2023-03,0.4485,0.2728,37.0945,6.2478,0.138
Manjakalpatti,2023-03,0.4088,0.2552,36.0582,5.0529,0.125
Mannarpalayam,2023-03,0.4908,0.3108,35.2212,7.6213,0.1414
Moolakadu,2023-03,0.3332,0.194,32.3818,7.9232,0.1231
Murungapatty,2023-03,0.4376,0.2661,36.6155,5.9824,0.1377
Muthiyampatti,2023-03,0.4039,0.2354,38.4608,5.0679,0.1361
Nadupatty,2023-03,0.4675,0.2757,36.0381,7.2065,0.1411
Navapatti,2023-03,0.5156,0.3016,32.0491,10.0163,0.1205
Pannavadi,2023-03,0.2864,0.1697,34.8636,6.7492,0.1147
Pappanaickanpatti,2023-03,0.5922,0.3387,31.1589,12.6911,0.1455
Periyakadampatty,2023-03,0.4425,0.2701,37.3196,6.1443,0.1377
Pillukurichi,2023-03,0.4425,0.2613,36.1583,6.4316,0.1256
Pulluthikuttai,2023-03,0.5305,0.3129,31.9497,9.9885,0.141
Rajapalayam (TN-MWS01),2023-03,0.4371,0.2823,36.8829,7.4662,0.1382
Ramagudal,2023-03,0.4378,0.2567,35.9801,6.0086,0.1225
Ramanaickanpalayam,2023-03,0.515,0.3122,35.6671,9.2806,0.1415
Samuthiram_1,2023-03,0.406,0.2373,38.4555,5.1698,0.1363
Sanarpatti,2023-03,0.4498,0.2754,36.0372,6.4334,0.1367
Sandhiyur,2023-03,0.4643,0.2772,36.0158,6.2855,0.1327
Sendarapatti,2023-03,0.4954,0.2822,34.9966,9.047,0.138
Singipuram,2023-03,0.4928,0.3144,35.77,7.9178,0.1412
Siruvachur,2023-03,0.5304,0.3232,35.3627,10.4561,0.1785
Sitteri,2023-03,0.5037,0.3203,35.8087,9.3862,0.1357
Sukkampatti,2023-03,0.52,0.3123,33.9654,8.2753,0.1361
Thekkampatti,2023-03,0.4621,0.2768,35.2449,6.8173,0.1404
Thuttampatti,2023-03,0.4179,0.2574,38.2041,5.5526,0.1371
Vaikundham sankari Salem Tamil Nadu,2023-03,0.4788,0.3248,36.1181,9.0776,0.1381
Veerakal,2023-03,0.469,0.2805,35.4787,7.0607,0.1378
Veppilaipatty,2023-03,0.4932,0.3041,34.1941,7.5909,0.1434
Amaram_1,2023-04,0.4158,0.2366,40.5133,5.0755,0.1328
Ammapet_1,2023-04,0.4787,0.2739,36.7779,6.5003,0.1227
Ariyampatti,2023-04,0.4055,0.2287,40.8903,4.6519,0.1261
Avaniperur Keelmugam,2023-04,0.4018,0.222,40.1732,4.3949,0.127
Ayodhiyapattinam,2023-04,0.5123,0.2956,37.0624,6.6585,0.1235
Egapuram,2023-04,0.4095,0.2323,41.1972,4.62,0.1275
Erumaipatti_1,2023-04,0.4729,0.287,37.5216,5.8027,0.1223
Erumaipatti_2,2023-04,0.4303,0.2532,39.657,4.9899,0.1264
Gundakkal,2023-04,0.4992,0.2716,37.5878,6.5781,0.1353
Hasthampati,2023-04,0.3964,0.2349,38.3101,5.2956,0.1304
Hasthampatti,2023-04,0.4352,0.2583,37.8183,6.1615,0.1301
Illupanatham_1,2023-04,0.5125,0.3089,39.6631,7.7134,0.1198
Inam Bairoji,2023-04,0.4764,0.2686,38.6077,6.1522,0.1259
Kadambur,2023-04,0.4815,0.2642,38.6885,6.9989,0.1217
Kullampatti,2023-04,0.4674,0.2711,37.8963,5.9269,0.1264
M.Chettipatti,2023-04,0.4388,0.2499,39.6087,5.4104,0.1269
Manjakalpatti,2023-04,0.4711,0.2895,37.1048,5.8708,0.1242
Mannarpalayam,2023-04,0.4801,0.2781,37.8981,6.2769,0.1242
Moolakadu,2023-04,0.3495,0.2013,34.2244,7.2272,0.1157
Murungapatty,2023-04,0.4381,0.2417,38.9981,5.4415,0.1282
Muthiyampatti,2023-04,0.4006,0.2174,40.7597,4.2629,0.1267
Nadupatty,2023-04,0.5044,0.2831,37.5843,6.9742,0.1329
Navapatti,2023-04,0.5107,0.2984,33.8056,8.4572,0.1131
Pannavadi,2023-04,0.2612,0.1582,37.4706,5.5975,0.1092
Pappanaickanpatti,2023-04,0.6586,0.364,33.3395,12.3814,0.1285
Periyakadampatty,2023-04,0.4304,0.2455,39.9526,5.2353,0.1265
Pillukurichi,2023-04,0.464,0.2652,37.5616,6.3806,0.12
Pulluthikuttai,2023-04,0.5154,0.2593,34.76,7.1341,0.1247
Rajapalayam (TN-MWS01),2023-04,0.4138,0.2419,42.3516,5.467,0.125
Ramagudal,2023-04,0.4768,0.2842,37.0992,6.245,0.1243
Ramanaickanpalayam,2023-04,0.5047,0.3053,38.2877,7.8297,0.1242
Samuthiram_1,2023-04,0.4014,0.2189,40.8477,4.3212,0.1266
Sanarpatti,2023-04,0.4415,0.2555,38.2873,5.858,0.1256
Sandhiyur,2023-04,0.493,0.2842,37.5139,6.0524,0.1261
Sendarapatti,2023-04,0.5137,0.2855,37.2533,7.8682,0.1285
Singipuram,2023-04,0.475,0.2826,38.786,6.3764,0.1242
Siruvachur,2023-04,0.5013,0.2847,38.2199,7.1831,0.1554
Sitteri,2023-04,0.491,0.2912,39.0068,7.023,0.1196
Sukkampatti,2023-04,0.5601,0.313,35.7899,7.7385,0.124
Thekkampatti,2023-04,0.4791,0.2756,37.2705,6.3595,0.1301
Thuttampatti,2023-04,0.4063,0.2303,40.9444,4.5493,0.1262
Vaikundham sankari Salem Tamil Nadu,2023-04,0.4628,0.2996,38.7784,7.7276,0.1415
Veerakal,2023-04,0.4576,0.2657,37.8533,6.3518,0.1269
Veppilaipatty,2023-04,0.5014,0.281,36.798,6.5016,0.1273
Amaram_1,2023-05,0.4976,0.3352,34.4216,13.4748,0.1962
Ammapet_1,2023-05,0.5407,0.3709,33.0385,15.702,0.1795
Ariyampatti,2023-05,0.489,0.3165,36.0563,12.4622,0.1888
Avaniperur Keelmugam,2023-05,0.5235,0.3509,36.0231,13.6332,0.1849
Ayodhiyapattinam,2023-05,0.5809,0.4035,32.478,15.3414,0.1819
Egapuram,2023-05,0.4742,0.3127,36.7738,12.7195,0.1851
Erumaipatti_1,2023-05,0.5378,0.3756,34.7454,13.8888,0.1789
Erumaipatti_2,2023-05,0.4861,0.331,36.5835,12.8352,0.1824
Gundakkal,2023-05,0.6055,0.403,32.7146,17.6334,0.1958
Hasthampati,2023-05,0.4599,0.3144,34.4528,13.8811,0.1872
Hasthampatti,2023-05,0.5001,0.3413,33.8379,14.9326,0.1872
Illupanatham_1,2023-05,0.4936,0.3204,36.3862,13.6263,0.1807
Inam Bairoji,2023-05,0.5448,0.3768,34.4889,14.7566,0.1796
Kadambur,2023-05,0.5864,0.3864,34.1177,15.1159,0.1769
Kullampatti,2023-05,0.5814,0.4125,33.7323,15.6359,0.1825
M.Chettipatti,2023-05,0.5272,0.3504,35.0749,13.7491,0.1888
Manjakalpatti,2023-05,0.535,0.3824,34.346,13.9921,0.1793
Mannarpalayam,2023-05,0.5053,0.3297,35.691,13.9647,0.1851
Moolakadu,2023-05,0.4169,0.2724,30.9679,16.8205,0.1756
Murungapatty,2023-05,0.5591,0.3764,33.4976,14.9723,0.187
Muthiyampatti,2023-05,0.5174,0.3329,36.5429,13.0863,0.1872
Nadupatty,2023-05,0.614,0.4055,32.6494,17.1595,0.1922
Navapatti,2023-05,0.6522,0.4665,29.6943,19.6606,0.1718
Pannavadi,2023-05,0.3201,0.2006,33.1283,12.9258,0.1687
Pappanaickanpatti,2023-05,0.7335,0.4907,29.6891,25.5559,0.1848
Periyakadampatty,2023-05,0.5188,0.343,35.462,13.5089,0.1888
Pillukurichi,2023-05,0.602,0.4186,32.6712,16.1448,0.1773
Pulluthikuttai,2023-05,0.7013,0.4644,29.5989,22.9164,0.1845
Rajapalayam (TN-MWS01),2023-05,0.4284,0.2629,38.6543,12.3491,0.1842
Ramagudal,2023-05,0.5649,0.3958,33.7869,14.4025,0.1774
Ramanaickanpalayam,2023-05,0.5584,0.3763,34.8773,14.6231,0.184
Samuthiram_1,2023-05,0.5126,0.3294,36.653,13.0526,0.1874
Sanarpatti,2023-05,0.5401,0.3646,33.4084,13.7203,0.1882
Sandhiyur,2023-05,0.5623,0.3965,33.1964,15.4014,0.1787
Sendarapatti,2023-05,0.6222,0.4087,32.8588,16.8998,0.1834
Singipuram,2023-05,0.5149,0.3399,35.7916,14.1268,0.1851
Siruvachur,2023-05,0.5199,0.3346,35.7607,14.6793,0.2101
Sitteri,2023-05,0.5024,0.3338,36.364,13.7985,0.1825
Sukkampatti,2023-05,0.6335,0.4417,31.2104,18.2458,0.1833
Thekkampatti,2023-05,0.5459,0.3613,33.3599,14.9101,0.1886
Thuttampatti,2023-05,0.4978,0.3233,36.4895,12.8841,0.1884
Vaikundham sankari Salem Tamil Nadu,2023-05,0.524,0.3435,35.2155,13.7475,0.1896
Veerakal,2023-05,0.5601,0.3766,33.5395,14.4544,0.1896
Veppilaipatty,2023-05,0.535,0.3518,33.4783,14.7836,0.1864
Amaram_1,2023-06,0.5038,0.3134,38.3992,12.3136,0.1803
Ammapet_1,2023-06,0.5373,0.3412,34.78,13.481,0.1659
Ariyampatti,2023-06,0.5086,0.3093,38.1364,11.7478,0.1744
Avaniperur Keelmugam,2023-06,0.5147,0.3172,37.6936,12.5404,0.1695
Ayodhiyapattinam,2023-06,0.5781,0.3499,34.5203,13.3908,0.1683
Egapuram,2023-06,0.4655,0.2784,38.5417,11.2266,0.1707
Erumaipatti_1,2023-06,0.4919,0.3123,36.9848,11.5436,0.1603
Erumaipatti_2,2023-06,0.4597,0.2812,38.2429,11.0793,0.1672
Gundakkal,2023-06,0.6344,0.4116,34.7206,18.3556,0.1794
Hasthampati,2023-06,0.4583,0.2994,35.9491,12.3103,0.1747
Hasthampatti,2023-06,0.5002,0.3262,35.1662,13.3592,0.1746
Illupanatham_1,2023-06,0.4335,0.2659,39.2354,11.5543,0.169
Inam Bairoji,2023-06,0.5812,0.3651,35.8909,12.9861,0.1656
Kadambur,2023-06,0.5731,0.3445,35.6134,14.8391,0.1657
Kullampatti,2023-06,0.5549,0.3602,35.4579,13.8331,0.1675
M.Chettipatti,2023-06,0.5299,0.322,36.681,12.1757,0.1746
Manjakalpatti,2023-06,0.4883,0.3145,36.4088,11.6111,0.162
Mannarpalayam,2023-06,0.4831,0.2701,38.4245,11.1186,0.1742
Moolakadu,2023-06,0.3704,0.2443,34.4234,14.1342,0.1622
Murungapatty,2023-06,0.5814,0.3462,36.3977,13.7054,0.173
Muthiyampatti,2023-06,0.5227,0.311,38.3056,12.3744,0.1727
Nadupatty,2023-06,0.622,0.3786,34.839,16.4908,0.176
Navapatti,2023-06,0.6165,0.4122,30.9511,19.621,0.1582
Pannavadi,2023-06,0.2782,0.1788,36.994,11.1566,0.154
Pappanaickanpatti,2023-06,0.6999,0.45,28.714,24.1156,0.1745
Periyakadampatty,2023-06,0.522,0.3176,37.0116,12.0428,0.1745
Pillukurichi,2023-06,0.6163,0.3977,33.4171,16.2974,0.164
Pulluthikuttai,2023-06,0.7097,0.457,30.8121,22.0594,0.1738
Rajapalayam (TN-MWS01),2023-06,0.4068,0.235,39.7976,10.876,0.1686
Ramagudal,2023-06,0.5095,0.3298,36.3964,11.9933,0.164
Ramanaickanpalayam,2023-06,0.5364,0.3271,36.7207,13.1471,0.1739
Samuthiram_1,2023-06,0.5198,0.3102,38.2761,12.3412,0.173
Sanarpatti,2023-06,0.5429,0.3467,35.7799,13.125,0.1738
Sandhiyur,2023-06,0.5582,0.3681,35.8488,12.243,0.1669
Sendarapatti,2023-06,0.5597,0.3271,35.7195,14.495,0.1673
Singipuram,2023-06,0.5005,0.2829,38.8441,11.2042,0.1743
Siruvachur,2023-06,0.4825,0.286,37.547,12.7993,0.1958
Sitteri,2023-06,0.4498,0.2733,39.0285,11.8128,0.1706
Sukkampatti,2023-06,0.6306,0.3772,33.0325,17.2998,0.1699
Thekkampatti,2023-06,0.5606,0.3395,35.0899,12.9232,0.1755
Thuttampatti,2023-06,0.4909,0.2963,38.0612,11.6006,0.1741
Vaikundham sankari Salem Tamil Nadu,2023-06,0.4519,0.2813,37.0078,13.4819,0.1738
Veerakal,2023-06,0.552,0.3707,35.6647,13.6209,0.175
Veppilaipatty,2023-06,0.5198,0.3024,36.7067,12.0497,0.1745
Amaram_1,2023-07,0.4868,0.3225,38.8317,10.4055,0.1822
Ammapet_1,2023-07,0.5464,0.3696,33.3742,13.2462,0.178
Ariyampatti,2023-07,0.5102,0.3363,38.569,10.2695,0.1751
Avaniperur Keelmugam,2023-07,0.4938,0.3334,37.7988,10.8867,0.1713
Ayodhiyapattinam,2023-07,0.5926,0.3994,33.2431,12.6294,0.1807
Egapuram,2023-07,0.455,0.2938,38.7655,9.4401,0.1734
Erumaipatti_1,2023-07,0.4761,0.3246,37.4756,9.7965,0.166
Erumaipatti_2,2023-07,0.4472,0.2957,38.8128,9.3968,0.1709
Gundakkal,2023-07,0.5618,0.3682,35.0577,16.3381,0.1854
Hasthampati,2023-07,0.4468,0.3068,35.0933,11.4737,0.1855
Hasthampatti,2023-07,0.4868,0.3347,34.3866,12.5635,0.1857
Illupanatham_1,2023-07,0.4183,0.2596,39.2359,8.503,0.1751
Inam Bairoji,2023-07,0.5648,0.3624,35.1761,12.1296,0.1722
Kadambur,2023-07,0.5114,0.323,36.3536,11.4193,0.1712
Kullampatti,2023-07,0.5296,0.3708,35.6658,11.962,0.1694
M.Chettipatti,2023-07,0.5167,0.3286,38.6227,10.2876,0.1765
Manjakalpatti,2023-07,0.4561,0.3147,37.1288,9.5035,0.1668
Mannarpalayam,2023-07,0.5221,0.3464,35.4639,10.2852,0.1833
Moolakadu,2023-07,0.4043,0.2747,32.79,14.9483,0.1645
Murungapatty,2023-07,0.5657,0.3663,35.863,12.0157,0.1771
Muthiyampatti,2023-07,0.5268,0.3403,37.8094,10.9894,0.1743
Nadupatty,2023-07,0.5609,0.3639,35.6643,13.9953,0.1838
Navapatti,2023-07,0.5606,0.3976,31.2604,19.5796,0.1596
Pannavadi,2023-07,0.3073,0.2015,37.1271,10.1062,0.1583
Pappanaickanpatti,2023-07,0.6995,0.4557,29.5669,20.0705,0.185
Periyakadampatty,2023-07,0.518,0.3295,38.7872,10.1981,0.1758
Pillukurichi,2023-07,0.5971,0.4212,32.4776,15.0272,0.1652
Pulluthikuttai,2023-07,0.7057,0.4595,30.0992,20.9214,0.1844
Rajapalayam (TN-MWS01),2023-07,0.3452,0.1985,40.1754,6.9926,0.1704
Ramagudal,2023-07,0.4717,0.315,36.6407,9.8504,0.1677
Ramanaickanpalayam,2023-07,0.523,0.3494,35.9406,10.9131,0.1828
Samuthiram_1,2023-07,0.5214,0.3357,37.7801,10.9891,0.1745
Sanarpatti,2023-07,0.5207,0.3461,35.3048,11.9955,0.1745
Sandhiyur,2023-07,0.5461,0.3456,34.4938,11.1154,0.1764
Sendarapatti,2023-07,0.5057,0.3185,36.1145,11.2269,0.1728
Singipuram,2023-07,0.515,0.3482,35.4909,10.3284,0.1838
Siruvachur,2023-07,0.4955,0.318,37.0278,11.1077,0.204
Sitteri,2023-07,0.4371,0.286,38.4318,9.0467,0.1783
Sukkampatti,2023-07,0.6363,0.4273,31.4095,15.5362,0.1823
Thekkampatti,2023-07,0.5426,0.3515,35.5492,11.6847,0.183
Thuttampatti,2023-07,0.5045,0.3252,38.4083,9.9032,0.175
Vaikundham sankari Salem Tamil Nadu,2023-07,0.4282,0.293,36.5961,10.3779,0.2117
Veerakal,2023-07,0.5257,0.3566,34.6663,12.6804,0.1759
Veppilaipatty,2023-07,0.5573,0.3639,33.9953,10.9814,0.1832
Amaram_1,2023-08,0.4944,0.2863,39.5801,8.9489,0.154
Ammapet_1,2023-08,0.5515,0.3461,33.6154,11.8768,0.175
Ariyampatti,2023-08,0.4639,0.2589,39.9026,8.0275,0.1591
Avaniperur Keelmugam,2023-08,0.5326,0.3309,38.1459,9.0424,0.1581
Ayodhiyapattinam,2023-08,0.6067,0.3935,33.0197,12.4186,0.1791
Egapuram,2023-08,0.5373,0.3397,38.7398,8.6327,0.1614
Erumaipatti_1,2023-08,0.5219,0.3412,36.6463,8.802,0.161
Erumaipatti_2,2023-08,0.5437,0.3776,37.6269,8.7536,0.1609
Gundakkal,2023-08,0.6229,0.3665,35.2849,13.1123,0.1594
Hasthampati,2023-08,0.4566,0.2883,35.3433,9.7691,0.1808
Hasthampatti,2023-08,0.489,0.3088,34.9145,10.9601,0.1814
Illupanatham_1,2023-08,0.5108,0.3142,39.2141,8.5552,0.1954
Inam Bairoji,2023-08,0.6225,0.3705,34.8831,10.8525,0.1671
Kadambur,2023-08,0.6418,0.4082,34.6857,11.8322,0.1806
Kullampatti,2023-08,0.5357,0.3322,36.577,9.8387,0.156
M.Chettipatti,2023-08,0.4819,0.2803,39.2644,8.2354,0.1622
Manjakalpatti,2023-08,0.5024,0.334,36.5293,8.4137,0.1595
Mannarpalayam,2023-08,0.5892,0.3429,35.5082,10.3103,0.1846
Moolakadu,2023-08,0.4317,0.2557,35.5863,11.3331,0.1367
Murungapatty,2023-08,0.568,0.3326,36.5226,9.8723,0.1669
Muthiyampatti,2023-08,0.526,0.3133,39.1366,8.4464,0.1599
Nadupatty,2023-08,0.6105,0.3645,36.19,11.8851,0.1618
Navapatti,2023-08,0.5919,0.3546,32.2676,13.2241,0.1391
Pannavadi,2023-08,0.368,0.2254,39.3087,8.4347,0.1275
Pappanaickanpatti,2023-08,0.7399,0.4151,30.0353,18.9822,0.1902
Periyakadampatty,2023-08,0.4738,0.2719,39.4893,8.1063,0.1605
Pillukurichi,2023-08,0.582,0.3629,34.8913,11.871,0.1471
Pulluthikuttai,2023-08,0.7373,0.4244,30.5064,19.8051,0.1884
Rajapalayam (TN-MWS01),2023-08,0.4289,0.2595,41.286,6.6247,0.1922
Ramagudal,2023-08,0.4942,0.3153,37.4271,8.7388,0.1565
Ramanaickanpalayam,2023-08,0.6057,0.3905,34.8064,11.0873,0.1907
Samuthiram_1,2023-08,0.5238,0.3063,39.2924,8.4052,0.16
Sanarpatti,2023-08,0.5175,0.3081,36.6666,9.2842,0.1567
Sandhiyur,2023-08,0.6034,0.367,34.3394,10.104,0.1723
Sendarapatti,2023-08,0.6261,0.4141,34.4804,11.8213,0.18
Singipuram,2023-08,0.5786,0.3423,36.5159,9.868,0.187
Siruvachur,2023-08,0.6215,0.4236,35.2634,12.0149,0.2164
Sitteri,2023-08,0.5251,0.3514,37.8814,9.4307,0.1992
Sukkampatti,2023-08,0.6936,0.4444,31.3081,14.9159,0.1811
Thekkampatti,2023-08,0.5553,0.3548,35.9264,10.2712,0.175
Thuttampatti,2023-08,0.4812,0.272,39.411,7.8527,0.1593
Vaikundham sankari Salem Tamil Nadu,2023-08,0.4351,0.3048,39.6185,8.8873,0.1858
Veerakal,2023-08,0.5208,0.3051,37.5966,9.7787,0.1565
Veppilaipatty,2023-08,0.6225,0.3787,33.4842,11.3276,0.1817
Amaram_1,2023-09,0.5937,0.404,34.0874,15.9601,0.2409
Ammapet_1,2023-09,0.5676,0.3931,33.1819,16.0362,0.2455
Ariyampatti,2023-09,0.5595,0.3827,35.276,13.9102,0.239
Avaniperur Keelmugam,2023-09,0.6119,0.3997,33.0607,14.484,0.234
Ayodhiyapattinam,2023-09,0.6424,0.4422,32.5552,16.6696,0.2502
Egapuram,2023-09,0.567,0.3859,34.2204,14.4845,0.2373
Erumaipatti_1,2023-09,0.5779,0.4074,34.2314,13.6927,0.2301
Erumaipatti_2,2023-09,0.6113,0.4255,32.6237,14.7901,0.2358
Gundakkal,2023-09,0.658,0.4425,32.4114,19.7802,0.2468
Hasthampati,2023-09,0.4613,0.3272,35.1962,13.8353,0.2506
Hasthampatti,2023-09,0.5094,0.3571,34.5592,15.1704,0.2511
Illupanatham_1,2023-09,0.6152,0.4208,37.215,14.691,0.2408
Inam Bairoji,2023-09,0.6008,0.4194,33.8558,15.368,0.2409
Kadambur,2023-09,0.6912,0.4796,32.6351,18.2135,0.2435
Kullampatti,2023-09,0.5932,0.3854,33.1676,13.6034,0.2291
M.Chettipatti,2023-09,0.5639,0.365,34.6247,14.3447,0.2403
Manjakalpatti,2023-09,0.5742,0.405,33.0812,13.5368,0.2312
Mannarpalayam,2023-09,0.6536,0.4578,33.3349,16.3315,0.257
Moolakadu,2023-09,0.5247,0.3811,32.0212,19.5102,0.2169
Murungapatty,2023-09,0.607,0.4081,34.2135,15.923,0.2418
Muthiyampatti,2023-09,0.6058,0.3926,34.13,14.3912,0.2381
Nadupatty,2023-09,0.6538,0.4319,33.023,18.5563,0.2475
Navapatti,2023-09,0.6607,0.4896,28.8148,22.2461,0.2156
Pannavadi,2023-09,0.5341,0.3761,34.8793,16.0621,0.2074
Pappanaickanpatti,2023-09,0.7411,0.4833,30.1212,24.1202,0.2563
Periyakadampatty,2023-09,0.5474,0.3529,34.4823,14.1796,0.2396
Pillukurichi,2023-09,0.6046,0.4081,32.1638,15.1434,0.2219
Pulluthikuttai,2023-09,0.748,0.499,29.6114,24.4244,0.257
Rajapalayam (TN-MWS01),2023-09,0.6051,0.3906,37.545,13.6329,0.2355
Ramagudal,2023-09,0.5647,0.3776,34.2424,12.2404,0.2189
Ramanaickanpalayam,2023-09,0.6808,0.4869,33.4546,17.5293,0.2577
Samuthiram_1,2023-09,0.5964,0.3856,34.3917,14.3347,0.2384
Sanarpatti,2023-09,0.6068,0.4308,32.8193,15.2507,0.2368
Sandhiyur,2023-09,0.6208,0.4255,33.5176,15.2533,0.2447
Sendarapatti,2023-09,0.6781,0.4622,33.1628,17.7219,0.2557
Singipuram,2023-09,0.6278,0.4409,34.0864,15.543,0.2576
Siruvachur,2023-09,0.6537,0.4439,33.9499,17.4618,0.2665
Sitteri,2023-09,0.6044,0.4186,36.7057,15.1858,0.2415
Sukkampatti,2023-09,0.6978,0.4817,31.3242,19.6956,0.2527
Thekkampatti,2023-09,0.5669,0.3805,34.2999,15.3855,0.2468
Thuttampatti,2023-09,0.5343,0.3382,36.1755,13.3623,0.2388
Vaikundham sankari Salem Tamil Nadu,2023-09,0.4452,0.3121,39.5661,9.5044,0.2306
Veerakal,2023-09,0.6174,0.4301,32.9503,16.1297,0.2378
Veppilaipatty,2023-09,0.6844,0.4747,31.9862,17.2331,0.2548
Amaram_1,2023-10,0.6392,0.4355,32.2645,17.1179,0.1871
Ammapet_1,2023-10,0.5976,0.3797,32.2235,15.2328,0.1964
Ariyampatti,2023-10,0.6764,0.4882,32.3985,16.5471,0.1877
Avaniperur Keelmugam,2023-10,0.5799,0.3689,33.1493,14.2088,0.1881
Ayodhiyapattinam,2023-10,0.6485,0.416,32.1039,15.633,0.2012
Egapuram,2023-10,0.5942,0.3735,34.1618,14.4178,0.1881
Erumaipatti_1,2023-10,0.6219,0.4094,32.4216,14.2399,0.193
Erumaipatti_2,2023-10,0.5744,0.3619,33.6853,13.5553,0.1879
Gundakkal,2023-10,0.6823,0.4481,30.6678,19.9541,0.1924
Hasthampati,2023-10,0.4975,0.3333,33.7708,13.5097,0.2029
Hasthampatti,2023-10,0.5405,0.3659,33.1457,14.7633,0.2035
Illupanatham_1,2023-10,0.6546,0.4814,34.757,15.8038,0.1768
Inam Bairoji,2023-10,0.6367,0.4192,32.9335,14.7211,0.1923
Kadambur,2023-10,0.7361,0.4723,31.9157,19.1369,0.1863
Kullampatti,2023-10,0.5922,0.3917,32.3281,14.4945,0.1876
M.Chettipatti,2023-10,0.6348,0.4238,33.1435,15.5019,0.1889
Manjakalpatti,2023-10,0.623,0.4224,32.0968,14.4407,0.1896
Mannarpalayam,2023-10,0.6985,0.4774,31.6584,17.6409,0.2054
Moolakadu,2023-10,0.5714,0.3764,30.2343,20.3466,0.17
Murungapatty,2023-10,0.6683,0.4323,32.4609,16.2214,0.1915
Muthiyampatti,2023-10,0.653,0.4576,33.2748,15.6831,0.1878
Nadupatty,2023-10,0.6541,0.4165,31.5972,17.9955,0.1934
Navapatti,2023-10,0.7223,0.4784,28.1569,22.7314,0.1696
Pannavadi,2023-10,0.5921,0.3818,32.4525,17.6283,0.1623
Pappanaickanpatti,2023-10,0.7863,0.4395,28.0857,24.0687,0.2059
Periyakadampatty,2023-10,0.6382,0.431,33.1084,15.5071,0.1883
Pillukurichi,2023-10,0.6133,0.4032,31.4459,15.5008,0.1782
Pulluthikuttai,2023-10,0.7915,0.4694,28.3113,26.1357,0.2064
Rajapalayam (TN-MWS01),2023-10,0.6863,0.5319,34.1041,16.5411,0.1806
Ramagudal,2023-10,0.6088,0.4179,32.8184,14.1328,0.188
Ramanaickanpalayam,2023-10,0.6989,0.4996,32.8961,17.4122,0.2032
Samuthiram_1,2023-10,0.6523,0.4572,33.3324,15.7328,0.1879
Sanarpatti,2023-10,0.6919,0.4976,30.5397,17.8973,0.1865
Sandhiyur,2023-10,0.6367,0.4228,32.1205,14.8414,0.1956
Sendarapatti,2023-10,0.6912,0.4556,32.4283,17.808,0.1989
Singipuram,2023-10,0.6661,0.4608,32.7821,15.9615,0.2057
Siruvachur,2023-10,0.6673,0.5007,33.6514,16.664,0.2199
Sitteri,2023-10,0.6472,0.4829,34.197,15.5461,0.1742
Sukkampatti,2023-10,0.6964,0.4595,31.2252,18.7017,0.2036
Thekkampatti,2023-10,0.5972,0.3959,32.9227,15.5535,0.1972
Thuttampatti,2023-10,0.6137,0.41,33.8131,14.405,0.1878
Vaikundham sankari Salem Tamil Nadu,2023-10,0.596,0.4082,33.9726,13.7128,0.247
Veerakal,2023-10,0.702,0.5099,30.3246,18.5246,0.1868
Veppilaipatty,2023-10,0.7148,0.4766,30.9972,18.1405,0.2053
Amaram_1,2023-11,0.5836,0.3677,30.5935,18.8655,0.2259
Ammapet_1,2023-11,0.5141,0.3453,28.2527,17.6068,0.2403
Ariyampatti,2023-11,0.6689,0.4744,29.0435,18.4235,0.2371
Avaniperur Keelmugam,2023-11,0.5796,0.3707,30.8076,15.8573,0.2429
Ayodhiyapattinam,2023-11,0.6047,0.4024,27.8049,17.427,0.2465
Egapuram,2023-11,0.6273,0.4206,30.3681,16.7334,0.2416
Erumaipatti_1,2023-11,0.6438,0.4432,29.9203,15.1826,0.2514
Erumaipatti_2,2023-11,0.6115,0.4294,29.8448,15.6154,0.2434
Gundakkal,2023-11,0.6495,0.4359,29.1189,20.9424,0.2271
Hasthampati,2023-11,0.4689,0.311,30.797,16.5235,0.2449
Hasthampatti,2023-11,0.5002,0.3378,30.0973,17.3212,0.2456
Illupanatham_1,2023-11,0.7065,0.4997,29.6016,19.7302,0.2617
Inam Bairoji,2023-11,0.6308,0.4599,29.5937,16.9005,0.2443
Kadambur,2023-11,0.7258,0.5043,27.2332,20.5496,0.2537
Kullampatti,2023-11,0.6193,0.4056,29.509,16.3656,0.2456
M.Chettipatti,2023-11,0.6288,0.4315,29.0585,18.1781,0.2375
Manjakalpatti,2023-11,0.6465,0.4499,28.9672,15.3938,0.2477
Mannarpalayam,2023-11,0.634,0.4264,27.8875,18.6547,0.2559
Moolakadu,2023-11,0.513,0.3481,27.3212,20.3204,0.2163
Murungapatty,2023-11,0.6574,0.4483,28.4118,17.9542,0.2407
Muthiyampatti,2023-11,0.6369,0.4078,31.264,17.8912,0.239
Nadupatty,2023-11,0.6407,0.4167,29.3158,19.8828,0.2288
Navapatti,2023-11,0.6379,0.4433,25.5962,21.4827,0.2201
Pannavadi,2023-11,0.489,0.3346,29.4035,19.5038,0.2036
Pappanaickanpatti,2023-11,0.6981,0.4059,25.212,23.5688,0.2592
Periyakadampatty,2023-11,0.6403,0.4406,28.9774,18.0598,0.2373
Pillukurichi,2023-11,0.6119,0.3874,29.4869,16.7873,0.233
Pulluthikuttai,2023-11,0.6969,0.4403,26.5352,23.9158,0.2553
Rajapalayam (TN-MWS01),2023-11,0.6627,0.48,28.4496,19.54,0.2689
Ramagudal,2023-11,0.6195,0.3964,30.0396,15.9027,0.2517
Ramanaickanpalayam,2023-11,0.6799,0.4844,28.4934,19.5973,0.2568
Samuthiram_1,2023-11,0.6491,0.4198,31.1854,18.1733,0.2387
Sanarpatti,2023-11,0.6419,0.44,27.9336,18.5517,0.2364
Sandhiyur,2023-11,0.6145,0.4502,29.3905,16.0165,0.2423
Sendarapatti,2023-11,0.6686,0.4196,27.0125,19.6016,0.2706
Singipuram,2023-11,0.6326,0.4396,28.6644,18.4458,0.2558
Siruvachur,2023-11,0.6893,0.4334,29.4335,20.1591,0.2897
Sitteri,2023-11,0.6787,0.4813,28.8796,19.7446,0.2637
Sukkampatti,2023-11,0.6939,0.4621,26.6599,19.3813,0.2497
Thekkampatti,2023-11,0.5787,0.3917,29.6554,18.1313,0.2414
Thuttampatti,2023-11,0.6508,0.432,30.2817,17.5239,0.2375
Vaikundham sankari Salem Tamil Nadu,2023-11,0.5209,0.3318,34.0622,18.2836,0.2945
Veerakal,2023-11,0.6173,0.4095,28.1875,18.7295,0.2348
Veppilaipatty,2023-11,0.6319,0.4264,27.2968,18.258,0.2556
Amaram_1,2023-12,0.553,0.3219,31.1659,11.179,0.1681
Ammapet_1,2023-12,0.5717,0.3299,29.2557,10.7039,0.1914
Ariyampatti,2023-12,0.649,0.4069,30.4292,11.9075,0.1814
Avaniperur Keelmugam,2023-12,0.6003,0.3698,30.6117,11.098,0.1911
Ayodhiyapattinam,2023-12,0.6284,0.3732,29.0032,11.1874,0.1976
Egapuram,2023-12,0.605,0.3867,31.1305,11.5838,0.1875
Erumaipatti_1,2023-12,0.5819,0.355,30.1965,9.9272,0.1945
Erumaipatti_2,2023-12,0.5978,0.3771,31.0609,11.038,0.1886
Gundakkal,2023-12,0.5722,0.3026,30.5473,12.2727,0.17
Hasthampati,2023-12,0.4591,0.2795,30.5711,9.9138,0.1965
Hasthampatti,2023-12,0.5023,0.305,30.12,10.577,0.1973
Illupanatham_1,2023-12,0.6033,0.3938,30.6417,15.7202,0.2065
Inam Bairoji,2023-12,0.6448,0.4028,30.2274,11.546,0.1886
Kadambur,2023-12,0.6764,0.4143,27.7669,16.197,0.1982
Kullampatti,2023-12,0.6386,0.4036,30.1192,11.5993,0.1929
M.Chettipatti,2023-12,0.6174,0.4014,30.2182,12.514,0.1819
Manjakalpatti,2023-12,0.5923,0.3671,29.7557,10.5017,0.1924
Mannarpalayam,2023-12,0.6569,0.3909,29.3477,12.5137,0.2071
Moolakadu,2023-12,0.4847,0.2907,27.8808,14.7086,0.1592
Murungapatty,2023-12,0.6511,0.3905,29.5343,11.7841,0.186
Muthiyampatti,2023-12,0.6333,0.3829,30.8019,11.4852,0.1842
Nadupatty,2023-12,0.5689,0.3169,30.5266,12.2614,0.1697
Navapatti,2023-12,0.6136,0.3762,25.9244,14.8013,0.1659
Pannavadi,2023-12,0.5133,0.2964,29.9496,14.2263,0.1444
Pappanaickanpatti,2023-12,0.7766,0.4012,24.5601,18.9306,0.216
Periyakadampatty,2023-12,0.6198,0.4031,30.223,12.4787,0.1816
Pillukurichi,2023-12,0.6222,0.3974,29.3237,11.917,0.1791
Pulluthikuttai,2023-12,0.7698,0.4137,25.6817,18.7794,0.2102
Rajapalayam (TN-MWS01),2023-12,0.5517,0.3363,29.9703,15.1503,0.2215
Ramagudal,2023-12,0.6128,0.419,29.8298,11.6114,0.1952
Ramanaickanpalayam,2023-12,0.6463,0.4025,29.7926,15.0222,0.209
Samuthiram_1,2023-12,0.6375,0.3891,30.8441,11.679,0.1836
Sanarpatti,2023-12,0.6264,0.3945,29.1717,12.3144,0.1826
Sandhiyur,2023-12,0.594,0.3492,30.2538,9.9148,0.1897
Sendarapatti,2023-12,0.6982,0.3919,27.9101,15.6521,0.2121
Singipuram,2023-12,0.6453,0.3972,29.6347,12.6288,0.2081
Siruvachur,2023-12,0.6416,0.4196,30.0918,16.9875,0.2503
Sitteri,2023-12,0.597,0.392,30.5733,15.826,0.2103
Sukkampatti,2023-12,0.6915,0.4279,28.0496,14.2744,0.2006
Thekkampatti,2023-12,0.5715,0.3458,30.0709,11.5084,0.1895
Thuttampatti,2023-12,0.6077,0.3921,30.7369,11.6107,0.182
Vaikundham sankari Salem Tamil Nadu,2023-12,0.5729,0.3328,28.8299,14.492,0.2485
Veerakal,2023-12,0.6125,0.3796,29.1621,12.2545,0.1798
Veppilaipatty,2023-12,0.6656,0.3817,28.6517,11.8746,0.2068
Amaram_1,2024-01,0.4211,0.245,32.7798,7.337,0.1397
Ammapet_1,2024-01,0.465,0.2681,29.9946,7.8384,0.1549
Ariyampatti,2024-01,0.4654,0.2922,32.105,8.6897,0.1468
Avaniperur Keelmugam,2024-01,0.5131,0.3346,30.5543,10.2801,0.1572
Ayodhiyapattinam,2024-01,0.5056,0.3009,30.3951,8.4161,0.1595
Egapuram,2024-01,0.4643,0.2869,32.0617,9.1909,0.1534
Erumaipatti_1,2024-01,0.4662,0.2806,31.4033,8.0127,0.159
Erumaipatti_2,2024-01,0.4895,0.3115,30.9771,9.9404,0.1539
Gundakkal,2024-01,0.4377,0.2297,31.5312,7.3169,0.1435
Hasthampati,2024-01,0.3761,0.2202,31.1122,6.5635,0.1605
Hasthampatti,2024-01,0.4114,0.2431,30.8227,7.4081,0.1612
Illupanatham_1,2024-01,0.4885,0.2956,31.6471,9.2642,0.1742
Inam Bairoji,2024-01,0.5162,0.3151,31.2396,9.5134,0.1518
Kadambur,2024-01,0.631,0.3834,28.8371,12.0051,0.166
Kullampatti,2024-01,0.5253,0.3444,30.0582,10.2439,0.1594
M.Chettipatti,2024-01,0.4721,0.2861,31.7539,8.8037,0.1476
Manjakalpatti,2024-01,0.4831,0.2978,30.4986,8.4936,0.1572
Mannarpalayam,2024-01,0.5249,0.2928,31.128,8.8412,0.1699
Moolakadu,2024-01,0.4294,0.2342,28.41,11.5219,0.1299
Murungapatty,2024-01,0.4837,0.2853,31.0163,9.1983,0.1514
Muthiyampatti,2024-01,0.5026,0.3179,31.7301,9.4652,0.1498
Nadupatty,2024-01,0.4502,0.2452,31.6096,7.6602,0.143
Navapatti,2024-01,0.5596,0.3186,26.6688,14.5768,0.1358
Pannavadi,2024-01,0.405,0.2431,31.2099,10.5709,0.1157
Pappanaickanpatti,2024-01,0.6783,0.3471,27.0311,16.729,0.1811
Periyakadampatty,2024-01,0.4694,0.2852,31.8289,8.6267,0.1472
Pillukurichi,2024-01,0.5179,0.3354,29.653,10.6553,0.1475
Pulluthikuttai,2024-01,0.6752,0.377,27.9147,18.2848,0.173
Rajapalayam (TN-MWS01),2024-01,0.4759,0.275,30.47,8.9573,0.191
Ramagudal,2024-01,0.5117,0.322,30.5765,9.8384,0.1615
Ramanaickanpalayam,2024-01,0.5387,0.3175,30.9039,10.0634,0.1728
Samuthiram_1,2024-01,0.492,0.3086,31.9761,9.2936,0.1493
Sanarpatti,2024-01,0.5049,0.3085,30.3777,10.1203,0.1487
Sandhiyur,2024-01,0.4616,0.2859,31.2057,7.3918,0.1528
Sendarapatti,2024-01,0.6032,0.3481,28.8952,11.976,0.1778
Singipuram,2024-01,0.5073,0.2911,31.5433,8.7107,0.1708
Siruvachur,2024-01,0.5726,0.3711,31.3956,11.8571,0.2238
Sitteri,2024-01,0.4973,0.309,31.6898,9.4544,0.1769
Sukkampatti,2024-01,0.5532,0.3238,29.7131,10.9156,0.1617
Thekkampatti,2024-01,0.4708,0.2654,31.1477,8.3644,0.155
Thuttampatti,2024-01,0.4457,0.2674,32.6612,8.1011,0.1474
Vaikundham sankari Salem Tamil Nadu,2024-01,0.5903,0.3308,29.9595,14.0884,0.2136
Veerakal,2024-01,0.5136,0.3052,30.1842,9.5847,0.1467
Veppilaipatty,2024-01,0.5417,0.3026,30.2369,8.6849,0.1711
Amaram_1,2024-02,0.3594,0.2114,36.6445,4.866,0.1016
Ammapet_1,2024-02,0.42,0.2416,33.2946,6.4125,0.1078
Ariyampatti,2024-02,0.3849,0.2318,36.4346,5.2199,0.1047
Avaniperur Keelmugam,2024-02,0.4342,0.2648,35.3479,6.652,0.1105
Ayodhiyapattinam,2024-02,0.4489,0.2618,33.6823,6.8092,0.1101
Egapuram,2024-02,0.3911,0.2362,36.3237,5.6781,0.1092
Erumaipatti_1,2024-02,0.3876,0.2273,34.9953,5.2006,0.1097
Erumaipatti_2,2024-02,0.415,0.2581,35.4424,5.9401,0.109
Gundakkal,2024-02,0.3818,0.2095,35.1205,5.2047,0.1043
Hasthampati,2024-02,0.3492,0.2044,34.2048,5.5324,0.1141
Hasthampatti,2024-02,0.3809,0.2204,33.8396,6.2465,0.1141
Illupanatham_1,2024-02,0.4391,0.2938,34.6374,6.1497,0.1153
Inam Bairoji,2024-02,0.4656,0.2829,34.882,7.6143,0.1085
Kadambur,2024-02,0.5001,0.2903,32.2404,7.437,0.1139
Kullampatti,2024-02,0.4439,0.2805,34.362,6.7836,0.111
M.Chettipatti,2024-02,0.4061,0.2365,35.7134,5.8598,0.106
Manjakalpatti,2024-02,0.3995,0.2417,34.2501,5.3258,0.1096
Mannarpalayam,2024-02,0.4431,0.2545,33.9603,6.2118,0.1159
Moolakadu,2024-02,0.3185,0.1813,31.8533,6.9524,0.0916
Murungapatty,2024-02,0.4187,0.2397,34.7814,5.9041,0.1094
Muthiyampatti,2024-02,0.4191,0.2498,36.426,6.2577,0.1067
Nadupatty,2024-02,0.3995,0.2254,35.2605,5.424,0.1036
Navapatti,2024-02,0.5045,0.2681,29.9135,8.9405,0.094
Pannavadi,2024-02,0.3367,0.2104,34.9849,6.7962,0.0819
Pappanaickanpatti,2024-02,0.573,0.2958,29.9985,10.433,0.122
Periyakadampatty,2024-02,0.4018,0.2365,35.9059,5.7686,0.1053
Pillukurichi,2024-02,0.4761,0.2914,33.3773,7.7399,0.1024
Pulluthikuttai,2024-02,0.5635,0.3027,30.8515,10.6721,0.1153
Rajapalayam (TN-MWS01),2024-02,0.4434,0.3159,33.4534,6.491,0.1307
Ramagudal,2024-02,0.4568,0.2825,33.7057,6.9649,0.1112
Ramanaickanpalayam,2024-02,0.4819,0.2986,33.9432,7.1995,0.1145
Samuthiram_1,2024-02,0.4083,0.242,36.5485,6.0065,0.1063
Sanarpatti,2024-02,0.4327,0.2527,33.9285,6.0183,0.1054
Sandhiyur,2024-02,0.4112,0.2459,34.4236,5.7973,0.1091
Sendarapatti,2024-02,0.5076,0.3005,31.9728,8.7636,0.1246
Singipuram,2024-02,0.4332,0.2576,34.6548,6.3148,0.115
Siruvachur,2024-02,0.4892,0.3096,34.114,8.4312,0.1684
Sitteri,2024-02,0.4338,0.2938,34.6747,6.2719,0.1161
Sukkampatti,2024-02,0.4827,0.2726,32.862,7.5426,0.111
Thekkampatti,2024-02,0.4167,0.2307,34.3027,6.0015,0.1116
Thuttampatti,2024-02,0.3755,0.2229,36.7872,5.2769,0.1051
Vaikundham sankari Salem Tamil Nadu,2024-02,0.5308,0.3379,32.6324,11.0156,0.1269
Veerakal,2024-02,0.4461,0.2559,33.6544,6.2275,0.1046
Veppilaipatty,2024-02,0.4671,0.2583,32.6807,6.4935,0.1202
Amaram_1,2024-03,0.3198,0.1891,39.7006,2.5805,0.0826
Ammapet_1,2024-03,0.3813,0.2316,36.5178,3.5732,0.083
Ariyampatti,2024-03,0.3423,0.2065,39.3531,2.8509,0.086
Avaniperur Keelmugam,2024-03,0.3654,0.2189,38.7316,3.1446,0.0913
Ayodhiyapattinam,2024-03,0.4083,0.2449,37.5451,3.8375,0.0844
Egapuram,2024-03,0.3441,0.208,39.6872,2.9317,0.0899
Erumaipatti_1,2024-03,0.3549,0.2152,37.4733,2.8839,0.0909
Erumaipatti_2,2024-03,0.3643,0.2231,38.3709,3.1752,0.0902
Gundakkal,2024-03,0.3433,0.1878,38.1762,2.7238,0.0834
Hasthampati,2024-03,0.33,0.2078,37.268,3.2008,0.0884
Hasthampatti,2024-03,0.3609,0.2238,36.9871,3.8093,0.0882
Illupanatham_1,2024-03,0.3912,0.2683,39.8213,4.9289,0.0877
Inam Bairoji,2024-03,0.4243,0.2538,37.1202,4.4,0.0889
Kadambur,2024-03,0.4426,0.2418,37.0532,5.5812,0.0891
Kullampatti,2024-03,0.3818,0.229,37.4355,3.4071,0.0921
M.Chettipatti,2024-03,0.367,0.2255,38.538,3.2842,0.0864
Manjakalpatti,2024-03,0.3597,0.2201,36.6511,2.912,0.0911
Mannarpalayam,2024-03,0.3749,0.2169,38.8361,3.4453,0.0877
Moolakadu,2024-03,0.2824,0.1609,35.1105,2.7262,0.0754
Murungapatty,2024-03,0.3724,0.2125,37.628,3.0536,0.0885
Muthiyampatti,2024-03,0.3515,0.2083,39.9117,2.8844,0.0878
Nadupatty,2024-03,0.361,0.2001,38.1785,2.9798,0.0829
Navapatti,2024-03,0.4347,0.2166,33.6333,3.3718,0.0784
Pannavadi,2024-03,0.2769,0.1684,39.0669,2.7964,0.0664
Pappanaickanpatti,2024-03,0.4666,0.2342,34.4017,5.7807,0.0934
Periyakadampatty,2024-03,0.3632,0.2233,38.6984,3.2035,0.0862
Pillukurichi,2024-03,0.4409,0.2582,36.4755,4.8607,0.0851
Pulluthikuttai,2024-03,0.4707,0.2379,34.5714,5.2634,0.0879
Rajapalayam (TN-MWS01),2024-03,0.4002,0.287,38.703,5.2763,0.1002
Ramagudal,2024-03,0.4078,0.2455,36.9135,3.9067,0.0922
Ramanaickanpalayam,2024-03,0.4489,0.2763,37.9266,5.9716,0.0874
Samuthiram_1,2024-03,0.348,0.2067,39.9627,2.8793,0.0875
Sanarpatti,2024-03,0.3891,0.2259,37.0226,3.5037,0.0871
Sandhiyur,2024-03,0.3719,0.2185,37.0126,3.0749,0.0879
Sendarapatti,2024-03,0.4544,0.2583,37.0675,5.9667,0.1034
Singipuram,2024-03,0.3794,0.2269,39.3549,3.826,0.0873
Siruvachur,2024-03,0.394,0.235,39.3477,5.2936,0.1278
Sitteri,2024-03,0.398,0.2746,39.4211,5.3657,0.0876
Sukkampatti,2024-03,0.429,0.2397,36.6575,4.1703,0.0851
Thekkampatti,2024-03,0.3965,0.2352,37.3717,3.7881,0.088
Thuttampatti,2024-03,0.3383,0.2044,39.7585,2.7273,0.0864
Vaikundham sankari Salem Tamil Nadu,2024-03,0.486,0.2874,36.0084,6.9886,0.1013
Veerakal,2024-03,0.3961,0.2315,36.8671,3.7608,0.0861
Veppilaipatty,2024-03,0.3921,0.2202,37.3321,3.4562,0.0916
Amaram_1,2024-04,0.3063,0.1881,42.9981,2.1384,0.0775
Ammapet_1,2024-04,0.3682,0.2135,39.4218,2.6485,0.0796
Ariyampatti,2024-04,0.3307,0.2023,42.1071,2.3921,0.0858
Avaniperur Keelmugam,2024-04,0.3632,0.2265,40.8602,3.0469,0.0922
Ayodhiyapattinam,2024-04,0.3877,0.2267,40.3166,2.8648,0.08
Egapuram,2024-04,0.3246,0.1983,42.7222,2.3049,0.0901
Erumaipatti_1,2024-04,0.343,0.2243,39.694,2.4234,0.091
Erumaipatti_2,2024-04,0.3488,0.221,41.209,2.7234,0.0903
Gundakkal,2024-04,0.3216,0.1809,41.176,2.0385,0.0745
Hasthampati,2024-04,0.331,0.2034,39.9478,2.4499,0.0858
Hasthampatti,2024-04,0.3557,0.2191,39.6539,2.9194,0.0854
Illupanatham_1,2024-04,0.3145,0.2143,43.8467,2.7929,0.0762
Inam Bairoji,2024-04,0.4204,0.268,39.8232,3.8111,0.0867
Kadambur,2024-04,0.379,0.234,40.0397,3.4869,0.0782
Kullampatti,2024-04,0.3909,0.2456,39.0122,3.5785,0.0939
M.Chettipatti,2024-04,0.3587,0.2165,41.6536,2.7177,0.0856
Manjakalpatti,2024-04,0.3463,0.2277,39.098,2.5572,0.0916
Mannarpalayam,2024-04,0.3427,0.195,41.3163,2.3606,0.0783
Moolakadu,2024-04,0.2789,0.1636,37.5763,2.6218,0.0737
Murungapatty,2024-04,0.3546,0.2031,41.1112,2.3191,0.087
Muthiyampatti,2024-04,0.3387,0.2045,42.475,2.4894,0.0878
Nadupatty,2024-04,0.3422,0.1917,41.0132,2.2834,0.0749
Navapatti,2024-04,0.4306,0.2423,35.2428,3.3723,0.0807
Pannavadi,2024-04,0.258,0.16,42.3744,2.0742,0.0634
Pappanaickanpatti,2024-04,0.4134,0.2339,37.0624,3.4428,0.0806
Periyakadampatty,2024-04,0.3529,0.2134,41.8269,2.6455,0.0857
Pillukurichi,2024-04,0.4513,0.2769,37.8943,4.8429,0.0871
Pulluthikuttai,2024-04,0.4404,0.2248,36.9702,3.4272,0.0782
Rajapalayam (TN-MWS01),2024-04,0.3269,0.2272,42.9914,2.8959,0.0868
Ramagudal,2024-04,0.3953,0.252,39.321,3.5107,0.0949
Ramanaickanpalayam,2024-04,0.4013,0.275,40.5555,4.226,0.0771
Samuthiram_1,2024-04,0.3326,0.2003,42.7096,2.413,0.0874
Sanarpatti,2024-04,0.3743,0.2276,39.3905,3.1078,0.0872
Sandhiyur,2024-04,0.356,0.2175,39.9662,2.4174,0.0854
Sendarapatti,2024-04,0.3943,0.2473,39.9112,3.8005,0.0926
Singipuram,2024-04,0.3483,0.2098,42.0983,2.644,0.078
Siruvachur,2024-04,0.3169,0.1999,43.2479,2.8574,0.1019
Sitteri,2024-04,0.3348,0.2262,43.3185,3.1644,0.0758
Sukkampatti,2024-04,0.4063,0.2326,38.7565,3.0717,0.0802
Thekkampatti,2024-04,0.3877,0.233,40.2187,3.0766,0.0859
Thuttampatti,2024-04,0.3196,0.1958,42.9634,2.201,0.0862
Vaikundham sankari Salem Tamil Nadu,2024-04,0.4328,0.256,40.1346,5.0095,0.0957
Veerakal,2024-04,0.3791,0.2307,39.5426,3.295,0.0852
Veppilaipatty,2024-04,0.3634,0.1984,39.4023,2.2738,0.0816
Amaram_1,2024-05,0.4464,0.2793,39.8832,7.869,0.1876
Ammapet_1,2024-05,0.4625,0.2729,29.7464,9.5423,0.1913
Ariyampatti,2024-05,0.4505,0.2675,39.6361,7.7936,0.191
Avaniperur Keelmugam,2024-05,0.4851,0.3023,39.1508,8.7456,0.1936
Ayodhiyapattinam,2024-05,0.495,0.2856,31.4156,9.7125,0.1937
Egapuram,2024-05,0.4104,0.2288,39.52,7.482,0.1942
Erumaipatti_1,2024-05,0.4656,0.295,37.9029,8.2139,0.1919
Erumaipatti_2,2024-05,0.443,0.2751,38.3137,7.4882,0.1942
Gundakkal,2024-05,0.4615,0.287,35.0845,8.7877,0.189
Hasthampati,2024-05,0.4077,0.2581,32.2853,8.3695,0.1971
Hasthampatti,2024-05,0.4457,0.2829,32.2591,9.2479,0.1969
Illupanatham_1,2024-05,0.4228,0.2486,38.5738,7.3793,0.1676
Inam Bairoji,2024-05,0.5065,0.3198,36.213,9.9886,0.1962
Kadambur,2024-05,0.4967,0.2666,38.3851,9.2607,0.1801
Kullampatti,2024-05,0.5173,0.3314,36.3478,10.0231,0.1934
M.Chettipatti,2024-05,0.4461,0.2536,39.991,8.4839,0.192
Manjakalpatti,2024-05,0.4701,0.3004,38.3942,8.2509,0.1931
Mannarpalayam,2024-05,0.4522,0.2761,32.7331,8.1745,0.1919
Moolakadu,2024-05,0.4686,0.2918,33.4261,10.9681,0.1775
Murungapatty,2024-05,0.4841,0.266,36.6807,9.0197,0.1947
Muthiyampatti,2024-05,0.4607,0.2749,40.1056,8.0516,0.1924
Nadupatty,2024-05,0.4651,0.3004,35.9751,8.3629,0.1905
Navapatti,2024-05,0.5934,0.3779,30.1218,13.3054,0.1802
Pannavadi,2024-05,0.4066,0.2593,40.1919,7.8479,0.1692
Pappanaickanpatti,2024-05,0.5765,0.321,32.0776,11.0308,0.1878
Periyakadampatty,2024-05,0.4388,0.2554,40.0762,8.4047,0.1915
Pillukurichi,2024-05,0.5537,0.3583,33.6262,11.6808,0.1869
Pulluthikuttai,2024-05,0.5479,0.341,30.0781,13.4925,0.19
Rajapalayam (TN-MWS01),2024-05,0.3626,0.2055,37.6757,7.0289,0.1732
Ramagudal,2024-05,0.4947,0.3185,33.7062,8.7868,0.1911
Ramanaickanpalayam,2024-05,0.4993,0.3266,33.3283,9.5318,0.1875
Samuthiram_1,2024-05,0.4484,0.2649,40.7464,7.8553,0.1922
Sanarpatti,2024-05,0.4994,0.3133,33.8952,9.7695,0.1909
Sandhiyur,2024-05,0.4806,0.2964,33.6799,8.9638,0.1971
Sendarapatti,2024-05,0.5229,0.2896,35.2539,9.0319,0.1904
Singipuram,2024-05,0.4514,0.2837,33.0577,8.352,0.1911
Siruvachur,2024-05,0.4412,0.2641,38.8344,7.8641,0.1855
Sitteri,2024-05,0.4453,0.2622,39.1234,7.6108,0.1639
Sukkampatti,2024-05,0.5458,0.3158,32.7845,11.0777,0.195
Thekkampatti,2024-05,0.4918,0.295,37.763,9.7378,0.1956
Thuttampatti,2024-05,0.4212,0.2333,40.6446,7.6175,0.1913
Vaikundham sankari Salem Tamil Nadu,2024-05,0.4552,0.2756,37.4798,11.4887,0.2136
Veerakal,2024-05,0.516,0.3314,32.5471,10.5473,0.1903
Veppilaipatty,2024-05,0.4559,0.2574,33.0555,8.2055,0.1941
Amaram_1,2024-06,0.5875,0.4184,33.8235,13.1629,0.2153
Ammapet_1,2024-06,0.5707,0.3815,31.4493,13.6704,0.2298
Ariyampatti,2024-06,0.5926,0.4228,34.7442,12.4032,0.2174
Avaniperur Keelmugam,2024-06,0.5932,0.4144,34.159,13.3975,0.2145
Ayodhiyapattinam,2024-06,0.6174,0.424,30.7347,13.4704,0.2342
Egapuram,2024-06,0.5445,0.3768,35.3632,11.6091,0.2189
Erumaipatti_1,2024-06,0.5759,0.3994,33.5201,12.7419,0.2118
Erumaipatti_2,2024-06,0.5657,0.4059,34.2977,11.8872,0.2186
Gundakkal,2024-06,0.6605,0.4632,31.2836,15.5381,0.2184
Hasthampati,2024-06,0.4733,0.3112,33.2085,11.1147,0.235
Hasthampatti,2024-06,0.5141,0.3448,32.4328,12.3517,0.2353
Illupanatham_1,2024-06,0.525,0.3442,37.6568,11.6442,0.2205
Inam Bairoji,2024-06,0.6205,0.3989,32.8004,13.9191,0.2273
Kadambur,2024-06,0.6661,0.4483,33.8576,15.6392,0.2243
Kullampatti,2024-06,0.6152,0.4214,33.5321,13.9776,0.2105
M.Chettipatti,2024-06,0.5713,0.3821,35.03,12.0953,0.2201
Manjakalpatti,2024-06,0.5866,0.4203,33.0752,13.0958,0.214
Mannarpalayam,2024-06,0.61,0.4012,32.2342,11.3016,0.2377
Moolakadu,2024-06,0.5632,0.3976,31.8736,16.1746,0.1962
Murungapatty,2024-06,0.5989,0.4182,33.2504,13.8069,0.2245
Muthiyampatti,2024-06,0.6044,0.4282,35.1645,13.3883,0.2178
Nadupatty,2024-06,0.6653,0.4681,31.7214,14.7868,0.2188
Navapatti,2024-06,0.701,0.485,28.5007,17.5981,0.1927
Pannavadi,2024-06,0.5521,0.3945,33.8427,12.2095,0.1902
Pappanaickanpatti,2024-06,0.7464,0.5003,29.0091,18.5625,0.2284
Periyakadampatty,2024-06,0.5728,0.3837,35.3766,12.098,0.2187
Pillukurichi,2024-06,0.6503,0.4385,33.0046,15.3253,0.2013
Pulluthikuttai,2024-06,0.7255,0.4621,29.5045,18.9541,0.232
Rajapalayam (TN-MWS01),2024-06,0.4704,0.2976,38.7661,9.6393,0.2168
Ramagudal,2024-06,0.5856,0.382,34.0449,12.6051,0.2048
Ramanaickanpalayam,2024-06,0.619,0.4398,33.6394,13.359,0.2332
Samuthiram_1,2024-06,0.5964,0.4213,35.4127,13.1058,0.218
Sanarpatti,2024-06,0.6466,0.4663,32.1036,13.9138,0.2144
Sandhiyur,2024-06,0.6091,0.4093,31.8078,12.6555,0.2319
Sendarapatti,2024-06,0.6754,0.4594,33.3961,16.1671,0.2387
Singipuram,2024-06,0.5931,0.4095,32.6715,11.1661,0.2362
Siruvachur,2024-06,0.5277,0.3386,34.6268,11.334,0.2405
Sitteri,2024-06,0.5327,0.362,36.9522,11.514,0.2203
Sukkampatti,2024-06,0.6765,0.4508,29.4974,16.2806,0.2363
Thekkampatti,2024-06,0.5816,0.3828,33.302,13.2772,0.2302
Thuttampatti,2024-06,0.5602,0.3726,35.9168,11.7336,0.2175
Vaikundham sankari Salem Tamil Nadu,2024-06,0.5383,0.3609,35.0856,13.1007,0.2329
Veerakal,2024-06,0.6618,0.485,31.1391,14.8877,0.2151
Veppilaipatty,2024-06,0.6515,0.4159,31.6936,12.8007,0.2384
Amaram_1,2024-07,0.5871,0.3893,31.9391,15.1568,0.195
Ammapet_1,2024-07,0.5107,0.3511,32.8959,15.1603,0.1933
Ariyampatti,2024-07,0.573,0.3898,32.042,15.8134,0.1942
Avaniperur Keelmugam,2024-07,0.6433,0.4734,33.0719,16.0947,0.1939
Ayodhiyapattinam,2024-07,0.5807,0.4128,32.7321,15.2104,0.1956
Egapuram,2024-07,0.6129,0.4171,34.0827,15.3976,0.1947
Erumaipatti_1,2024-07,0.5241,0.3752,32.0805,13.511,0.1897
Erumaipatti_2,2024-07,0.634,0.4721,32.8863,16.1436,0.1939
Gundakkal,2024-07,0.634,0.4318,30.6583,19.3329,0.195
Hasthampati,2024-07,0.4205,0.2774,34.0938,12.4804,0.202
Hasthampatti,2024-07,0.4597,0.3063,33.3756,13.529,0.2019
Illupanatham_1,2024-07,0.4429,0.265,39.9329,9.9949,0.1661
Inam Bairoji,2024-07,0.5983,0.4277,31.8644,14.8774,0.1945
Kadambur,2024-07,0.5414,0.3579,36.4268,14.805,0.1726
Kullampatti,2024-07,0.5689,0.423,31.879,14.8662,0.1927
M.Chettipatti,2024-07,0.5334,0.342,34.68,13.3543,0.1951
Manjakalpatti,2024-07,0.5381,0.399,31.5358,14.1368,0.1915
Mannarpalayam,2024-07,0.5635,0.3804,33.3585,13.5149,0.1951
Moolakadu,2024-07,0.4955,0.3473,30.6339,18.9866,0.1818
Murungapatty,2024-07,0.6114,0.3855,34.0924,14.3654,0.1966
Muthiyampatti,2024-07,0.6408,0.4408,32.9537,16.407,0.1944
Nadupatty,2024-07,0.6333,0.4344,30.3517,18.3796,0.1914
Navapatti,2024-07,0.6053,0.4727,28.2639,20.6899,0.1789
Pannavadi,2024-07,0.4452,0.2861,33.5243,15.3879,0.1755
Pappanaickanpatti,2024-07,0.6644,0.4572,29.5343,22.896,0.1855
Periyakadampatty,2024-07,0.5367,0.3452,34.3987,13.5475,0.1946
Pillukurichi,2024-07,0.6067,0.4554,30.98,15.8642,0.1862
Pulluthikuttai,2024-07,0.6314,0.4465,28.4638,21.0998,0.1904
Rajapalayam (TN-MWS01),2024-07,0.3626,0.1981,41.9325,9.066,0.1658
Ramagudal,2024-07,0.4819,0.349,33.1304,12.1182,0.1889
Ramanaickanpalayam,2024-07,0.5802,0.3981,34.7003,13.6574,0.1875
Samuthiram_1,2024-07,0.6306,0.4283,33.1031,16.2423,0.1944
Sanarpatti,2024-07,0.598,0.4244,30.8115,16.4457,0.1941
Sandhiyur,2024-07,0.5742,0.411,32.0394,13.1624,0.1954
Sendarapatti,2024-07,0.5651,0.357,29.787,15.1256,0.1817
Singipuram,2024-07,0.5487,0.3718,34.9919,13.124,0.1934
Siruvachur,2024-07,0.4782,0.2922,38.1446,11.9955,0.1988
Sitteri,2024-07,0.471,0.2898,39.2363,10.2972,0.1664
Sukkampatti,2024-07,0.645,0.4669,31.1002,17.1053,0.1966
Thekkampatti,2024-07,0.5696,0.3631,33.5922,14.2762,0.1999
Thuttampatti,2024-07,0.5688,0.3667,34.4228,13.7738,0.1943
Vaikundham sankari Salem Tamil Nadu,2024-07,0.4496,0.2853,37.5839,12.4745,0.2437
Veerakal,2024-07,0.6521,0.471,30.7963,17.6238,0.1943
Veppilaipatty,2024-07,0.603,0.4104,31.5747,15.3091,0.1973
Amaram_1,2024-08,0.5843,0.3551,30.4977,18.0872,0.243
Ammapet_1,2024-08,0.5975,0.4127,30.6988,18.5341,0.2473
Ariyampatti,2024-08,0.5919,0.3688,31.5714,17.3217,0.2435
Avaniperur Keelmugam,2024-08,0.6444,0.4219,31.0515,18.4991,0.2382
Ayodhiyapattinam,2024-08,0.687,0.4855,29.9663,19.0429,0.2509
Egapuram,2024-08,0.6243,0.4198,31.9332,18.3567,0.2424
Erumaipatti_1,2024-08,0.6314,0.4327,32.3079,16.9785,0.2367
Erumaipatti_2,2024-08,0.667,0.4661,31.211,19.0388,0.2412
Gundakkal,2024-08,0.6377,0.3946,29.4281,20.5163,0.2454
Hasthampati,2024-08,0.4893,0.332,32.5181,16.7652,0.255
Hasthampatti,2024-08,0.5369,0.3716,31.7294,17.61,0.2553
Illupanatham_1,2024-08,0.5562,0.3276,34.7549,13.6237,0.2361
Inam Bairoji,2024-08,0.678,0.4669,31.7362,18.3126,0.2446
Kadambur,2024-08,0.6702,0.4479,31.4528,17.6335,0.2394
Kullampatti,2024-08,0.6316,0.4055,30.6099,18.3748,0.2345
M.Chettipatti,2024-08,0.6111,0.3869,31.9721,17.0251,0.2454
Manjakalpatti,2024-08,0.6471,0.4384,31.2092,17.3941,0.2372
Mannarpalayam,2024-08,0.6622,0.454,31.6066,17.7956,0.2518
Moolakadu,2024-08,0.4174,0.2859,27.8546,21.5587,0.224
Murungapatty,2024-08,0.6677,0.4327,30.0665,18.0283,0.2471
Muthiyampatti,2024-08,0.6188,0.3836,31.32,17.9313,0.2428
Nadupatty,2024-08,0.6689,0.4121,29.6702,20.2074,0.246
Navapatti,2024-08,0.6613,0.4893,26.5196,22.8955,0.2217
Pannavadi,2024-08,0.3339,0.212,30.6404,19.9144,0.2156
Pappanaickanpatti,2024-08,0.7727,0.5157,28.0508,26.341,0.2529
Periyakadampatty,2024-08,0.5989,0.3801,31.906,17.0185,0.2444
Pillukurichi,2024-08,0.6599,0.4308,29.0669,19.3049,0.2281
Pulluthikuttai,2024-08,0.772,0.5443,27.8126,26.1104,0.2529
Rajapalayam (TN-MWS01),2024-08,0.4523,0.2607,36.7595,12.1983,0.2312
Ramagudal,2024-08,0.5695,0.3814,32.2063,17.406,0.2304
Ramanaickanpalayam,2024-08,0.6505,0.4286,31.9641,16.1275,0.2517
Samuthiram_1,2024-08,0.6123,0.3784,31.4905,17.7679,0.2431
Sanarpatti,2024-08,0.6468,0.4246,29.5501,18.5323,0.2412
Sandhiyur,2024-08,0.6672,0.4711,30.4946,17.84,0.2467
Sendarapatti,2024-08,0.6956,0.4688,30.4231,17.7905,0.2471
Singipuram,2024-08,0.6434,0.4405,32.322,17.121,0.2525
Siruvachur,2024-08,0.6087,0.3915,32.8793,15.8866,0.2645
Sitteri,2024-08,0.5689,0.3491,34.1911,14.1087,0.2363
Sukkampatti,2024-08,0.7441,0.5151,28.7377,22.1037,0.2529
Thekkampatti,2024-08,0.6042,0.3958,30.3906,18.1624,0.2525
Thuttampatti,2024-08,0.5919,0.3762,31.5712,16.7958,0.2434
Vaikundham sankari Salem Tamil Nadu,2024-08,0.5213,0.328,35.3215,15.5044,0.2622
Veerakal,2024-08,0.6164,0.4012,29.7508,19.3404,0.2419
Veppilaipatty,2024-08,0.6857,0.4696,30.1969,18.3622,0.2515
Amaram_1,2024-09,0.5558,0.3538,35.8729,15.0606,0.1814
Ammapet_1,2024-09,0.538,0.3343,33.9969,15.4215,0.1854
Ariyampatti,2024-09,0.4888,0.3066,36.3949,13.2683,0.1825
Avaniperur Keelmugam,2024-09,0.5515,0.3508,35.0731,14.4963,0.1747
Ayodhiyapattinam,2024-09,0.6423,0.3926,33.2177,15.6579,0.1866
Egapuram,2024-09,0.4588,0.2819,35.9425,13.8093,0.1779
Erumaipatti_1,2024-09,0.5391,0.3473,34.5377,14.8289,0.1619
Erumaipatti_2,2024-09,0.5044,0.309,35.174,14.7108,0.1737
Gundakkal,2024-09,0.546,0.3222,34.509,18.1008,0.1814
Hasthampati,2024-09,0.4526,0.2826,35.7157,13.2789,0.1959
Hasthampatti,2024-09,0.5125,0.3141,35.203,14.4317,0.1961
Illupanatham_1,2024-09,0.6335,0.4265,36.6429,13.338,0.1663
Inam Bairoji,2024-09,0.5195,0.3406,34.903,15.0617,0.1751
Kadambur,2024-09,0.679,0.4192,33.8412,15.9208,0.1707
Kullampatti,2024-09,0.5518,0.3437,33.4694,14.7343,0.1687
M.Chettipatti,2024-09,0.5105,0.3173,35.6283,14.0223,0.1841
Manjakalpatti,2024-09,0.5348,0.3542,33.9861,15.1662,0.1663
Mannarpalayam,2024-09,0.6599,0.4041,33.9465,14.9688,0.1871
Moolakadu,2024-09,0.3604,0.2318,31.5269,19.4557,0.1542
Murungapatty,2024-09,0.5608,0.3581,33.8341,16.1417,0.1843
Muthiyampatti,2024-09,0.5349,0.3151,36.7401,13.257,0.1803
Nadupatty,2024-09,0.5898,0.3507,33.794,18.4043,0.18
Navapatti,2024-09,0.583,0.3814,29.5637,23.1552,0.1556
Pannavadi,2024-09,0.3191,0.216,34.5688,16.3671,0.1415
Pappanaickanpatti,2024-09,0.7894,0.4524,28.786,26.5987,0.1869
Periyakadampatty,2024-09,0.5038,0.3134,35.7122,13.9397,0.1832
Pillukurichi,2024-09,0.5589,0.3697,32.4639,16.5299,0.1615
Pulluthikuttai,2024-09,0.8055,0.463,28.2864,26.2899,0.1876
Rajapalayam (TN-MWS01),2024-09,0.5766,0.3801,38.7941,12.1428,0.1569
Ramagudal,2024-09,0.501,0.3119,35.6488,12.7316,0.1586
Ramanaickanpalayam,2024-09,0.6495,0.402,34.6202,14.6977,0.1868
Samuthiram_1,2024-09,0.5155,0.3011,36.8103,13.1703,0.1808
Sanarpatti,2024-09,0.5414,0.3474,33.8504,15.5331,0.1802
Sandhiyur,2024-09,0.5682,0.3794,34.0193,14.9131,0.1808
Sendarapatti,2024-09,0.6631,0.3889,33.7566,16.4005,0.1748
Singipuram,2024-09,0.6252,0.3822,34.3967,13.8302,0.1877
Siruvachur,2024-09,0.6701,0.4228,34.7451,15.4922,0.2086
Sitteri,2024-09,0.6075,0.4151,36.5522,13.3081,0.1667
Sukkampatti,2024-09,0.73,0.4337,31.4646,20.0531,0.187
Thekkampatti,2024-09,0.5861,0.3677,34.0951,15.3382,0.1926
Thuttampatti,2024-09,0.4504,0.2871,36.2631,13.4178,0.182
Vaikundham sankari Salem Tamil Nadu,2024-09,0.5221,0.3062,36.0492,11.451,0.1883
Veerakal,2024-09,0.5609,0.3675,33.5276,16.4315,0.1806
Veppilaipatty,2024-09,0.6623,0.4188,32.8553,15.9026,0.1868
Amaram_1,2024-10,0.6854,0.4892,29.4292,20.8153,0.273
Ammapet_1,2024-10,0.6125,0.3956,29.872,19.3799,0.2627
Ariyampatti,2024-10,0.6933,0.5271,30.5671,19.6402,0.2699
Avaniperur Keelmugam,2024-10,0.5994,0.3915,31.2653,18.1199,0.2666
Ayodhiyapattinam,2024-10,0.6881,0.4613,29.5892,19.7267,0.2659
Egapuram,2024-10,0.6259,0.4226,30.4411,18.3376,0.2675
Erumaipatti_1,2024-10,0.6629,0.4919,30.4376,18.0753,0.2694
Erumaipatti_2,2024-10,0.6037,0.4018,30.3404,17.4882,0.2663
Gundakkal,2024-10,0.7244,0.4879,29.2657,22.9085,0.275
Hasthampati,2024-10,0.4979,0.3246,31.1056,17.7759,0.2716
Hasthampatti,2024-10,0.55,0.364,30.7013,18.9883,0.2717
Illupanatham_1,2024-10,0.7417,0.5541,30.1219,20.639,0.2426
Inam Bairoji,2024-10,0.6691,0.439,29.7321,18.7918,0.265
Kadambur,2024-10,0.7657,0.5401,28.6893,22.0313,0.2526
Kullampatti,2024-10,0.63,0.4264,29.4628,18.9618,0.2662
M.Chettipatti,2024-10,0.6829,0.5139,30.4342,19.6248,0.2699
Manjakalpatti,2024-10,0.6498,0.4705,29.7756,18.1367,0.2663
Mannarpalayam,2024-10,0.7141,0.508,29.4083,20.0312,0.2663
Moolakadu,2024-10,0.5607,0.3397,28.1577,23.5271,0.2579
Murungapatty,2024-10,0.6921,0.4821,29.4055,20.378,0.269
Muthiyampatti,2024-10,0.6469,0.4322,31.6961,19.1009,0.2688
Nadupatty,2024-10,0.7075,0.4727,29.4773,22.015,0.273
Navapatti,2024-10,0.6972,0.498,27.1372,23.4415,0.252
Pannavadi,2024-10,0.5123,0.3054,29.398,21.6626,0.2515
Pappanaickanpatti,2024-10,0.8128,0.5543,26.3861,30.6806,0.2651
Periyakadampatty,2024-10,0.6894,0.5251,30.3588,19.6969,0.2699
Pillukurichi,2024-10,0.6478,0.4444,29.6774,19.8805,0.2597
Pulluthikuttai,2024-10,0.8058,0.5635,26.6253,28.6893,0.2664
Rajapalayam (TN-MWS01),2024-10,0.7478,0.5746,30.0244,20.4208,0.2536
Ramagudal,2024-10,0.6371,0.4432,30.1651,18.9409,0.2662
Ramanaickanpalayam,2024-10,0.7035,0.4857,29.9284,19.7385,0.2623
Samuthiram_1,2024-10,0.6496,0.4357,31.4299,19.1654,0.2691
Sanarpatti,2024-10,0.6939,0.5328,29.5853,20.3186,0.2687
Sandhiyur,2024-10,0.6709,0.4485,29.3432,18.7584,0.2641
Sendarapatti,2024-10,0.7361,0.4991,29.0943,20.6243,0.2767
Singipuram,2024-10,0.6934,0.4891,30.0479,19.3528,0.266
Siruvachur,2024-10,0.7291,0.5423,29.998,20.4189,0.274
Sitteri,2024-10,0.7069,0.5118,30.495,19.6957,0.2396
Sukkampatti,2024-10,0.7457,0.5226,28.7852,23.1249,0.2678
Thekkampatti,2024-10,0.6546,0.4626,29.9227,19.9723,0.2712
Thuttampatti,2024-10,0.6682,0.4983,30.7228,19.2018,0.2697
Vaikundham sankari Salem Tamil Nadu,2024-10,0.6442,0.4229,30.5092,17.5973,0.3292
Veerakal,2024-10,0.707,0.5254,29.0,21.2745,0.2698
Veppilaipatty,2024-10,0.7305,0.5214,28.2924,20.5283,0.2676
Amaram_1,2024-11,0.6561,0.374,27.2683,14.9078,0.2319
Ammapet_1,2024-11,0.3028,0.2107,28.4636,14.4105,0.224
Ariyampatti,2024-11,0.639,0.4683,29.2836,14.6743,0.231
Avaniperur Keelmugam,2024-11,0.6305,0.4685,29.1319,13.8091,0.2271
Ayodhiyapattinam,2024-11,0.4202,0.2695,27.6949,14.4207,0.2277
Egapuram,2024-11,0.6544,0.5036,28.1446,15.2507,0.2272
Erumaipatti_1,2024-11,0.4634,0.3314,28.454,12.992,0.2335
Erumaipatti_2,2024-11,0.5829,0.4311,28.1204,14.1446,0.226
Gundakkal,2024-11,0.5796,0.355,27.4357,16.4774,0.2318
Hasthampati,2024-11,0.305,0.2005,29.7709,13.0363,0.2332
Hasthampatti,2024-11,0.3258,0.2178,29.2773,13.8271,0.2335
Illupanatham_1,2024-11,0.519,0.387,28.2497,17.0133,0.2203
Inam Bairoji,2024-11,0.4061,0.3046,28.6061,14.0838,0.2248
Kadambur,2024-11,0.3775,0.2994,27.386,18.962,0.2239
Kullampatti,2024-11,0.6555,0.4982,26.6977,15.2704,0.2245
M.Chettipatti,2024-11,0.52,0.3538,28.6804,14.355,0.2308
Manjakalpatti,2024-11,0.5124,0.3505,27.3145,12.8986,0.2278
Mannarpalayam,2024-11,0.3135,0.2169,28.3255,13.9857,0.2304
Moolakadu,2024-11,0.5021,0.2815,26.1498,18.281,0.2068
Murungapatty,2024-11,0.6269,0.459,27.9424,15.8261,0.2294
Muthiyampatti,2024-11,0.6662,0.5176,29.6381,14.3906,0.2292
Nadupatty,2024-11,0.5844,0.383,27.4409,15.8298,0.23
Navapatti,2024-11,0.6075,0.4001,24.2997,18.7562,0.2031
Pannavadi,2024-11,0.4392,0.2497,28.0637,18.1438,0.1954
Pappanaickanpatti,2024-11,0.5414,0.4159,23.184,21.4858,0.2325
Periyakadampatty,2024-11,0.5472,0.3584,28.6423,14.4585,0.2309
Pillukurichi,2024-11,0.5896,0.4256,27.5653,15.3901,0.2126
Pulluthikuttai,2024-11,0.4635,0.3704,24.2912,20.7366,0.2312
Rajapalayam (TN-MWS01),2024-11,0.5244,0.352,29.1827,16.6664,0.2443
Ramagudal,2024-11,0.5971,0.4027,26.6954,15.3049,0.2229
Ramanaickanpalayam,2024-11,0.3345,0.264,28.6245,16.3787,0.2289
Samuthiram_1,2024-11,0.6728,0.5282,29.4543,14.7162,0.2296
Sanarpatti,2024-11,0.5886,0.4284,28.3594,14.9191,0.2293
Sandhiyur,2024-11,0.3949,0.3019,28.5346,13.5935,0.2234
Sendarapatti,2024-11,0.3893,0.3205,26.9793,18.4566,0.2491
Singipuram,2024-11,0.353,0.23,28.4206,14.355,0.2306
Siruvachur,2024-11,0.5816,0.3792,27.8973,15.6127,0.2525
Sitteri,2024-11,0.571,0.3835,27.9385,16.0072,0.2166
Sukkampatti,2024-11,0.6051,0.3584,25.913,16.7825,0.2296
Thekkampatti,2024-11,0.5426,0.3891,28.6167,15.1226,0.2323
Thuttampatti,2024-11,0.6273,0.4927,29.2658,15.4173,0.2307
Vaikundham sankari Salem Tamil Nadu,2024-11,0.4518,0.3088,28.6034,15.6616,0.2989
Veerakal,2024-11,0.6005,0.4359,27.737,15.5125,0.23
Veppilaipatty,2024-11,0.3514,0.2482,27.0036,13.6005,0.2312
Amaram_1,2024-12,0.6917,0.4487,26.7893,18.4556,0.2711
Ammapet_1,2024-12,0.5816,0.3442,27.4544,18.1263,0.2709
Ariyampatti,2024-12,0.6813,0.4389,27.3409,17.5485,0.2652
Avaniperur Keelmugam,2024-12,0.6446,0.4244,28.0282,17.9402,0.2537
Ayodhiyapattinam,2024-12,0.6492,0.3909,27.1767,17.8529,0.2756
Egapuram,2024-12,0.6695,0.4669,27.6115,18.4767,0.2601
Erumaipatti_1,2024-12,0.6271,0.3969,27.4354,17.4316,0.251
Erumaipatti_2,2024-12,0.6581,0.465,27.4919,17.933,0.2578
Gundakkal,2024-12,0.6636,0.3876,26.19,18.8242,0.2793
Hasthampati,2024-12,0.4681,0.2877,28.5324,17.1768,0.2793
Hasthampatti,2024-12,0.5203,0.3191,28.1567,17.7769,0.2798
Illupanatham_1,2024-12,0.6274,0.4325,28.2287,17.9601,0.2737
Inam Bairoji,2024-12,0.6807,0.4654,27.7205,18.3977,0.2658
Kadambur,2024-12,0.7121,0.4768,25.9952,18.939,0.2647
Kullampatti,2024-12,0.6733,0.4365,27.2242,18.9662,0.2459
M.Chettipatti,2024-12,0.6649,0.4255,27.4676,18.3542,0.2675
Manjakalpatti,2024-12,0.6206,0.3683,27.1757,17.4451,0.2511
Mannarpalayam,2024-12,0.6435,0.4313,26.8844,17.7313,0.2719
Moolakadu,2024-12,0.496,0.2616,25.8346,19.7456,0.241
Murungapatty,2024-12,0.6689,0.4302,26.9258,18.9602,0.2683
Muthiyampatti,2024-12,0.6732,0.4636,27.9227,18.1808,0.2626
Nadupatty,2024-12,0.6638,0.4091,26.6124,18.5131,0.2803
Navapatti,2024-12,0.6415,0.4023,24.8653,21.0609,0.2308
Pannavadi,2024-12,0.4562,0.2345,26.822,19.48,0.2324
Pappanaickanpatti,2024-12,0.8011,0.5281,23.3936,24.9226,0.2776
Periyakadampatty,2024-12,0.6717,0.4385,27.4553,18.2387,0.2663
Pillukurichi,2024-12,0.665,0.4274,27.5789,19.1283,0.2384
Pulluthikuttai,2024-12,0.7673,0.5257,23.8526,23.2423,0.2748
Rajapalayam (TN-MWS01),2024-12,0.5628,0.3422,27.8353,17.6274,0.2875
Ramagudal,2024-12,0.6726,0.4285,27.1492,18.0718,0.2312
Ramanaickanpalayam,2024-12,0.6586,0.4394,27.3577,18.3793,0.2704
Samuthiram_1,2024-12,0.6806,0.4725,27.8375,18.2713,0.2633
Sanarpatti,2024-12,0.6599,0.4068,26.8005,18.0444,0.2605
Sandhiyur,2024-12,0.6571,0.4505,27.3171,17.6918,0.2701
Sendarapatti,2024-12,0.7253,0.4935,26.5927,19.5311,0.2903
Singipuram,2024-12,0.6332,0.4298,27.3542,17.5233,0.2723
Siruvachur,2024-12,0.6619,0.4984,26.7646,18.0114,0.3081
Sitteri,2024-12,0.6146,0.4075,27.167,17.6596,0.2781
Sukkampatti,2024-12,0.7178,0.4362,26.2534,19.6025,0.2779
Thekkampatti,2024-12,0.6196,0.3839,27.5079,18.1107,0.2759
Thuttampatti,2024-12,0.6709,0.4731,27.6693,18.1822,0.2648
Vaikundham sankari Salem Tamil Nadu,2024-12,0.649,0.3676,27.4398,19.1376,0.2801
Veerakal,2024-12,0.6922,0.4176,26.4111,18.4552,0.2633
Veppilaipatty,2024-12,0.6677,0.4385,25.9603,17.9457,0.2743
Amaram_1,2025-01,0.602,0.3524,27.6982,14.5247,0.1995
Ammapet_1,2025-01,0.54,0.3174,27.1183,12.8918,0.2001
Ariyampatti,2025-01,0.5834,0.3681,28.6515,13.1394,0.1953
Avaniperur Keelmugam,2025-01,0.5476,0.3506,28.6773,12.6739,0.1844
Ayodhiyapattinam,2025-01,0.5873,0.3411,27.1131,13.0462,0.2036
Egapuram,2025-01,0.5706,0.3701,28.2405,13.6617,0.1878
Erumaipatti_1,2025-01,0.5379,0.3574,28.2984,11.6127,0.1767
Erumaipatti_2,2025-01,0.5385,0.3388,28.3354,12.4716,0.1832
Gundakkal,2025-01,0.6308,0.3613,26.747,15.385,0.2062
Hasthampati,2025-01,0.4336,0.268,28.168,11.6167,0.2115
Hasthampatti,2025-01,0.477,0.2929,27.8138,12.3508,0.212
Illupanatham_1,2025-01,0.5498,0.3623,29.249,14.4571,0.2099
Inam Bairoji,2025-01,0.6015,0.3788,27.8275,13.6258,0.1897
Kadambur,2025-01,0.6385,0.4021,27.2229,15.8356,0.1954
Kullampatti,2025-01,0.5498,0.366,27.4669,12.2118,0.1755
M.Chettipatti,2025-01,0.5661,0.3588,28.4087,12.8567,0.1973
Manjakalpatti,2025-01,0.5355,0.3486,27.7772,11.6202,0.176
Mannarpalayam,2025-01,0.5825,0.3525,27.7314,13.4657,0.2006
Moolakadu,2025-01,0.4426,0.2226,25.638,14.9645,0.1599
Murungapatty,2025-01,0.6314,0.3938,27.0481,14.3423,0.197
Muthiyampatti,2025-01,0.5962,0.3895,28.5828,14.0207,0.1918
Nadupatty,2025-01,0.6154,0.3658,27.2135,14.6628,0.2074
Navapatti,2025-01,0.6201,0.3371,24.6481,15.4227,0.1598
Pannavadi,2025-01,0.3927,0.2125,27.1661,14.5085,0.1424
Pappanaickanpatti,2025-01,0.7548,0.4403,23.2019,22.0989,0.2078
Periyakadampatty,2025-01,0.5679,0.3625,28.4469,12.8537,0.1962
Pillukurichi,2025-01,0.5656,0.3561,27.6319,12.7932,0.1673
Pulluthikuttai,2025-01,0.7304,0.4056,24.0347,21.8354,0.2038
Rajapalayam (TN-MWS01),2025-01,0.5295,0.3532,28.167,14.4905,0.2277
Ramagudal,2025-01,0.5868,0.3901,27.501,12.3821,0.1612
Ramanaickanpalayam,2025-01,0.5944,0.3562,28.5262,14.9776,0.2009
Samuthiram_1,2025-01,0.5959,0.3908,28.4928,14.1013,0.1925
Sanarpatti,2025-01,0.6001,0.3484,27.5633,13.3033,0.1921
Sandhiyur,2025-01,0.5846,0.3713,27.3918,12.773,0.1951
Sendarapatti,2025-01,0.638,0.4088,26.4495,15.8124,0.217
Singipuram,2025-01,0.5739,0.3531,28.0768,13.5385,0.2013
Siruvachur,2025-01,0.6026,0.3933,28.6704,15.7799,0.2519
Sitteri,2025-01,0.5462,0.3627,28.9699,14.4974,0.2146
Sukkampatti,2025-01,0.6575,0.3986,26.2518,15.9455,0.205
Thekkampatti,2025-01,0.5473,0.3301,27.4511,12.8221,0.2073
Thuttampatti,2025-01,0.5782,0.3777,28.3912,13.1819,0.1946
Vaikundham sankari Salem Tamil Nadu,2025-01,0.6633,0.3957,26.6902,16.5613,0.2083
Veerakal,2025-01,0.6207,0.3516,26.9647,14.1342,0.1936
Veppilaipatty,2025-01,0.6034,0.3547,26.6893,13.4831,0.2025
Amaram_1,2025-02,0.4553,0.2609,32.2591,7.9301,0.1353
Ammapet_1,2025-02,0.4641,0.2558,30.6006,8.7293,0.1322
Ariyampatti,2025-02,0.4263,0.2419,33.2122,7.4189,0.1297
Avaniperur Keelmugam,2025-02,0.4199,0.2411,33.1739,7.6557,0.1244
Ayodhiyapattinam,2025-02,0.5062,0.2796,30.8056,8.6749,0.1331
Egapuram,2025-02,0.4379,0.2538,32.6305,8.0504,0.1259
Erumaipatti_1,2025-02,0.4058,0.2275,32.3317,6.6522,0.1179
Erumaipatti_2,2025-02,0.4227,0.2427,32.7538,7.2493,0.1227
Gundakkal,2025-02,0.5137,0.2704,30.9172,9.7462,0.1425
Hasthampati,2025-02,0.3789,0.2203,31.6705,7.1105,0.1417
Hasthampatti,2025-02,0.4206,0.242,31.2872,7.9897,0.1421
Illupanatham_1,2025-02,0.4822,0.2841,31.5089,6.9081,0.1442
Inam Bairoji,2025-02,0.4883,0.2677,31.5601,8.8605,0.1245
Kadambur,2025-02,0.5291,0.2984,30.58,8.4225,0.1309
Kullampatti,2025-02,0.4152,0.2473,32.0206,7.3348,0.1194
M.Chettipatti,2025-02,0.4421,0.2511,32.4744,7.6227,0.131
Manjakalpatti,2025-02,0.4109,0.2325,31.8051,6.7533,0.1182
Mannarpalayam,2025-02,0.5204,0.288,31.0888,8.7563,0.1347
Moolakadu,2025-02,0.3249,0.1748,29.2182,8.4478,0.1081
Murungapatty,2025-02,0.4988,0.274,31.1494,9.3905,0.1313
Muthiyampatti,2025-02,0.4395,0.2508,33.2445,8.2225,0.1279
Nadupatty,2025-02,0.5105,0.2771,31.1665,9.1787,0.141
Navapatti,2025-02,0.4724,0.2427,28.5983,8.8268,0.1079
Pannavadi,2025-02,0.275,0.1598,31.0138,8.2526,0.0975
Pappanaickanpatti,2025-02,0.7034,0.3743,27.2877,18.8795,0.1391
Periyakadampatty,2025-02,0.4385,0.2499,32.6106,7.5153,0.1303
Pillukurichi,2025-02,0.4427,0.2611,31.6259,8.2439,0.1137
Pulluthikuttai,2025-02,0.6941,0.3696,27.58,18.1525,0.1345
Rajapalayam (TN-MWS01),2025-02,0.4526,0.2781,31.6599,6.44,0.1629
Ramagudal,2025-02,0.4441,0.2733,31.1347,7.7695,0.1113
Ramanaickanpalayam,2025-02,0.4994,0.3076,31.0662,8.037,0.1341
Samuthiram_1,2025-02,0.4398,0.2517,33.139,8.2518,0.1283
Sanarpatti,2025-02,0.4589,0.2512,31.5656,7.9701,0.1278
Sandhiyur,2025-02,0.4732,0.2639,31.1579,8.0363,0.1264
Sendarapatti,2025-02,0.5482,0.3021,30.2447,9.749,0.1376
Singipuram,2025-02,0.5021,0.2839,31.575,8.242,0.1343
Siruvachur,2025-02,0.5376,0.3424,31.2147,9.8482,0.1922
Sitteri,2025-02,0.4693,0.2749,31.4539,6.8227,0.1477
Sukkampatti,2025-02,0.5813,0.3203,29.7117,11.8126,0.1331
Thekkampatti,2025-02,0.4626,0.2498,31.3768,8.2979,0.1387
Thuttampatti,2025-02,0.4378,0.2532,32.7546,7.8718,0.1293
Vaikundham sankari Salem Tamil Nadu,2025-02,0.5911,0.342,30.3776,13.3038,0.1276
Veerakal,2025-02,0.497,0.2745,30.7348,9.0928,0.1292
Veppilaipatty,2025-02,0.5482,0.2949,29.9668,9.4311,0.1371
Amaram_1,2025-03,0.4128,0.2411,34.4157,4.9975,0.1205
Ammapet_1,2025-03,0.4431,0.2597,33.5496,6.1025,0.1141
Ariyampatti,2025-03,0.3836,0.2338,35.9196,4.4251,0.1174
Avaniperur Keelmugam,2025-03,0.4018,0.2413,35.2238,4.9972,0.1185
Ayodhiyapattinam,2025-03,0.4745,0.2765,33.7163,6.5528,0.115
Egapuram,2025-03,0.4109,0.2382,35.1356,4.8434,0.1182
Erumaipatti_1,2025-03,0.4114,0.2603,33.817,4.8327,0.1168
Erumaipatti_2,2025-03,0.4139,0.2539,34.6309,4.8457,0.1171
Gundakkal,2025-03,0.4556,0.2347,33.3091,5.2698,0.1239
Hasthampati,2025-03,0.3706,0.2278,34.5121,5.3877,0.1212
Hasthampatti,2025-03,0.4138,0.252,34.1091,6.1471,0.1211
Illupanatham_1,2025-03,0.5595,0.3725,34.3998,10.3484,0.1353
Inam Bairoji,2025-03,0.4628,0.2808,34.2396,6.0427,0.1161
Kadambur,2025-03,0.5104,0.3071,33.5031,8.548,0.1212
Kullampatti,2025-03,0.4268,0.2538,34.1957,5.2932,0.1169
M.Chettipatti,2025-03,0.4107,0.257,35.4899,5.2458,0.118
Manjakalpatti,2025-03,0.4164,0.2658,33.2507,4.9376,0.1163
Mannarpalayam,2025-03,0.4797,0.2894,34.4053,7.0715,0.1204
Moolakadu,2025-03,0.3158,0.1673,31.4968,5.1347,0.104
Murungapatty,2025-03,0.4327,0.2609,34.0881,5.3121,0.1192
Muthiyampatti,2025-03,0.409,0.2327,35.6218,4.9433,0.1177
Nadupatty,2025-03,0.4638,0.245,33.6164,5.5491,0.1216
Navapatti,2025-03,0.4771,0.2821,31.0971,6.154,0.1041
Pannavadi,2025-03,0.2613,0.1493,33.429,5.1462,0.0954
Pappanaickanpatti,2025-03,0.6352,0.3763,30.3444,13.0576,0.1279
Periyakadampatty,2025-03,0.4055,0.2551,35.6214,5.0958,0.1176
Pillukurichi,2025-03,0.4611,0.276,33.524,6.3337,0.1105
Pulluthikuttai,2025-03,0.6327,0.3616,30.3813,11.6794,0.1209
Rajapalayam (TN-MWS01),2025-03,0.4726,0.3206,35.4138,8.0478,0.1458
Ramagudal,2025-03,0.4438,0.2714,33.9536,5.5316,0.1126
Ramanaickanpalayam,2025-03,0.5246,0.3534,33.6171,8.9956,0.1221
Samuthiram_1,2025-03,0.4058,0.2315,35.6445,4.9277,0.1177
Sanarpatti,2025-03,0.4356,0.268,33.6098,5.586,0.1171
Sandhiyur,2025-03,0.441,0.2653,33.9117,5.48,0.115
Sendarapatti,2025-03,0.5208,0.29,33.8162,8.7716,0.1251
Singipuram,2025-03,0.4833,0.2979,34.7446,7.379,0.1203
Siruvachur,2025-03,0.5478,0.3705,33.9301,10.7293,0.1774
Sitteri,2025-03,0.5351,0.3662,34.4717,9.9876,0.1387
Sukkampatti,2025-03,0.5304,0.3033,32.4348,8.0507,0.1156
Thekkampatti,2025-03,0.4484,0.2699,34.0722,5.9542,0.1209
Thuttampatti,2025-03,0.4006,0.2368,35.7848,4.6725,0.1174
Vaikundham sankari Salem Tamil Nadu,2025-03,0.5274,0.3251,33.1806,8.9019,0.1202
Veerakal,2025-03,0.4682,0.2801,33.1038,6.1558,0.1176
Veppilaipatty,2025-03,0.4884,0.2848,33.2979,6.7936,0.1231
Amaram_1,2025-04,0.4897,0.2937,34.5543,5.4206,0.1412
Ammapet_1,2025-04,0.4841,0.2989,33.124,6.0913,0.1219
Ariyampatti,2025-04,0.4617,0.2707,35.2087,4.6356,0.1361
Avaniperur Keelmugam,2025-04,0.4931,0.309,34.5064,5.8071,0.1331
Ayodhiyapattinam,2025-04,0.4915,0.3018,33.2373,6.4134,0.1211
Egapuram,2025-04,0.4435,0.2758,35.2431,5.0244,0.1344
Erumaipatti_1,2025-04,0.4811,0.3085,34.3439,5.902,0.124
Erumaipatti_2,2025-04,0.4873,0.3055,34.1689,5.9525,0.1318
Gundakkal,2025-04,0.5041,0.267,34.414,5.081,0.1389
Hasthampati,2025-04,0.4067,0.2514,34.5002,5.1771,0.1315
Hasthampatti,2025-04,0.4489,0.2775,34.0579,6.2569,0.1308
Illupanatham_1,2025-04,0.539,0.3562,35.1347,8.636,0.1204
Inam Bairoji,2025-04,0.5407,0.3476,33.4504,6.8666,0.1299
Kadambur,2025-04,0.5087,0.3021,34.3146,7.3914,0.122
Kullampatti,2025-04,0.5392,0.3427,33.7075,7.7819,0.1301
M.Chettipatti,2025-04,0.4466,0.2726,35.6292,4.7618,0.1361
Manjakalpatti,2025-04,0.491,0.3249,33.8161,6.635,0.1264
Mannarpalayam,2025-04,0.4914,0.3021,33.2663,6.6397,0.1212
Moolakadu,2025-04,0.3755,0.2,31.2404,5.5112,0.1267
Murungapatty,2025-04,0.4908,0.3007,34.5939,5.595,0.1356
Muthiyampatti,2025-04,0.4763,0.2849,34.6412,4.9911,0.1354
Nadupatty,2025-04,0.4749,0.2631,34.9996,4.8091,0.1344
Navapatti,2025-04,0.5913,0.3332,30.7565,7.6675,0.1232
Pannavadi,2025-04,0.3084,0.1697,33.2221,4.7556,0.1204
Pappanaickanpatti,2025-04,0.6246,0.3514,29.3901,10.8273,0.1222
Periyakadampatty,2025-04,0.4451,0.2705,35.6678,4.7082,0.1361
Pillukurichi,2025-04,0.5656,0.3522,32.5403,8.6312,0.1275
Pulluthikuttai,2025-04,0.6418,0.3699,29.1612,9.7122,0.1184
Rajapalayam (TN-MWS01),2025-04,0.4556,0.2885,36.5415,6.2929,0.1272
Ramagudal,2025-04,0.5682,0.367,32.9466,8.147,0.1238
Ramanaickanpalayam,2025-04,0.5442,0.3567,33.2091,8.5651,0.1198
Samuthiram_1,2025-04,0.4687,0.2793,34.6979,4.9271,0.1355
Sanarpatti,2025-04,0.5389,0.3173,33.0674,6.5979,0.1358
Sandhiyur,2025-04,0.5106,0.3144,33.5182,6.0751,0.1275
Sendarapatti,2025-04,0.5457,0.3159,33.4279,7.7534,0.1323
Singipuram,2025-04,0.4912,0.311,33.5906,6.914,0.1201
Siruvachur,2025-04,0.5419,0.3482,34.2658,8.9371,0.1552
Sitteri,2025-04,0.5254,0.3514,35.1417,8.5526,0.1196
Sukkampatti,2025-04,0.5556,0.3328,31.6784,8.4157,0.1209
Thekkampatti,2025-04,0.4724,0.2825,34.7585,5.4886,0.1346
Thuttampatti,2025-04,0.4351,0.261,35.8318,4.3885,0.136
Vaikundham sankari Salem Tamil Nadu,2025-04,0.4979,0.2985,33.408,8.1256,0.1365
Veerakal,2025-04,0.577,0.3448,32.0775,7.4629,0.1368
Veppilaipatty,2025-04,0.516,0.311,32.029,6.8512,0.1256
Amaram_1,2025-05,0.5927,0.3797,30.8432,10.8524,0.2193
Ammapet_1,2025-05,0.5225,0.3181,32.1321,9.3215,0.2055
Ariyampatti,2025-05,0.5748,0.3635,33.5212,10.2248,0.209
Avaniperur Keelmugam,2025-05,0.5013,0.3287,35.9121,9.7107,0.1983
Ayodhiyapattinam,2025-05,0.558,0.3239,31.984,9.1751,0.2077
Egapuram,2025-05,0.4883,0.2958,35.5885,8.8631,0.2041
Erumaipatti_1,2025-05,0.4922,0.3356,34.5591,8.7628,0.1878
Erumaipatti_2,2025-05,0.4954,0.316,35.0979,9.1489,0.2002
Gundakkal,2025-05,0.5983,0.3431,31.4061,9.9544,0.2231
Hasthampati,2025-05,0.4329,0.2871,33.2459,8.4563,0.2135
Hasthampatti,2025-05,0.4754,0.3078,32.7827,9.2839,0.2136
Illupanatham_1,2025-05,0.5031,0.3248,33.9255,8.7866,0.1949
Inam Bairoji,2025-05,0.5883,0.3759,32.3048,10.5961,0.2041
Kadambur,2025-05,0.6089,0.3796,31.9135,10.3644,0.2026
Kullampatti,2025-05,0.5408,0.3901,33.077,10.8195,0.1915
M.Chettipatti,2025-05,0.5423,0.3176,33.3712,9.4288,0.2104
Manjakalpatti,2025-05,0.4928,0.3482,34.7572,8.89,0.1902
Mannarpalayam,2025-05,0.5498,0.3339,32.7425,9.0313,0.2085
Moolakadu,2025-05,0.4075,0.2603,30.0333,12.112,0.1993
Murungapatty,2025-05,0.5838,0.3383,32.3384,10.1518,0.2101
Muthiyampatti,2025-05,0.5216,0.315,36.5128,9.4153,0.2066
Nadupatty,2025-05,0.5674,0.3295,32.3639,8.9392,0.2205
Navapatti,2025-05,0.6576,0.4163,28.8406,15.9901,0.1886
Pannavadi,2025-05,0.3325,0.2098,31.5579,10.1144,0.1978
Pappanaickanpatti,2025-05,0.7149,0.4428,28.8056,15.012,0.2048
Periyakadampatty,2025-05,0.5424,0.3222,33.6817,9.3824,0.2096
Pillukurichi,2025-05,0.5931,0.3971,31.0695,12.0684,0.1915
Pulluthikuttai,2025-05,0.7239,0.4011,28.7851,14.6176,0.2059
Rajapalayam (TN-MWS01),2025-05,0.399,0.2616,36.9424,6.6022,0.2036
Ramagudal,2025-05,0.5604,0.3412,32.0469,10.5961,0.1813
Ramanaickanpalayam,2025-05,0.5788,0.4017,32.5219,10.1551,0.2071
Samuthiram_1,2025-05,0.5188,0.3098,36.4465,9.3506,0.2072
Sanarpatti,2025-05,0.6082,0.4079,30.9957,11.3378,0.2066
Sandhiyur,2025-05,0.5832,0.3611,31.3464,9.9455,0.2055
Sendarapatti,2025-05,0.6423,0.3817,30.9999,12.0906,0.2152
Singipuram,2025-05,0.537,0.3366,32.9902,9.1418,0.208
Siruvachur,2025-05,0.5132,0.324,33.9823,8.7417,0.2181
Sitteri,2025-05,0.516,0.3409,33.4329,9.1834,0.1927
Sukkampatti,2025-05,0.6378,0.3744,30.4704,12.1869,0.2088
Thekkampatti,2025-05,0.5551,0.3466,32.1708,9.8572,0.2139
Thuttampatti,2025-05,0.5162,0.3098,35.0299,9.0768,0.2085
Vaikundham sankari Salem Tamil Nadu,2025-05,0.4816,0.2775,36.9865,10.9298,0.2054
Veerakal,2025-05,0.6404,0.4385,30.4543,12.0467,0.2093
Veppilaipatty,2025-05,0.6022,0.3496,31.1896,9.5359,0.2091
Amaram_1,2025-06,0.6264,0.4175,29.0957,14.5954,0.214
Ammapet_1,2025-06,0.54,0.3721,29.0776,11.5647,0.1915
Ariyampatti,2025-06,0.6165,0.4212,29.6078,13.4039,0.2025
Avaniperur Keelmugam,2025-06,0.5041,0.3204,33.9348,10.93,0.1882
Ayodhiyapattinam,2025-06,0.6012,0.4243,28.9908,12.6688,0.1911
Egapuram,2025-06,0.5181,0.3259,34.3154,9.9826,0.1932
Erumaipatti_1,2025-06,0.4742,0.3079,33.8678,9.7587,0.1686
Erumaipatti_2,2025-06,0.4995,0.3182,34.8171,9.842,0.1865
Gundakkal,2025-06,0.6475,0.4013,28.5944,13.1357,0.2137
Hasthampati,2025-06,0.4402,0.3055,30.2928,10.7702,0.2042
Hasthampatti,2025-06,0.4835,0.3381,29.7225,11.7317,0.2039
Illupanatham_1,2025-06,0.4218,0.2683,35.8765,8.4222,0.1625
Inam Bairoji,2025-06,0.5995,0.402,30.9179,10.7312,0.1883
Kadambur,2025-06,0.5316,0.3465,32.1311,10.5383,0.178
Kullampatti,2025-06,0.531,0.3452,32.4371,11.828,0.181
M.Chettipatti,2025-06,0.5874,0.3824,30.2506,11.4729,0.2038
Manjakalpatti,2025-06,0.4913,0.3176,32.599,10.0417,0.1737
Mannarpalayam,2025-06,0.5818,0.4145,30.8959,12.3193,0.1892
Moolakadu,2025-06,0.4533,0.2807,28.3229,14.3087,0.1846
Murungapatty,2025-06,0.6235,0.4121,30.1438,13.0506,0.2011
Muthiyampatti,2025-06,0.573,0.3807,32.618,11.7116,0.1983
Nadupatty,2025-06,0.623,0.377,29.8263,12.0088,0.21
Navapatti,2025-06,0.6751,0.4544,26.9194,19.4331,0.1764
Pannavadi,2025-06,0.3849,0.2175,31.1577,10.0858,0.1766
Pappanaickanpatti,2025-06,0.7059,0.4625,27.5274,17.9667,0.1713
Periyakadampatty,2025-06,0.5906,0.3861,30.3482,11.6601,0.2031
Pillukurichi,2025-06,0.6083,0.4062,30.3764,14.3084,0.1805
Pulluthikuttai,2025-06,0.6899,0.4274,26.5397,18.4057,0.1773
Rajapalayam (TN-MWS01),2025-06,0.3704,0.21,37.7265,6.8083,0.1663
Ramagudal,2025-06,0.5107,0.3257,33.4866,10.9354,0.1683
Ramanaickanpalayam,2025-06,0.527,0.3584,31.9755,10.9144,0.18
Samuthiram_1,2025-06,0.5753,0.3803,32.4405,11.7368,0.1991
Sanarpatti,2025-06,0.6312,0.4285,28.2796,13.86,0.1997
Sandhiyur,2025-06,0.6216,0.4197,29.4223,11.0433,0.1909
Sendarapatti,2025-06,0.5969,0.387,30.2766,10.9431,0.1925
Singipuram,2025-06,0.5443,0.382,31.7597,11.3764,0.1855
Siruvachur,2025-06,0.4676,0.2943,35.4117,9.6308,0.1925
Sitteri,2025-06,0.4387,0.2856,35.7631,8.945,0.162
Sukkampatti,2025-06,0.6253,0.4129,28.5878,14.5085,0.1906
Thekkampatti,2025-06,0.5853,0.3924,29.4867,12.3212,0.2066
Thuttampatti,2025-06,0.5791,0.3711,31.9449,11.3671,0.2017
Vaikundham sankari Salem Tamil Nadu,2025-06,0.449,0.2417,32.363,11.5277,0.2237
Veerakal,2025-06,0.6394,0.4358,28.1787,14.4541,0.2026
Veppilaipatty,2025-06,0.6299,0.4346,28.7168,12.8254,0.1918
Amaram_1,2025-07,0.5899,0.3304,32.7031,12.766,0.1829
Ammapet_1,2025-07,0.5642,0.3244,29.9354,12.2197,0.1705
Ariyampatti,2025-07,0.5852,0.3179,32.3924,12.1672,0.175
Avaniperur Keelmugam,2025-07,0.5893,0.3251,32.6382,11.2298,0.1675
Ayodhiyapattinam,2025-07,0.6407,0.3639,30.6305,12.702,0.1704
Egapuram,2025-07,0.5991,0.3425,33.8613,11.0486,0.1721
Erumaipatti_1,2025-07,0.4986,0.3014,33.4066,10.4789,0.1591
Erumaipatti_2,2025-07,0.5881,0.3349,33.7543,10.6978,0.1685
Gundakkal,2025-07,0.6281,0.3635,30.4795,15.5214,0.1838
Hasthampati,2025-07,0.4712,0.2621,31.0745,10.744,0.1807
Hasthampatti,2025-07,0.523,0.2906,30.8926,11.0577,0.1802
Illupanatham_1,2025-07,0.4087,0.2464,37.0863,8.8937,0.1552
Inam Bairoji,2025-07,0.6925,0.3974,30.5652,11.7286,0.1704
Kadambur,2025-07,0.5361,0.2943,33.6227,10.7977,0.1648
Kullampatti,2025-07,0.6067,0.3447,31.3839,11.7608,0.1627
M.Chettipatti,2025-07,0.6005,0.3365,32.4641,12.3509,0.1769
Manjakalpatti,2025-07,0.5159,0.3072,33.1181,10.7707,0.1611
Mannarpalayam,2025-07,0.5811,0.3622,32.6349,12.7521,0.1754
Moolakadu,2025-07,0.438,0.2503,28.1993,14.191,0.158
Murungapatty,2025-07,0.6336,0.3771,29.6891,13.4793,0.1776
Muthiyampatti,2025-07,0.6051,0.3342,32.723,11.5381,0.1735
Nadupatty,2025-07,0.613,0.3463,31.7691,14.1459,0.1791
Navapatti,2025-07,0.6042,0.3864,27.2646,16.8512,0.1532
Pannavadi,2025-07,0.356,0.1967,30.0645,11.023,0.1499
Pappanaickanpatti,2025-07,0.7255,0.3573,29.1138,16.5709,0.17
Periyakadampatty,2025-07,0.5894,0.3284,32.3853,12.3899,0.1759
Pillukurichi,2025-07,0.6612,0.4006,29.1448,13.7051,0.1588
Pulluthikuttai,2025-07,0.7529,0.3753,28.5474,16.8284,0.1697
Rajapalayam (TN-MWS01),2025-07,0.3348,0.1944,39.1488,7.816,0.1457
Ramagudal,2025-07,0.5361,0.3149,33.1586,10.7862,0.1579
Ramanaickanpalayam,2025-07,0.5367,0.316,34.1373,11.1686,0.1714
Samuthiram_1,2025-07,0.6006,0.3324,32.8901,11.7065,0.1739
Sanarpatti,2025-07,0.6251,0.3629,29.9923,12.8705,0.1725
Sandhiyur,2025-07,0.6403,0.3864,29.6335,11.9479,0.172
Sendarapatti,2025-07,0.6019,0.3421,32.4664,11.7526,0.1778
Singipuram,2025-07,0.5331,0.3288,34.0911,11.7561,0.1735
Siruvachur,2025-07,0.4811,0.3228,35.1191,10.6048,0.1894
Sitteri,2025-07,0.4237,0.2768,36.3073,9.3751,0.1567
Sukkampatti,2025-07,0.6813,0.3591,30.9761,13.947,0.1703
Thekkampatti,2025-07,0.6053,0.3342,31.0651,12.3229,0.1817
Thuttampatti,2025-07,0.5611,0.3181,32.3992,11.9603,0.1748
Vaikundham sankari Salem Tamil Nadu,2025-07,0.4731,0.2909,33.4531,12.2006,0.2209
Veerakal,2025-07,0.6639,0.3616,29.9022,12.5517,0.1747
Veppilaipatty,2025-07,0.6614,0.4129,29.979,13.8268,0.1776
Amaram_1,2025-08,0.4927,0.3351,34.1058,14.0221,0.2057
Ammapet_1,2025-08,0.5416,0.3947,31.305,15.0103,0.1928
Ariyampatti,2025-08,0.498,0.3608,33.1448,13.8475,0.1985
Avaniperur Keelmugam,2025-08,0.5859,0.4552,31.5523,14.3366,0.1925
Ayodhiyapattinam,2025-08,0.6005,0.4565,30.9693,14.9639,0.1942
Egapuram,2025-08,0.5617,0.4402,32.5371,14.055,0.197
Erumaipatti_1,2025-08,0.5138,0.3912,33.2819,12.9226,0.1832
Erumaipatti_2,2025-08,0.5609,0.4209,32.6185,13.7017,0.1936
Gundakkal,2025-08,0.5746,0.4054,31.0079,16.6017,0.2071
Hasthampati,2025-08,0.4547,0.3123,32.5641,14.0381,0.2016
Hasthampatti,2025-08,0.501,0.3518,31.8944,14.5213,0.2012
Illupanatham_1,2025-08,0.5135,0.3546,35.8525,11.4377,0.2336
Inam Bairoji,2025-08,0.6363,0.4847,30.8304,14.9325,0.1965
Kadambur,2025-08,0.6282,0.4618,31.8976,13.5028,0.2171
Kullampatti,2025-08,0.6047,0.4626,30.7005,14.943,0.1874
M.Chettipatti,2025-08,0.525,0.3817,33.3292,14.3395,0.1999
Manjakalpatti,2025-08,0.5319,0.4003,32.1489,13.1612,0.1857
Mannarpalayam,2025-08,0.622,0.4279,30.9653,14.2609,0.208
Moolakadu,2025-08,0.4206,0.3128,28.8486,17.0862,0.1851
Murungapatty,2025-08,0.6197,0.4669,31.2257,15.5781,0.2014
Muthiyampatti,2025-08,0.554,0.4087,32.5575,14.6316,0.1977
Nadupatty,2025-08,0.5738,0.4023,31.9558,16.0613,0.2024
Navapatti,2025-08,0.6591,0.501,27.5551,17.6657,0.1809
Pannavadi,2025-08,0.3416,0.2344,30.1464,17.0607,0.1785
Pappanaickanpatti,2025-08,0.7102,0.5114,27.9818,16.2107,0.2128
Periyakadampatty,2025-08,0.517,0.3754,33.4794,14.2449,0.1991
Pillukurichi,2025-08,0.6506,0.5008,29.8278,16.2832,0.1853
Pulluthikuttai,2025-08,0.7387,0.5239,27.4325,18.4994,0.2061
Rajapalayam (TN-MWS01),2025-08,0.4414,0.2806,38.4926,9.6992,0.2273
Ramagudal,2025-08,0.5571,0.3901,32.6761,13.808,0.1795
Ramanaickanpalayam,2025-08,0.5859,0.4256,32.4774,13.125,0.2146
Samuthiram_1,2025-08,0.5447,0.3995,32.7702,14.574,0.1979
Sanarpatti,2025-08,0.5874,0.4451,30.3866,15.0154,0.1969
Sandhiyur,2025-08,0.6308,0.496,29.9169,14.7651,0.1966
Sendarapatti,2025-08,0.6467,0.4723,31.5361,13.9715,0.2262
Singipuram,2025-08,0.5892,0.406,31.739,13.3464,0.2084
Siruvachur,2025-08,0.5897,0.4362,34.3485,13.4196,0.2551
Sitteri,2025-08,0.5434,0.3841,34.7163,12.2662,0.2389
Sukkampatti,2025-08,0.6765,0.5109,29.3957,16.7045,0.1949
Thekkampatti,2025-08,0.5615,0.3975,31.4607,15.3384,0.2027
Thuttampatti,2025-08,0.5133,0.3787,33.4596,14.1716,0.1983
Vaikundham sankari Salem Tamil Nadu,2025-08,0.4614,0.3178,34.5784,18.1865,0.2377
Veerakal,2025-08,0.5843,0.4178,30.6039,14.933,0.1986
Veppilaipatty,2025-08,0.6595,0.4775,29.5467,15.2702,0.2067
Amaram_1,2025-09,0.6237,0.4361,29.0455,15.5157,0.2246
Ammapet_1,2025-09,0.5717,0.3682,30.2071,15.5902,0.2189
Ariyampatti,2025-09,0.6111,0.4841,29.6244,15.5211,0.2157
Avaniperur Keelmugam,2025-09,0.6211,0.431,30.9738,16.4848,0.207
Ayodhiyapattinam,2025-09,0.624,0.4264,30.1265,15.6756,0.2209
Egapuram,2025-09,0.5563,0.3839,32.3953,15.2999,0.2133
Erumaipatti_1,2025-09,0.582,0.4238,32.4842,15.0221,0.2042
Erumaipatti_2,2025-09,0.5975,0.4073,32.318,15.6069,0.2103
Gundakkal,2025-09,0.6804,0.4662,29.1166,18.0893,0.2286
Hasthampati,2025-09,0.4821,0.3037,31.0825,14.7078,0.2269
Hasthampatti,2025-09,0.5311,0.336,30.3968,15.3045,0.227
Illupanatham_1,2025-09,0.6547,0.4705,33.9118,14.7012,0.2331
Inam Bairoji,2025-09,0.6408,0.4572,30.0034,16.4209,0.2158
Kadambur,2025-09,0.7066,0.5066,30.452,16.4871,0.2171
Kullampatti,2025-09,0.6042,0.4349,30.1367,16.3571,0.2005
M.Chettipatti,2025-09,0.6008,0.405,30.2006,15.175,0.2181
Manjakalpatti,2025-09,0.6035,0.4539,31.5167,15.3392,0.2035
Mannarpalayam,2025-09,0.6353,0.4702,31.1848,15.4316,0.2229
Moolakadu,2025-09,0.4807,0.3422,27.4006,20.1706,0.1984
Murungapatty,2025-09,0.6237,0.444,29.8383,16.2007,0.2203
Muthiyampatti,2025-09,0.5987,0.4456,30.1179,16.0323,0.2144
Nadupatty,2025-09,0.6912,0.4439,29.61,17.558,0.2267
Navapatti,2025-09,0.662,0.5221,25.4495,20.5503,0.1917
Pannavadi,2025-09,0.4344,0.2891,29.2217,18.1368,0.1924
Pappanaickanpatti,2025-09,0.7467,0.5508,27.699,19.3698,0.226
Periyakadampatty,2025-09,0.5948,0.4048,30.2918,15.0884,0.2168
Pillukurichi,2025-09,0.6428,0.4642,28.4066,17.3734,0.1964
Pulluthikuttai,2025-09,0.7512,0.5484,27.3442,20.7584,0.2241
Rajapalayam (TN-MWS01),2025-09,0.6133,0.4248,33.9585,14.3815,0.2377
Ramagudal,2025-09,0.585,0.4122,32.004,15.4909,0.1937
Ramanaickanpalayam,2025-09,0.6437,0.4742,31.7162,14.9954,0.2241
Samuthiram_1,2025-09,0.5882,0.441,30.2623,15.921,0.2149
Sanarpatti,2025-09,0.6347,0.5067,27.859,16.5822,0.2125
Sandhiyur,2025-09,0.639,0.4497,29.2655,16.3888,0.2183
Sendarapatti,2025-09,0.6365,0.4689,31.728,15.7362,0.2226
Singipuram,2025-09,0.6224,0.4508,31.2317,15.0439,0.2235
Siruvachur,2025-09,0.645,0.4912,31.3067,15.2658,0.2578
Sitteri,2025-09,0.6615,0.46,33.4134,15.1393,0.2368
Sukkampatti,2025-09,0.6852,0.5183,28.5307,17.5747,0.2218
Thekkampatti,2025-09,0.6098,0.4118,29.7325,15.9576,0.2255
Thuttampatti,2025-09,0.5605,0.4082,31.3141,15.0891,0.2155
Vaikundham sankari Salem Tamil Nadu,2025-09,0.4729,0.3589,34.4206,15.4577,0.1949
Veerakal,2025-09,0.6421,0.4969,28.2726,17.1799,0.2151
Veppilaipatty,2025-09,0.6689,0.512,29.7606,16.2093,0.2231
Amaram_1,2025-10,0.694,0.4869,28.418,19.0803,0.2818
Ammapet_1,2025-10,0.5808,0.4256,29.1494,18.6699,0.2609
Ariyampatti,2025-10,0.6961,0.5116,28.6357,19.5048,0.2735
Avaniperur Keelmugam,2025-10,0.6126,0.3991,29.7745,19.6699,0.2672
Ayodhiyapattinam,2025-10,0.6474,0.5044,28.6689,18.4842,0.2639
Egapuram,2025-10,0.6189,0.4166,29.7435,18.7853,0.2698
Erumaipatti_1,2025-10,0.6564,0.4587,29.2365,19.0392,0.2599
Erumaipatti_2,2025-10,0.6268,0.4293,29.4764,18.9276,0.2673
Gundakkal,2025-10,0.6948,0.478,28.3542,20.2038,0.2821
Hasthampati,2025-10,0.4644,0.355,30.2913,17.6749,0.2695
Hasthampatti,2025-10,0.5107,0.403,29.8368,18.1159,0.2694
Illupanatham_1,2025-10,0.7139,0.5601,30.5581,18.3466,0.2805
Inam Bairoji,2025-10,0.6571,0.4509,29.3054,19.7447,0.2657
Kadambur,2025-10,0.7457,0.5634,28.9815,18.8637,0.265
Kullampatti,2025-10,0.6473,0.4249,29.1112,20.2614,0.2658
M.Chettipatti,2025-10,0.6489,0.471,29.547,18.4548,0.2735
Manjakalpatti,2025-10,0.6522,0.4562,28.7539,19.0403,0.262
Mannarpalayam,2025-10,0.6837,0.5488,29.3488,18.5563,0.2687
Moolakadu,2025-10,0.5112,0.3262,27.2946,21.7433,0.2671
Murungapatty,2025-10,0.676,0.4637,28.7652,19.5443,0.272
Muthiyampatti,2025-10,0.6685,0.4459,29.3125,19.7256,0.2718
Nadupatty,2025-10,0.68,0.5052,28.9879,19.309,0.2774
Navapatti,2025-10,0.7178,0.4993,26.8371,22.8002,0.2576
Pannavadi,2025-10,0.5437,0.3391,28.2752,20.2418,0.2635
Pappanaickanpatti,2025-10,0.7725,0.5392,25.8253,23.4498,0.2695
Periyakadampatty,2025-10,0.6523,0.4707,29.4478,18.5794,0.2735
Pillukurichi,2025-10,0.6646,0.4389,28.6754,20.2918,0.2636
Pulluthikuttai,2025-10,0.7778,0.5896,25.963,21.3511,0.268
Rajapalayam (TN-MWS01),2025-10,0.733,0.5702,30.3782,20.4339,0.2857
Ramagudal,2025-10,0.6423,0.4287,29.0568,19.4876,0.2603
Ramanaickanpalayam,2025-10,0.6873,0.5405,29.8685,17.1258,0.2685
Samuthiram_1,2025-10,0.6681,0.4474,29.288,19.7027,0.2722
Sanarpatti,2025-10,0.7018,0.5004,27.7587,19.7852,0.272
Sandhiyur,2025-10,0.6504,0.4914,28.6119,19.2168,0.2624
Sendarapatti,2025-10,0.724,0.5208,29.8856,19.7236,0.2756
Singipuram,2025-10,0.6706,0.54,29.7122,18.3146,0.2686
Siruvachur,2025-10,0.6873,0.4656,29.9178,18.4122,0.3007
Sitteri,2025-10,0.6782,0.5536,30.681,17.3463,0.2837
Sukkampatti,2025-10,0.7109,0.5714,27.7745,19.2208,0.2658
Thekkampatti,2025-10,0.628,0.4586,29.1285,18.5985,0.2719
Thuttampatti,2025-10,0.6433,0.4357,29.675,19.0678,0.2732
Vaikundham sankari Salem Tamil Nadu,2025-10,0.5733,0.4364,32.3493,18.542,0.2619
Veerakal,2025-10,0.7027,0.5011,27.6468,20.0621,0.2742
Veppilaipatty,2025-10,0.6976,0.5574,28.544,18.7177,0.2683
Amaram_1,2025-11,0.7084,0.4845,27.7838,20.2622,0.2226
Ammapet_1,2025-11,0.6003,0.4007,28.6369,18.5228,0.2096
Ariyampatti,2025-11,0.6959,0.5182,28.3055,19.6697,0.2202
Avaniperur Keelmugam,2025-11,0.6176,0.4294,30.0986,18.5321,0.2127
Ayodhiyapattinam,2025-11,0.6657,0.4579,27.101,18.4685,0.2136
Egapuram,2025-11,0.6391,0.4613,29.2243,19.0307,0.2142
Erumaipatti_1,2025-11,0.6345,0.4624,29.6636,18.4804,0.2033
Erumaipatti_2,2025-11,0.6377,0.4618,29.6782,18.3377,0.21
Gundakkal,2025-11,0.7064,0.4609,27.3871,20.8016,0.2216
Hasthampati,2025-11,0.4786,0.3285,30.1819,17.1262,0.2196
Hasthampatti,2025-11,0.5341,0.3687,29.4658,17.9078,0.2199
Illupanatham_1,2025-11,0.724,0.4641,28.6941,18.6423,0.2376
Inam Bairoji,2025-11,0.6693,0.469,28.6169,18.551,0.2092
Kadambur,2025-11,0.7463,0.5185,28.1886,20.8124,0.2168
Kullampatti,2025-11,0.6777,0.5073,28.4195,20.0997,0.2087
M.Chettipatti,2025-11,0.6499,0.4444,27.678,18.6771,0.2202
Manjakalpatti,2025-11,0.6373,0.4668,29.1962,18.5647,0.2043
Mannarpalayam,2025-11,0.71,0.4984,28.2803,18.9867,0.22
Moolakadu,2025-11,0.4936,0.3048,26.4839,20.5301,0.1949
Murungapatty,2025-11,0.6955,0.4867,27.3185,19.778,0.2184
Muthiyampatti,2025-11,0.6851,0.4919,29.18,19.8678,0.2175
Nadupatty,2025-11,0.6913,0.4783,27.4788,20.3399,0.2176
Navapatti,2025-11,0.7003,0.4875,25.3819,22.1892,0.1932
Pannavadi,2025-11,0.4367,0.2551,26.9217,19.4808,0.1803
Pappanaickanpatti,2025-11,0.7976,0.5397,25.2374,26.3006,0.2255
Periyakadampatty,2025-11,0.6519,0.4424,27.7299,18.772,0.2202
Pillukurichi,2025-11,0.6823,0.4994,27.5294,19.904,0.2017
Pulluthikuttai,2025-11,0.7957,0.5603,24.6534,26.329,0.2212
Rajapalayam (TN-MWS01),2025-11,0.7206,0.4659,28.4825,18.8787,0.2441
Ramagudal,2025-11,0.6834,0.5143,28.9774,19.6407,0.2017
Ramanaickanpalayam,2025-11,0.7009,0.498,28.2344,18.0866,0.2212
Samuthiram_1,2025-11,0.6859,0.4961,29.0812,20.028,0.218
Sanarpatti,2025-11,0.7141,0.5316,26.9555,20.0061,0.2182
Sandhiyur,2025-11,0.6602,0.4636,28.215,18.1722,0.2075
Sendarapatti,2025-11,0.7361,0.5152,27.9305,20.8113,0.2342
Singipuram,2025-11,0.6889,0.49,28.6405,18.4696,0.2204
Siruvachur,2025-11,0.7101,0.4993,28.9675,19.7082,0.2728
Sitteri,2025-11,0.6915,0.4544,28.861,18.141,0.2446
Sukkampatti,2025-11,0.7294,0.5159,26.239,21.0077,0.2157
Thekkampatti,2025-11,0.6506,0.4418,27.9221,18.8072,0.2204
Thuttampatti,2025-11,0.653,0.4491,28.9951,19.3143,0.2196
Vaikundham sankari Salem Tamil Nadu,2025-11,0.5793,0.3484,30.8206,19.7106,0.2416
Veerakal,2025-11,0.7239,0.5265,26.5231,20.0967,0.2192
Veppilaipatty,2025-11,0.725,0.5037,27.5758,19.2244,0.2203
