Station,month,latitude,longitude,groundwater_level_m,groundwater_readings,rainfall_mm,rainfall_readings,rainfall_stations,rainfall_available,gw_lag_1,gw_lag_2,gw_lag_3,gw_rolling_3,gw_change_1m,rain_lag_1,rain_lag_2,rain_lag_3,rain_rolling_3,month_num,year,target_gw_next_month,month_ym,ndvi,evi,lst_celsius,et_mm,soil_moisture
Amaram_1,2024-08-01,11.839319,77.960473,-0.02,116,197.75,95.0,2.0,1,-0.01,-0.01,0.0,-0.0133333333333333,-0.01,68.25,131.0,192.0,397.0,8,2024,-0.03,2024-08,0.5843,0.3551,30.4977,18.0872,0.243
Amaram_1,2024-09-01,11.839319,77.960473,-0.03,120,28.0,17.0,2.0,1,-0.02,-0.01,-0.01,-0.02,-0.0099999999999999,197.75,68.25,131.0,294.0,9,2024,-0.03,2024-09,0.5558,0.3538,35.8729,15.0606,0.1814
Amaram_1,2024-10-01,11.839319,77.960473,-0.03,124,207.75,113.0,2.0,1,-0.03,-0.02,-0.01,-0.0266666666666666,0.0,28.0,197.75,68.25,433.5,10,2024,1.04,2024-10,0.6854,0.4892,29.4292,20.8153,0.273
Amaram_1,2024-11-01,11.839319,77.960473,1.04,116,43.25,50.0,2.0,1,-0.03,-0.03,-0.02,0.3266666666666666,1.07,207.75,28.0,197.75,279.0,11,2024,11.23,2024-11,0.6561,0.374,27.2683,14.9078,0.2319
Amaram_1,2024-12-01,11.839319,77.960473,11.23,120,98.25,86.0,2.0,1,1.04,-0.03,-0.03,4.08,10.19,43.25,207.75,28.0,349.25,12,2024,27.345,2024-12,0.6917,0.4487,26.7893,18.4556,0.2711
Amaram_1,2025-01-01,11.839319,77.960473,27.345,124,5.75,8.0,2.0,1,11.23,1.04,-0.03,13.204999999999998,16.115,98.25,43.25,207.75,147.25,1,2025,8.11,2025-01,0.602,0.3524,27.6982,14.5247,0.1995
Amaram_1,2025-02-01,11.839319,77.960473,8.11,61,,,,0,27.345,11.23,1.04,15.561666666666667,-19.235,5.75,98.25,43.25,104.0,2,2025,-0.06,2025-02,0.4553,0.2609,32.2591,7.9301,0.1353
Amaram_1,2025-03-01,11.839319,77.960473,-0.06,124,13.25,21.0,2.0,1,8.11,27.345,11.23,11.798333333333332,-8.17,,5.75,98.25,19.0,3,2025,-0.06,2025-03,0.4128,0.2411,34.4157,4.9975,0.1205
Amaram_1,2025-04-01,11.839319,77.960473,-0.06,116,14.0,7.0,2.0,1,-0.06,8.11,27.345,2.663333333333333,0.0,13.25,,5.75,27.25,4,2025,3.3,2025-04,0.4897,0.2937,34.5543,5.4206,0.1412
Amaram_1,2025-05-01,11.839319,77.960473,3.3,120,216.0,75.0,2.0,1,-0.06,-0.06,8.11,1.0599999999999998,3.36,14.0,13.25,,243.25,5,2025,46.02,2025-05,0.5927,0.3797,30.8432,10.8524,0.2193
Amaram_1,2025-06-01,11.839319,77.960473,46.02,117,69.0,32.0,2.0,1,3.3,-0.06,-0.06,16.42,42.720000000000006,216.0,14.0,13.25,299.0,6,2025,46.02,2025-06,0.6264,0.4175,29.0957,14.5954,0.214
Amaram_1,2025-07-01,11.839319,77.960473,46.02,57,16.25,15.0,2.0,1,46.02,3.3,-0.06,31.78,0.0,69.0,216.0,14.0,301.25,7,2025,45.19,2025-07,0.5899,0.3304,32.7031,12.766,0.1829
Amaram_1,2025-08-01,11.839319,77.960473,45.19,101,84.25,46.0,2.0,1,46.02,46.02,3.3,45.74333333333334,-0.8300000000000054,16.25,69.0,216.0,169.5,8,2025,43.9,2025-08,0.4927,0.3351,34.1058,14.0221,0.2057
Amaram_1,2025-09-01,11.839319,77.960473,43.9,116,59.75,37.0,2.0,1,45.19,46.02,46.02,45.03666666666667,-1.2899999999999991,84.25,16.25,69.0,160.25,9,2025,46.0,2025-09,0.6237,0.4361,29.0455,15.5157,0.2246
Ammapet_1,2024-06-01,11.661554,78.200273,425.335,120,131.0,63.0,2.0,1,406.485,407.52,410.27,413.1133333333334,18.850000000000023,192.0,6.0,,329.0,6,2024,424.5,2024-06,0.5707,0.3815,31.4493,13.6704,0.2298
Ammapet_1,2024-07-01,11.661554,78.200273,424.5,124,68.25,55.0,2.0,1,425.335,406.485,407.52,418.77333333333337,-0.8350000000000364,131.0,192.0,6.0,391.25,7,2024,435.53,2024-07,0.5107,0.3511,32.8959,15.1603,0.1933
Ammapet_1,2024-08-01,11.661554,78.200273,435.53,116,197.75,95.0,2.0,1,424.5,425.335,406.485,428.455,11.029999999999973,68.25,131.0,192.0,397.0,8,2024,431.41,2024-08,0.5975,0.4127,30.6988,18.5341,0.2473
Ammapet_1,2024-09-01,11.661554,78.200273,431.41,116,28.0,17.0,2.0,1,435.53,424.5,425.335,430.48,-4.1200000000000045,197.75,68.25,131.0,294.0,9,2024,433.075,2024-09,0.538,0.3343,33.9969,15.4215,0.1854
Ammapet_1,2024-10-01,11.661554,78.200273,433.075,124,207.75,113.0,2.0,1,431.41,435.53,424.5,433.3383333333333,1.6650000000000205,28.0,197.75,68.25,433.5,10,2024,432.43,2024-10,0.6125,0.3956,29.872,19.3799,0.2627
Ammapet_1,2024-11-01,11.661554,78.200273,432.43,112,43.25,50.0,2.0,1,433.075,431.41,435.53,432.305,-0.6449999999999818,207.75,28.0,197.75,279.0,11,2024,437.97,2024-11,0.3028,0.2107,28.4636,14.4105,0.224
Ammapet_1,2024-12-01,11.661554,78.200273,437.97,120,98.25,86.0,2.0,1,432.43,433.075,431.41,434.4916666666666,5.5400000000000205,43.25,207.75,28.0,349.25,12,2024,430.035,2024-12,0.5816,0.3442,27.4544,18.1263,0.2709
Ammapet_1,2025-01-01,11.661554,78.200273,430.035,116,5.75,8.0,2.0,1,437.97,432.43,433.075,433.4783333333333,-7.935000000000059,98.25,43.25,207.75,147.25,1,2025,424.595,2025-01,0.54,0.3174,27.1183,12.8918,0.2001
Ammapet_1,2025-02-01,11.661554,78.200273,424.595,40,,,,0,430.035,437.97,432.43,430.8666666666666,-5.439999999999941,5.75,98.25,43.25,104.0,2,2025,415.945,2025-02,0.4641,0.2558,30.6006,8.7293,0.1322
Ammapet_1,2025-03-01,11.661554,78.200273,415.945,120,13.25,21.0,2.0,1,424.595,430.035,437.97,423.525,-8.650000000000034,,5.75,98.25,19.0,3,2025,412.19,2025-03,0.4431,0.2597,33.5496,6.1025,0.1141
Ammapet_1,2025-04-01,11.661554,78.200273,412.19,96,14.0,7.0,2.0,1,415.945,424.595,430.035,417.57666666666665,-3.754999999999996,13.25,,5.75,27.25,4,2025,410.045,2025-04,0.4841,0.2989,33.124,6.0913,0.1219
Ammapet_1,2025-05-01,11.661554,78.200273,410.045,108,216.0,75.0,2.0,1,412.19,415.945,424.595,412.7266666666666,-2.1450000000000387,14.0,13.25,,243.25,5,2025,416.59,2025-05,0.5225,0.3181,32.1321,9.3215,0.2055
Ammapet_1,2025-06-01,11.661554,78.200273,416.59,86,69.0,32.0,2.0,1,410.045,412.19,415.945,412.94166666666666,6.545000000000073,216.0,14.0,13.25,299.0,6,2025,416.425,2025-06,0.54,0.3721,29.0776,11.5647,0.1915
Ammapet_1,2025-07-01,11.661554,78.200273,416.425,36,16.25,15.0,2.0,1,416.59,410.045,412.19,414.3533333333333,-0.1650000000000773,69.0,216.0,14.0,301.25,7,2025,413.98,2025-07,0.5642,0.3244,29.9354,12.2197,0.1705
Ammapet_1,2025-08-01,11.661554,78.200273,413.98,101,84.25,46.0,2.0,1,416.425,416.59,410.045,415.665,-2.4449999999999363,16.25,69.0,216.0,169.5,8,2025,412.045,2025-08,0.5416,0.3947,31.305,15.0103,0.1928
Ammapet_1,2025-09-01,11.661554,78.200273,412.045,112,59.75,37.0,2.0,1,413.98,416.425,416.59,414.15,-1.9350000000000025,84.25,16.25,69.0,160.25,9,2025,416.56,2025-09,0.5717,0.3682,30.2071,15.5902,0.2189
Ammapet_1,2025-10-01,11.661554,78.200273,416.56,21,107.25,86.0,2.0,1,412.045,413.98,416.425,414.195,4.514999999999986,59.75,84.25,16.25,251.25,10,2025,420.95,2025-10,0.5808,0.4256,29.1494,18.6699,0.2609
Ammapet_1,2025-11-01,11.661554,78.200273,420.95,25,279.75,64.0,2.0,1,416.56,412.045,413.98,416.5183333333334,4.389999999999986,107.25,59.75,84.25,446.75,11,2025,418.523,2025-11,0.6003,0.4007,28.6369,18.5228,0.2096
Ariyampatti,2021-04-01,11.7172,77.9117,-16.21,121,,,,0,-13.412,-12.107,-10.11,-13.909666666666666,-2.798,,,,,4,2021,-19.3495,2021-04,0.4116,0.246,39.0058,5.5541,0.1445
Ariyampatti,2021-05-01,11.7172,77.9117,-19.3495,124,,,,0,-16.21,-13.412,-12.107,-16.323833333333333,-3.139499999999998,,,,,5,2021,-24.54,2021-05,0.4066,0.2393,39.4958,7.2004,0.158
Ariyampatti,2021-06-01,11.7172,77.9117,-24.54,120,,,,0,-19.3495,-16.21,-13.412,-20.033166666666663,-5.1905,,,,,6,2021,-25.865,2021-06,0.5071,0.2803,39.7935,8.8856,0.167
Ariyampatti,2021-07-01,11.7172,77.9117,-25.865,116,,,,0,-24.54,-19.3495,-16.21,-23.251500000000004,-1.3250000000000028,,,,,7,2021,-23.333,2021-07,0.5345,0.3653,32.1862,12.377,0.2272
Ariyampatti,2021-08-01,11.7172,77.9117,-23.333,125,,,,0,-25.865,-24.54,-19.3495,-24.57933333333333,2.532000000000004,,,,,8,2021,-19.802,2021-08,0.532,0.3294,35.4844,13.3639,0.1914
Ariyampatti,2021-09-01,11.7172,77.9117,-19.802,103,3.5,1.0,1.0,1,-23.333,-25.865,-24.54,-23.0,3.530999999999999,,,,3.5,9,2021,-12.6185,2021-09,0.5958,0.4035,34.9169,15.5864,0.2348
Ariyampatti,2021-10-01,11.7172,77.9117,-12.6185,124,24.0,8.0,1.0,1,-19.802,-23.333,-25.865,-18.5845,7.183499999999999,3.5,,,27.5,10,2021,-7.4745,2021-10,0.6784,0.5027,30.7602,19.7034,0.2813
Ariyampatti,2021-11-01,11.7172,77.9117,-7.4745,120,152.0,111.0,2.0,1,-12.6185,-19.802,-23.333,-13.298333333333334,5.144000000000001,24.0,3.5,,179.5,11,2021,-3.6785,2021-11,0.3499,0.2547,29.6566,19.0688,0.3381
Ariyampatti,2021-12-01,11.7172,77.9117,-3.6785,124,6.5,2.0,1.0,1,-7.4745,-12.6185,-19.802,-7.923833333333333,3.796,152.0,24.0,3.5,182.5,12,2021,-3.675,2021-12,0.6829,0.4288,29.6414,17.9809,0.2761
Ariyampatti,2022-01-01,11.7172,77.9117,-3.675,124,0.5,1.0,1.0,1,-3.6785,-7.4745,-12.6185,-4.942666666666667,0.0035000000000002,6.5,152.0,24.0,159.0,1,2022,-4.7115,2022-01,0.5528,0.3481,30.6146,15.5103,0.2101
Ariyampatti,2022-02-01,11.7172,77.9117,-4.7115,112,,,,0,-3.675,-3.6785,-7.4745,-4.021666666666667,-1.0365000000000002,0.5,6.5,152.0,7.0,2,2022,-5.8165,2022-02,0.4208,0.2445,36.6241,7.8407,0.1414
Ariyampatti,2022-03-01,11.7172,77.9117,-5.8165,124,1900.25,14.0,2.0,1,-4.7115,-3.675,-3.6785,-4.734333333333333,-1.1049999999999995,,0.5,6.5,1900.75,3,2022,-6.396,2022-03,0.3602,0.2211,39.906,5.5568,0.1253
Ariyampatti,2022-04-01,11.7172,77.9117,-6.396,117,79.25,38.0,2.0,1,-5.8165,-4.7115,-3.675,-5.641333333333333,-0.5795000000000003,1900.25,,0.5,1979.5,4,2022,-7.271,2022-04,0.389,0.2426,40.0442,6.4196,0.1472
Ariyampatti,2022-05-01,11.7172,77.9117,-7.271,31,24.0,2.0,1.0,1,-6.396,-5.8165,-4.7115,-6.4945,-0.875,79.25,1900.25,,2003.5,5,2022,-7.174,2022-05,0.5118,0.3289,36.7076,10.6792,0.2129
Ariyampatti,2022-06-01,11.7172,77.9117,-7.174,120,82.0,35.0,2.0,1,-7.271,-6.396,-5.8165,-6.947,0.0970000000000004,24.0,79.25,1900.25,185.25,6,2022,-6.906000000000001,2022-06,0.6408,0.4253,33.1505,14.3103,0.2061
Ariyampatti,2022-07-01,11.7172,77.9117,-6.906000000000001,124,53.0,55.0,2.0,1,-7.174,-7.271,-6.396,-7.117,0.2679999999999989,82.0,24.0,79.25,159.0,7,2022,-6.129,2022-07,0.5808,0.4126,36.364,14.5961,0.2206
Ariyampatti,2022-08-01,11.7172,77.9117,-6.129,124,214.75,92.0,2.0,1,-6.906000000000001,-7.174,-7.271,-6.7363333333333335,0.777000000000001,53.0,82.0,24.0,349.75,8,2022,-2.7615,2022-08,0.5577,0.3519,34.887,17.4401,0.2599
Ariyampatti,2022-09-01,11.7172,77.9117,-2.7615,120,15.25,26.0,2.0,1,-6.129,-6.906000000000001,-7.174,-5.2655,3.3675,214.75,53.0,82.0,283.0,9,2022,-2.1655,2022-09,0.4336,0.3025,36.6152,17.8465,0.2603
Ariyampatti,2022-10-01,11.7172,77.9117,-2.1655,120,126.5,64.0,2.0,1,-2.7615,-6.129,-6.906000000000001,-3.685333333333334,0.5960000000000001,15.25,214.75,53.0,356.5,10,2022,-1.0785,2022-10,0.6199,0.4438,29.7712,18.984,0.2781
Ariyampatti,2022-11-01,11.7172,77.9117,-1.0785,120,101.25,71.0,2.0,1,-2.1655,-2.7615,-6.129,-2.0018333333333334,1.0869999999999995,126.5,15.25,214.75,243.0,11,2022,-1.227,2022-11,0.672,0.4301,29.5473,19.9879,0.2789
Ariyampatti,2022-12-01,11.7172,77.9117,-1.227,117,51.0,67.0,2.0,1,-1.0785,-2.1655,-2.7615,-1.4903333333333335,-0.1485,101.25,126.5,15.25,278.75,12,2022,-1.441,2022-12,0.6039,0.3704,29.7927,15.1494,0.2692
Ariyampatti,2023-01-01,11.7172,77.9117,-1.441,113,2.5,7.0,2.0,1,-1.227,-1.0785,-2.1655,-1.2488333333333337,-0.2139999999999999,51.0,101.25,126.5,154.75,1,2023,-1.7115,2023-01,0.5604,0.3173,30.8734,9.3571,0.1973
Ariyampatti,2023-02-01,11.7172,77.9117,-1.7115,108,5.0,4.0,1.0,1,-1.441,-1.227,-1.0785,-1.4598333333333338,-0.2704999999999999,2.5,51.0,101.25,58.5,2,2023,-2.1675,2023-02,0.4138,0.2553,35.6907,6.1142,0.1443
Ariyampatti,2023-03-01,11.7172,77.9117,-2.1675,104,48.75,17.0,2.0,1,-1.7115,-1.441,-1.227,-1.7733333333333334,-0.4559999999999999,5.0,2.5,51.0,56.25,3,2023,-2.787,2023-03,0.4125,0.2489,38.1618,5.3986,0.1374
Ariyampatti,2023-04-01,11.7172,77.9117,-2.787,116,32.0,14.0,2.0,1,-2.1675,-1.7115,-1.441,-2.222,-0.6194999999999999,48.75,5.0,2.5,85.75,4,2023,-2.99,2023-04,0.4055,0.2287,40.8903,4.6519,0.1261
Ariyampatti,2023-05-01,11.7172,77.9117,-2.99,124,95.75,64.0,2.0,1,-2.787,-2.1675,-1.7115,-2.648166666666667,-0.2030000000000003,32.0,48.75,5.0,176.5,5,2023,-3.5235000000000003,2023-05,0.489,0.3165,36.0563,12.4622,0.1888
Ariyampatti,2023-06-01,11.7172,77.9117,-3.5235000000000003,120,35.5,20.0,2.0,1,-2.99,-2.787,-2.1675,-3.100166666666667,-0.5335000000000001,95.75,32.0,48.75,163.25,6,2023,-3.6435,2023-06,0.5086,0.3093,38.1364,11.7478,0.1744
Ariyampatti,2023-07-01,11.7172,77.9117,-3.6435,124,51.25,60.0,2.0,1,-3.5235000000000003,-2.99,-2.787,-3.3856666666666677,-0.1199999999999996,35.5,95.75,32.0,182.5,7,2023,-4.425,2023-07,0.5102,0.3363,38.569,10.2695,0.1751
Ariyampatti,2023-08-01,11.7172,77.9117,-4.425,124,96.5,37.0,2.0,1,-3.6435,-3.5235000000000003,-2.99,-3.8640000000000008,-0.7814999999999999,51.25,35.5,95.75,183.25,8,2023,-4.266,2023-08,0.4639,0.2589,39.9026,8.0275,0.1591
Ariyampatti,2023-09-01,11.7172,77.9117,-4.266,118,262.5,90.0,2.0,1,-4.425,-3.6435,-3.5235000000000003,-4.1115,0.1589999999999998,96.5,51.25,35.5,410.25,9,2023,-4.3705,2023-09,0.5595,0.3827,35.276,13.9102,0.239
Ariyampatti,2023-10-01,11.7172,77.9117,-4.3705,106,121.5,59.0,2.0,1,-4.266,-4.425,-3.6435,-4.353833333333334,-0.1044999999999998,262.5,96.5,51.25,480.5,10,2023,-4.2075,2023-10,0.6764,0.4882,32.3985,16.5471,0.1877
Ariyampatti,2023-11-01,11.7172,77.9117,-4.2075,120,127.0,92.0,2.0,1,-4.3705,-4.266,-4.425,-4.281333333333333,0.1630000000000002,121.5,262.5,96.5,511.0,11,2023,-4.5225,2023-11,0.6689,0.4744,29.0435,18.4235,0.2371
Ariyampatti,2023-12-01,11.7172,77.9117,-4.5225,122,4.5,9.0,2.0,1,-4.2075,-4.3705,-4.266,-4.366833333333333,-0.3150000000000004,127.0,121.5,262.5,253.0,12,2023,-5.2745,2023-12,0.649,0.4069,30.4292,11.9075,0.1814
Ariyampatti,2024-01-01,11.7172,77.9117,-5.2745,122,21.25,20.0,2.0,1,-4.5225,-4.2075,-4.3705,-4.668166666666667,-0.7519999999999998,4.5,127.0,121.5,152.75,1,2024,-6.166,2024-01,0.4654,0.2922,32.105,8.6897,0.1468
Ariyampatti,2024-02-01,11.7172,77.9117,-6.166,114,,,,0,-5.2745,-4.5225,-4.2075,-5.321000000000001,-0.8915000000000006,21.25,4.5,127.0,25.75,2,2024,-7.237,2024-02,0.3849,0.2318,36.4346,5.2199,0.1047
Ariyampatti,2024-03-01,11.7172,77.9117,-7.237,124,,,,0,-6.166,-5.2745,-4.5225,-6.225833333333334,-1.0709999999999995,,21.25,4.5,21.25,3,2024,-8.2345,2024-03,0.3423,0.2065,39.3531,2.8509,0.086
Ariyampatti,2024-04-01,11.7172,77.9117,-8.2345,120,6.0,2.0,1.0,1,-7.237,-6.166,-5.2745,-7.212500000000001,-0.9975000000000004,,,21.25,6.0,4,2024,-8.253,2024-04,0.3307,0.2023,42.1071,2.3921,0.0858
Ariyampatti,2024-05-01,11.7172,77.9117,-8.253,122,192.0,72.0,2.0,1,-8.2345,-7.237,-6.166,-7.908166666666666,-0.0184999999999995,6.0,,,198.0,5,2024,-7.761,2024-05,0.4505,0.2675,39.6361,7.7936,0.191
Ariyampatti,2024-06-01,11.7172,77.9117,-7.761,120,131.0,63.0,2.0,1,-8.253,-8.2345,-7.237,-8.082833333333335,0.492,192.0,6.0,,329.0,6,2024,-7.163,2024-06,0.5926,0.4228,34.7442,12.4032,0.2174
Ariyampatti,2024-07-01,11.7172,77.9117,-7.163,120,68.25,55.0,2.0,1,-7.761,-8.253,-8.2345,-7.725666666666668,0.5979999999999999,131.0,192.0,6.0,391.25,7,2024,-6.602,2024-07,0.573,0.3898,32.042,15.8134,0.1942
Ariyampatti,2024-08-01,11.7172,77.9117,-6.602,116,197.75,95.0,2.0,1,-7.163,-7.761,-8.253,-7.175333333333335,0.5609999999999999,68.25,131.0,192.0,397.0,8,2024,-6.787,2024-08,0.5919,0.3688,31.5714,17.3217,0.2435
Ariyampatti,2024-09-01,11.7172,77.9117,-6.787,117,28.0,17.0,2.0,1,-6.602,-7.163,-7.761,-6.850666666666668,-0.1849999999999996,197.75,68.25,131.0,294.0,9,2024,-5.501,2024-09,0.4888,0.3066,36.3949,13.2683,0.1825
Ariyampatti,2024-10-01,11.7172,77.9117,-5.501,124,207.75,113.0,2.0,1,-6.787,-6.602,-7.163,-6.296666666666667,1.2860000000000005,28.0,197.75,68.25,433.5,10,2024,-5.426,2024-10,0.6933,0.5271,30.5671,19.6402,0.2699
Ariyampatti,2024-11-01,11.7172,77.9117,-5.426,118,43.25,50.0,2.0,1,-5.501,-6.787,-6.602,-5.904666666666667,0.0749999999999992,207.75,28.0,197.75,279.0,11,2024,-4.974,2024-11,0.639,0.4683,29.2836,14.6743,0.231
Ariyampatti,2024-12-01,11.7172,77.9117,-4.974,120,98.25,86.0,2.0,1,-5.426,-5.501,-6.787,-5.300333333333334,0.4519999999999999,43.25,207.75,28.0,349.25,12,2024,-5.344,2024-12,0.6813,0.4389,27.3409,17.5485,0.2652
Ariyampatti,2025-01-01,11.7172,77.9117,-5.344,116,5.75,8.0,2.0,1,-4.974,-5.426,-5.501,-5.248000000000001,-0.3700000000000001,98.25,43.25,207.75,147.25,1,2025,-6.247,2025-01,0.5834,0.3681,28.6515,13.1394,0.1953
Ariyampatti,2025-02-01,11.7172,77.9117,-6.247,112,,,,0,-5.344,-4.974,-5.426,-5.521666666666667,-0.9029999999999996,5.75,98.25,43.25,104.0,2,2025,-7.141,2025-02,0.4263,0.2419,33.2122,7.4189,0.1297
Ariyampatti,2025-03-01,11.7172,77.9117,-7.141,115,13.25,21.0,2.0,1,-6.247,-5.344,-4.974,-6.244000000000001,-0.8940000000000001,,5.75,98.25,19.0,3,2025,-7.234500000000001,2025-03,0.3836,0.2338,35.9196,4.4251,0.1174
Ariyampatti,2025-04-01,11.7172,77.9117,-7.234500000000001,62,14.0,7.0,2.0,1,-7.141,-6.247,-5.344,-6.874166666666667,-0.0935000000000005,13.25,,5.75,27.25,4,2025,-5.408,2025-04,0.4617,0.2707,35.2087,4.6356,0.1361
Ariyampatti,2025-08-01,11.7172,77.9117,-5.408,27,84.25,46.0,2.0,1,-7.234500000000001,-7.141,-6.247,-6.594500000000001,1.8265,14.0,13.25,,111.5,8,2025,-5.256,2025-08,0.498,0.3608,33.1448,13.8475,0.1985
Ariyampatti,2025-09-01,11.7172,77.9117,-5.256,114,59.75,37.0,2.0,1,-5.408,-7.234500000000001,-7.141,-5.966166666666669,0.1520000000000001,84.25,14.0,13.25,158.0,9,2025,-3.057,2025-09,0.6111,0.4841,29.6244,15.5211,0.2157
Ariyampatti,2025-10-01,11.7172,77.9117,-3.057,57,107.25,86.0,2.0,1,-5.256,-5.408,-7.234500000000001,-4.573666666666668,2.1990000000000003,59.75,84.25,14.0,251.25,10,2025,-2.135,2025-10,0.6961,0.5116,28.6357,19.5048,0.2735
Ariyampatti,2025-11-01,11.7172,77.9117,-2.135,103,279.75,64.0,2.0,1,-3.057,-5.256,-5.408,-3.4826666666666672,0.9220000000000002,107.25,59.75,84.25,446.75,11,2025,-2.681,2025-11,0.6959,0.5182,28.3055,19.6697,0.2202
Avaniperur Keelmugam,2024-06-01,11.596685,77.848759,148.17,120,131.0,63.0,2.0,1,-6.73,-8.085,-5.95,44.45166666666666,154.89999999999998,192.0,6.0,,329.0,6,2024,147.625,2024-06,0.5932,0.4144,34.159,13.3975,0.2145
Avaniperur Keelmugam,2024-07-01,11.596685,77.848759,147.625,124,68.25,55.0,2.0,1,148.17,-6.73,-8.085,96.355,-0.5449999999999875,131.0,192.0,6.0,391.25,7,2024,1.0,2024-07,0.6433,0.4734,33.0719,16.0947,0.1939
Avaniperur Keelmugam,2024-08-01,11.596685,77.848759,1.0,108,197.75,95.0,2.0,1,147.625,148.17,-6.73,98.93166666666669,-146.625,68.25,131.0,192.0,397.0,8,2024,1.0,2024-08,0.6444,0.4219,31.0515,18.4991,0.2382
Avaniperur Keelmugam,2024-09-01,11.596685,77.848759,1.0,120,28.0,17.0,2.0,1,1.0,147.625,148.17,49.875,0.0,197.75,68.25,131.0,294.0,9,2024,1.0,2024-09,0.5515,0.3508,35.0731,14.4963,0.1747
Avaniperur Keelmugam,2024-10-01,11.596685,77.848759,1.0,123,207.75,113.0,2.0,1,1.0,1.0,147.625,1.0,0.0,28.0,197.75,68.25,433.5,10,2024,1.0,2024-10,0.5994,0.3915,31.2653,18.1199,0.2666
Avaniperur Keelmugam,2024-11-01,11.596685,77.848759,1.0,117,43.25,50.0,2.0,1,1.0,1.0,1.0,1.0,0.0,207.75,28.0,197.75,279.0,11,2024,1.0,2024-11,0.6305,0.4685,29.1319,13.8091,0.2271
Avaniperur Keelmugam,2024-12-01,11.596685,77.848759,1.0,124,98.25,86.0,2.0,1,1.0,1.0,1.0,1.0,0.0,43.25,207.75,28.0,349.25,12,2024,1.0,2024-12,0.6446,0.4244,28.0282,17.9402,0.2537
Avaniperur Keelmugam,2025-01-01,11.596685,77.848759,1.0,120,5.75,8.0,2.0,1,1.0,1.0,1.0,1.0,0.0,98.25,43.25,207.75,147.25,1,2025,1.0,2025-01,0.5476,0.3506,28.6773,12.6739,0.1844
Avaniperur Keelmugam,2025-02-01,11.596685,77.848759,1.0,67,,,,0,1.0,1.0,1.0,1.0,0.0,5.75,98.25,43.25,104.0,2,2025,1.0,2025-02,0.4199,0.2411,33.1739,7.6557,0.1244
Avaniperur Keelmugam,2025-03-01,11.596685,77.848759,1.0,122,13.25,21.0,2.0,1,1.0,1.0,1.0,1.0,0.0,,5.75,98.25,19.0,3,2025,1.0,2025-03,0.4018,0.2413,35.2238,4.9972,0.1185
Avaniperur Keelmugam,2025-04-01,11.596685,77.848759,1.0,112,14.0,7.0,2.0,1,1.0,1.0,1.0,1.0,0.0,13.25,,5.75,27.25,4,2025,1.0,2025-04,0.4931,0.309,34.5064,5.8071,0.1331
Avaniperur Keelmugam,2025-05-01,11.596685,77.848759,1.0,116,216.0,75.0,2.0,1,1.0,1.0,1.0,1.0,0.0,14.0,13.25,,243.25,5,2025,1.0,2025-05,0.5013,0.3287,35.9121,9.7107,0.1983
Avaniperur Keelmugam,2025-06-01,11.596685,77.848759,1.0,86,69.0,32.0,2.0,1,1.0,1.0,1.0,1.0,0.0,216.0,14.0,13.25,299.0,6,2025,1.0,2025-06,0.5041,0.3204,33.9348,10.93,0.1882
Avaniperur Keelmugam,2025-09-01,11.596685,77.848759,1.0,1,59.75,37.0,2.0,1,1.0,1.0,1.0,1.0,0.0,69.0,216.0,14.0,344.75,9,2025,-4.919,2025-09,0.6211,0.431,30.9738,16.4848,0.207
Avaniperur Keelmugam,2025-11-01,11.596685,77.848759,-4.919,25,279.75,64.0,2.0,1,1.0,1.0,1.0,-0.973,-5.919,59.75,69.0,216.0,408.5,11,2025,-5.204,2025-11,0.6176,0.4294,30.0986,18.5321,0.2127
Ayodhiyapattinam,2021-04-01,11.6731,78.2467,-15.885,121,,,,0,-17.454500000000003,-0.229,3.889,-11.1895,1.5695000000000032,,,,,4,2021,-17.69,2021-04,0.4742,0.2945,36.014,6.6645,0.1315
Ayodhiyapattinam,2021-05-01,11.6731,78.2467,-17.69,124,,,,0,-15.885,-17.454500000000003,-0.229,-17.009833333333336,-1.8050000000000013,,,,,5,2021,-16.993000000000002,2021-05,0.5224,0.3279,36.9225,9.0176,0.1527
Ayodhiyapattinam,2021-06-01,11.6731,78.2467,-16.993000000000002,120,,,,0,-17.69,-15.885,-17.454500000000003,-16.856,0.6969999999999992,,,,,6,2021,-11.997,2021-06,0.547,0.3296,35.6664,10.8269,0.1699
Ayodhiyapattinam,2021-07-01,11.6731,78.2467,-11.997,114,,,,0,-16.993000000000002,-17.69,-15.885,-15.560000000000002,4.996000000000002,,,,,7,2021,-12.394,2021-07,0.6424,0.4447,31.3972,15.5466,0.2416
Ayodhiyapattinam,2021-08-01,11.6731,78.2467,-12.394,125,,,,0,-11.997,-16.993000000000002,-17.69,-13.794666666666666,-0.3970000000000002,,,,,8,2021,-11.759,2021-08,0.6634,0.4024,32.4868,14.8689,0.2091
Ayodhiyapattinam,2021-09-01,11.6731,78.2467,-11.759,107,3.5,1.0,1.0,1,-12.394,-11.997,-16.993000000000002,-12.05,0.6349999999999998,,,,3.5,9,2021,-9.8455,2021-09,0.6784,0.4225,32.3388,16.1972,0.2464
Ayodhiyapattinam,2021-10-01,11.6731,78.2467,-9.8455,124,24.0,8.0,1.0,1,-11.759,-12.394,-11.997,-11.332833333333332,1.913499999999999,3.5,,,27.5,10,2021,-5.085,2021-10,0.6674,0.4749,30.955,19.0697,0.2865
Ayodhiyapattinam,2021-11-01,11.6731,78.2467,-5.085,120,152.0,111.0,2.0,1,-9.8455,-11.759,-12.394,-8.896500000000001,4.760500000000001,24.0,3.5,,179.5,11,2021,-4.282,2021-11,0.4363,0.2837,29.046,18.8497,0.3467
Ayodhiyapattinam,2021-12-01,11.6731,78.2467,-4.282,124,6.5,2.0,1.0,1,-5.085,-9.8455,-11.759,-6.404166666666668,0.8029999999999999,152.0,24.0,3.5,182.5,12,2021,-4.8835,2021-12,0.6372,0.3876,29.0595,16.8173,0.2884
Ayodhiyapattinam,2022-01-01,11.6731,78.2467,-4.8835,124,0.5,1.0,1.0,1,-4.282,-5.085,-9.8455,-4.750166666666666,-0.6014999999999997,6.5,152.0,24.0,159.0,1,2022,-5.5245,2022-01,0.541,0.3139,30.1498,15.0758,0.2223
Ayodhiyapattinam,2022-02-01,11.6731,78.2467,-5.5245,112,,,,0,-4.8835,-4.282,-5.085,-4.896666666666666,-0.641,0.5,6.5,152.0,7.0,2,2022,-6.109500000000001,2022-02,0.4744,0.2698,33.8151,8.9821,0.1516
Ayodhiyapattinam,2022-03-01,11.6731,78.2467,-6.109500000000001,118,1900.25,14.0,2.0,1,-5.5245,-4.8835,-4.282,-5.5058333333333325,-0.5850000000000009,,0.5,6.5,1900.75,3,2022,-6.5215,2022-03,0.4643,0.2798,35.3909,7.855,0.129
Ayodhiyapattinam,2022-04-01,11.6731,78.2467,-6.5215,118,79.25,38.0,2.0,1,-6.109500000000001,-5.5245,-4.8835,-6.051833333333334,-0.411999999999999,1900.25,,0.5,1979.5,4,2022,-6.343,2022-04,0.5395,0.347,35.6336,10.972,0.1484
Ayodhiyapattinam,2022-05-01,11.6731,78.2467,-6.343,31,24.0,2.0,1.0,1,-6.5215,-6.109500000000001,-5.5245,-6.324666666666666,0.1784999999999996,79.25,1900.25,,2003.5,5,2022,-6.373,2022-05,0.5903,0.3782,33.4234,12.9169,0.199
Ayodhiyapattinam,2022-06-01,11.6731,78.2467,-6.373,120,82.0,35.0,2.0,1,-6.343,-6.5215,-6.109500000000001,-6.4125000000000005,-0.0300000000000002,24.0,79.25,1900.25,185.25,6,2022,-6.239,2022-06,0.5705,0.3883,33.3411,14.0028,0.1902
Ayodhiyapattinam,2022-07-01,11.6731,78.2467,-6.239,124,53.0,55.0,2.0,1,-6.373,-6.343,-6.5215,-6.318333333333334,0.1340000000000003,82.0,24.0,79.25,159.0,7,2022,-5.7635,2022-07,0.5781,0.41,32.4087,15.473,0.223
Ayodhiyapattinam,2022-08-01,11.6731,78.2467,-5.7635,122,214.75,92.0,2.0,1,-6.239,-6.373,-6.343,-6.125166666666668,0.4755000000000002,53.0,82.0,24.0,349.75,8,2022,-5.077500000000001,2022-08,0.6412,0.4077,31.9576,18.6814,0.2607
Ayodhiyapattinam,2022-09-01,11.6731,78.2467,-5.077500000000001,120,15.25,26.0,2.0,1,-5.7635,-6.239,-6.373,-5.6933333333333325,0.685999999999999,214.75,53.0,82.0,283.0,9,2022,-4.9655000000000005,2022-09,0.4735,0.3299,33.6707,19.0165,0.2572
Ayodhiyapattinam,2022-10-01,11.6731,78.2467,-4.9655000000000005,118,126.5,64.0,2.0,1,-5.077500000000001,-5.7635,-6.239,-5.268833333333333,0.1120000000000001,15.25,214.75,53.0,356.5,10,2022,-4.529,2022-10,0.6334,0.4454,30.2045,19.4443,0.2736
Ayodhiyapattinam,2022-11-01,11.6731,78.2467,-4.529,119,101.25,71.0,2.0,1,-4.9655000000000005,-5.077500000000001,-5.7635,-4.857333333333334,0.4365000000000005,126.5,15.25,214.75,243.0,11,2022,-4.8260000000000005,2022-11,0.6516,0.3878,30.0203,19.2553,0.269
Ayodhiyapattinam,2022-12-01,11.6731,78.2467,-4.8260000000000005,112,51.0,67.0,2.0,1,-4.529,-4.9655000000000005,-5.077500000000001,-4.7735,-0.2970000000000006,101.25,126.5,15.25,278.75,12,2022,-5.473,2022-12,0.6319,0.335,29.148,14.4128,0.2594
Ayodhiyapattinam,2023-01-01,11.6731,78.2467,-5.473,113,2.5,7.0,2.0,1,-4.8260000000000005,-4.529,-4.9655000000000005,-4.942666666666667,-0.6469999999999994,51.0,101.25,126.5,154.75,1,2023,-6.313,2023-01,0.5465,0.3162,29.4437,9.4244,0.1895
Ayodhiyapattinam,2023-02-01,11.6731,78.2467,-6.313,110,5.0,4.0,1.0,1,-5.473,-4.8260000000000005,-4.529,-5.537333333333334,-0.8399999999999999,2.5,51.0,101.25,58.5,2,2023,-7.058999999999999,2023-02,0.4527,0.2705,33.8126,7.0234,0.1394
Ayodhiyapattinam,2023-03-01,11.6731,78.2467,-7.058999999999999,116,48.75,17.0,2.0,1,-6.313,-5.473,-4.8260000000000005,-6.281666666666666,-0.7459999999999996,5.0,2.5,51.0,56.25,3,2023,-7.1885,2023-03,0.4803,0.2817,35.5221,6.7093,0.135
Ayodhiyapattinam,2023-04-01,11.6731,78.2467,-7.1885,114,32.0,14.0,2.0,1,-7.058999999999999,-6.313,-5.473,-6.8535,-0.129500000000001,48.75,5.0,2.5,85.75,4,2023,-7.09,2023-04,0.5123,0.2956,37.0624,6.6585,0.1235
Ayodhiyapattinam,2023-05-01,11.6731,78.2467,-7.09,123,95.75,64.0,2.0,1,-7.1885,-7.058999999999999,-6.313,-7.1125,0.0985000000000004,32.0,48.75,5.0,176.5,5,2023,-6.763999999999999,2023-05,0.5809,0.4035,32.478,15.3414,0.1819
Ayodhiyapattinam,2023-06-01,11.6731,78.2467,-6.763999999999999,120,35.5,20.0,2.0,1,-7.09,-7.1885,-7.058999999999999,-7.014166666666667,0.3260000000000005,95.75,32.0,48.75,163.25,6,2023,-6.418,2023-06,0.5781,0.3499,34.5203,13.3908,0.1683
Ayodhiyapattinam,2023-07-01,11.6731,78.2467,-6.418,125,51.25,60.0,2.0,1,-6.763999999999999,-7.09,-7.1885,-6.7573333333333325,0.3459999999999992,35.5,95.75,32.0,182.5,7,2023,-6.7545,2023-07,0.5926,0.3994,33.2431,12.6294,0.1807
Ayodhiyapattinam,2023-08-01,11.6731,78.2467,-6.7545,124,96.5,37.0,2.0,1,-6.418,-6.763999999999999,-7.09,-6.645499999999999,-0.3365,51.25,35.5,95.75,183.25,8,2023,-4.9895,2023-08,0.6067,0.3935,33.0197,12.4186,0.1791
Ayodhiyapattinam,2023-09-01,11.6731,78.2467,-4.9895,118,262.5,90.0,2.0,1,-6.7545,-6.418,-6.763999999999999,-6.053999999999999,1.7650000000000006,96.5,51.25,35.5,410.25,9,2023,-4.508,2023-09,0.6424,0.4422,32.5552,16.6696,0.2502
Ayodhiyapattinam,2023-10-01,11.6731,78.2467,-4.508,106,121.5,59.0,2.0,1,-4.9895,-6.7545,-6.418,-5.417333333333333,0.4814999999999996,262.5,96.5,51.25,480.5,10,2023,-4.3975,2023-10,0.6485,0.416,32.1039,15.633,0.2012
Ayodhiyapattinam,2023-11-01,11.6731,78.2467,-4.3975,118,127.0,92.0,2.0,1,-4.508,-4.9895,-6.7545,-4.631666666666667,0.1105,121.5,262.5,96.5,511.0,11,2023,-4.6395,2023-11,0.6047,0.4024,27.8049,17.427,0.2465
Ayodhiyapattinam,2023-12-01,11.6731,78.2467,-4.6395,122,4.5,9.0,2.0,1,-4.3975,-4.508,-4.9895,-4.515,-0.242,127.0,121.5,262.5,253.0,12,2023,-5.893,2023-12,0.6284,0.3732,29.0032,11.1874,0.1976
Ayodhiyapattinam,2024-01-01,11.6731,78.2467,-5.893,123,21.25,20.0,2.0,1,-4.6395,-4.3975,-4.508,-4.976666666666667,-1.2534999999999998,4.5,127.0,121.5,152.75,1,2024,-7.766,2024-01,0.5056,0.3009,30.3951,8.4161,0.1595
Ayodhiyapattinam,2024-02-01,11.6731,78.2467,-7.766,113,,,,0,-5.893,-4.6395,-4.3975,-6.0995,-1.873,21.25,4.5,127.0,25.75,2,2024,-8.472,2024-02,0.4489,0.2618,33.6823,6.8092,0.1101
Ayodhiyapattinam,2024-03-01,11.6731,78.2467,-8.472,123,,,,0,-7.766,-5.893,-4.6395,-7.377,-0.7059999999999995,,21.25,4.5,21.25,3,2024,-8.849499999999999,2024-03,0.4083,0.2449,37.5451,3.8375,0.0844
Ayodhiyapattinam,2024-04-01,11.6731,78.2467,-8.849499999999999,118,6.0,2.0,1.0,1,-8.472,-7.766,-5.893,-8.362499999999999,-0.3774999999999995,,,21.25,6.0,4,2024,-7.9245,2024-04,0.3877,0.2267,40.3166,2.8648,0.08
Ayodhiyapattinam,2024-05-01,11.6731,78.2467,-7.9245,122,192.0,72.0,2.0,1,-8.849499999999999,-8.472,-7.766,-8.415333333333333,0.9249999999999988,6.0,,,198.0,5,2024,-5.5795,2024-05,0.495,0.2856,31.4156,9.7125,0.1937
Ayodhiyapattinam,2024-06-01,11.6731,78.2467,-5.5795,118,131.0,63.0,2.0,1,-7.9245,-8.849499999999999,-8.472,-7.451166666666666,2.3450000000000006,192.0,6.0,,329.0,6,2024,-5.4815000000000005,2024-06,0.6174,0.424,30.7347,13.4704,0.2342
Ayodhiyapattinam,2024-07-01,11.6731,78.2467,-5.4815000000000005,118,68.25,55.0,2.0,1,-5.5795,-7.9245,-8.849499999999999,-6.328499999999999,0.0979999999999989,131.0,192.0,6.0,391.25,7,2024,-3.6575,2024-07,0.5807,0.4128,32.7321,15.2104,0.1956
Ayodhiyapattinam,2024-08-01,11.6731,78.2467,-3.6575,110,197.75,95.0,2.0,1,-5.4815000000000005,-5.5795,-7.9245,-4.906166666666667,1.8240000000000007,68.25,131.0,192.0,397.0,8,2024,-3.486,2024-08,0.687,0.4855,29.9663,19.0429,0.2509
Ayodhiyapattinam,2024-09-01,11.6731,78.2467,-3.486,116,28.0,17.0,2.0,1,-3.6575,-5.4815000000000005,-5.5795,-4.208333333333333,0.1714999999999999,197.75,68.25,131.0,294.0,9,2024,-3.068,2024-09,0.6423,0.3926,33.2177,15.6579,0.1866
Ayodhiyapattinam,2024-10-01,11.6731,78.2467,-3.068,121,207.75,113.0,2.0,1,-3.486,-3.6575,-5.4815000000000005,-3.4038333333333326,0.4179999999999997,28.0,197.75,68.25,433.5,10,2024,-2.966,2024-10,0.6881,0.4613,29.5892,19.7267,0.2659
Ayodhiyapattinam,2024-11-01,11.6731,78.2467,-2.966,111,43.25,50.0,2.0,1,-3.068,-3.486,-3.6575,-3.1733333333333325,0.1019999999999998,207.75,28.0,197.75,279.0,11,2024,-3.0435,2024-11,0.4202,0.2695,27.6949,14.4207,0.2277
Ayodhiyapattinam,2024-12-01,11.6731,78.2467,-3.0435,12,98.25,86.0,2.0,1,-2.966,-3.068,-3.486,-3.025833333333333,-0.0774999999999996,43.25,207.75,28.0,349.25,12,2024,-2.486,2024-12,0.6492,0.3909,27.1767,17.8529,0.2756
Ayodhiyapattinam,2025-01-01,11.6731,78.2467,-2.486,40,5.75,8.0,2.0,1,-3.0435,-2.966,-3.068,-2.8318333333333325,0.5575000000000001,98.25,43.25,207.75,147.25,1,2025,-3.254,2025-01,0.5873,0.3411,27.1131,13.0462,0.2036
Ayodhiyapattinam,2025-02-01,11.6731,78.2467,-3.254,112,,,,0,-2.486,-3.0435,-2.966,-2.927833333333332,-0.7680000000000002,5.75,98.25,43.25,104.0,2,2025,-4.299,2025-02,0.5062,0.2796,30.8056,8.6749,0.1331
Ayodhiyapattinam,2025-03-01,11.6731,78.2467,-4.299,112,13.25,21.0,2.0,1,-3.254,-2.486,-3.0435,-3.3463333333333325,-1.0449999999999997,,5.75,98.25,19.0,3,2025,-5.064500000000001,2025-03,0.4745,0.2765,33.7163,6.5528,0.115
Ayodhiyapattinam,2025-04-01,11.6731,78.2467,-5.064500000000001,114,14.0,7.0,2.0,1,-4.299,-3.254,-2.486,-4.2058333333333335,-0.7655000000000012,13.25,,5.75,27.25,4,2025,-5.464,2025-04,0.4915,0.3018,33.2373,6.4134,0.1211
Ayodhiyapattinam,2025-05-01,11.6731,78.2467,-5.464,114,216.0,75.0,2.0,1,-5.064500000000001,-4.299,-3.254,-4.942499999999999,-0.3994999999999997,14.0,13.25,,243.25,5,2025,-5.106,2025-05,0.558,0.3239,31.984,9.1751,0.2077
Ayodhiyapattinam,2025-06-01,11.6731,78.2467,-5.106,115,69.0,32.0,2.0,1,-5.464,-5.064500000000001,-4.299,-5.2115,0.3580000000000005,216.0,14.0,13.25,299.0,6,2025,-4.939,2025-06,0.6012,0.4243,28.9908,12.6688,0.1911
Ayodhiyapattinam,2025-07-01,11.6731,78.2467,-4.939,103,16.25,15.0,2.0,1,-5.106,-5.464,-5.064500000000001,-5.169666666666667,0.1669999999999998,69.0,216.0,14.0,301.25,7,2025,-5.113,2025-07,0.6407,0.3639,30.6305,12.702,0.1704
Ayodhiyapattinam,2025-08-01,11.6731,78.2467,-5.113,104,84.25,46.0,2.0,1,-4.939,-5.106,-5.464,-5.052666666666666,-0.1739999999999995,16.25,69.0,216.0,169.5,8,2025,-5.2875,2025-08,0.6005,0.4565,30.9693,14.9639,0.1942
Ayodhiyapattinam,2025-09-01,11.6731,78.2467,-5.2875,116,59.75,37.0,2.0,1,-5.113,-4.939,-5.106,-5.1131666666666655,-0.1745000000000001,84.25,16.25,69.0,160.25,9,2025,-4.756,2025-09,0.624,0.4264,30.1265,15.6756,0.2209
Ayodhiyapattinam,2025-10-01,11.6731,78.2467,-4.756,57,107.25,86.0,2.0,1,-5.2875,-5.113,-4.939,-5.052166666666666,0.5314999999999994,59.75,84.25,16.25,251.25,10,2025,-4.707,2025-10,0.6474,0.5044,28.6689,18.4842,0.2639
Ayodhiyapattinam,2025-11-01,11.6731,78.2467,-4.707,102,279.75,64.0,2.0,1,-4.756,-5.2875,-5.113,-4.916833333333333,0.0490000000000003,107.25,59.75,84.25,446.75,11,2025,-5.319,2025-11,0.6657,0.4579,27.101,18.4685,0.2136
Egapuram,2021-04-01,11.6097,77.9614,-22.33,114,,,,0,-18.979,-6.6865000000000006,-7.4765,-15.998499999999998,-3.350999999999999,,,,,4,2021,-22.616,2021-04,0.3522,0.2028,39.6218,4.2727,0.1449
Egapuram,2021-05-01,11.6097,77.9614,-22.616,124,,,,0,-22.33,-18.979,-6.6865000000000006,-21.308333333333334,-0.2860000000000013,,,,,5,2021,-22.5875,2021-05,0.4022,0.2482,39.9277,6.6505,0.1601
Egapuram,2021-06-01,11.6097,77.9614,-22.5875,120,,,,0,-22.616,-22.33,-18.979,-22.511166666666668,0.028500000000001,,,,,6,2021,-19.1355,2021-06,0.4626,0.2815,41.3574,9.0224,0.1643
Egapuram,2021-07-01,11.6097,77.9614,-19.1355,118,,,,0,-22.5875,-22.616,-22.33,-21.44633333333333,3.451999999999998,,,,,7,2021,-18.73,2021-07,0.5533,0.3859,33.6094,13.4764,0.2212
Egapuram,2021-08-01,11.6097,77.9614,-18.73,125,,,,0,-19.1355,-22.5875,-22.616,-20.151,0.4054999999999999,,,,,8,2021,-18.4085,2021-08,0.5691,0.3577,34.9326,14.4464,0.1904
Egapuram,2021-09-01,11.6097,77.9614,-18.4085,106,3.5,1.0,1.0,1,-18.73,-19.1355,-22.5875,-18.758,0.3215000000000003,,,,3.5,9,2021,-13.8715,2021-09,0.5678,0.345,35.3684,15.0227,0.2328
Egapuram,2021-10-01,11.6097,77.9614,-13.8715,124,24.0,8.0,1.0,1,-18.4085,-18.73,-19.1355,-17.003333333333334,4.536999999999999,3.5,,,27.5,10,2021,-8.093,2021-10,0.6033,0.424,30.9186,17.9135,0.2815
Egapuram,2021-11-01,11.6097,77.9614,-8.093,66,152.0,111.0,2.0,1,-13.8715,-18.4085,-18.73,-13.457666666666668,5.778500000000001,24.0,3.5,,179.5,11,2021,-4.8895,2021-11,0.3778,0.2677,29.2786,18.8206,0.3366
Egapuram,2022-03-01,11.6097,77.9614,-4.8895,54,1900.25,14.0,2.0,1,-8.093,-13.8715,-18.4085,-8.951333333333332,3.2035,152.0,24.0,3.5,2076.25,3,2022,-5.1155,2022-03,0.3654,0.2254,39.8683,5.9177,0.1222
Egapuram,2022-04-01,11.6097,77.9614,-5.1155,118,79.25,38.0,2.0,1,-4.8895,-8.093,-13.8715,-6.032666666666667,-0.2259999999999999,1900.25,152.0,24.0,2131.5,4,2022,-3.7245,2022-04,0.4093,0.2565,39.506,7.125,0.1485
Egapuram,2022-05-01,11.6097,77.9614,-3.7245,32,24.0,2.0,1.0,1,-5.1155,-4.8895,-8.093,-4.5765,1.391,79.25,1900.25,152.0,2003.5,5,2022,-3.9225,2022-05,0.5004,0.3246,35.5723,10.7886,0.2117
Egapuram,2022-06-01,11.6097,77.9614,-3.9225,120,82.0,35.0,2.0,1,-3.7245,-5.1155,-4.8895,-4.254166666666666,-0.1980000000000004,24.0,79.25,1900.25,185.25,6,2022,-4.4505,2022-06,0.5195,0.3305,37.4393,12.748,0.2019
Egapuram,2022-07-01,11.6097,77.9614,-4.4505,124,53.0,55.0,2.0,1,-3.9225,-3.7245,-5.1155,-4.0325,-0.5279999999999996,82.0,24.0,79.25,159.0,7,2022,-3.2205000000000004,2022-07,0.534,0.3694,37.6197,13.1511,0.2173
Egapuram,2022-08-01,11.6097,77.9614,-3.2205000000000004,110,214.75,92.0,2.0,1,-4.4505,-3.9225,-3.7245,-3.864500000000001,1.2299999999999995,53.0,82.0,24.0,349.75,8,2022,-1.344,2022-08,0.6017,0.4014,34.4482,18.7534,0.2562
Egapuram,2022-09-01,11.6097,77.9614,-1.344,54,15.25,26.0,2.0,1,-3.2205000000000004,-4.4505,-3.9225,-3.0050000000000003,1.8765000000000005,214.75,53.0,82.0,283.0,9,2022,-1.251,2022-09,0.4608,0.3033,36.4759,18.6116,0.2555
Egapuram,2022-10-01,11.6097,77.9614,-1.251,48,126.5,64.0,2.0,1,-1.344,-3.2205000000000004,-4.4505,-1.9385,0.0929999999999999,15.25,214.75,53.0,356.5,10,2022,-0.2435,2022-10,0.5621,0.3905,30.1951,18.6904,0.2711
Egapuram,2022-11-01,11.6097,77.9614,-0.2435,120,101.25,71.0,2.0,1,-1.251,-1.344,-3.2205000000000004,-0.9461666666666666,1.0074999999999998,126.5,15.25,214.75,243.0,11,2022,-0.263,2022-11,0.6149,0.3769,30.047,19.2491,0.27
Egapuram,2022-12-01,11.6097,77.9614,-0.263,124,51.0,67.0,2.0,1,-0.2435,-1.251,-1.344,-0.5858333333333333,-0.0195,101.25,126.5,15.25,278.75,12,2022,-0.3905,2022-12,0.5822,0.3389,30.2993,14.9505,0.2601
Egapuram,2023-01-01,11.6097,77.9614,-0.3905,124,2.5,7.0,2.0,1,-0.263,-0.2435,-1.251,-0.299,-0.1275,51.0,101.25,126.5,154.75,1,2023,-0.5954999999999999,2023-01,0.5352,0.2949,31.1928,9.1458,0.1864
Egapuram,2023-02-01,11.6097,77.9614,-0.5954999999999999,112,5.0,4.0,1.0,1,-0.3905,-0.263,-0.2435,-0.4163333333333333,-0.2049999999999999,2.5,51.0,101.25,58.5,2,2023,-0.918,2023-02,0.4049,0.2577,35.171,6.1372,0.1369
Egapuram,2023-03-01,11.6097,77.9614,-0.918,124,48.75,17.0,2.0,1,-0.5954999999999999,-0.3905,-0.263,-0.6346666666666666,-0.3225000000000001,5.0,2.5,51.0,56.25,3,2023,-1.1789999999999998,2023-03,0.4045,0.2442,38.2692,5.462,0.1344
Egapuram,2023-04-01,11.6097,77.9614,-1.1789999999999998,120,32.0,14.0,2.0,1,-0.918,-0.5954999999999999,-0.3905,-0.8975,-0.2609999999999998,48.75,5.0,2.5,85.75,4,2023,-1.3695,2023-04,0.4095,0.2323,41.1972,4.62,0.1275
Egapuram,2023-05-01,11.6097,77.9614,-1.3695,124,95.75,64.0,2.0,1,-1.1789999999999998,-0.918,-0.5954999999999999,-1.1555,-0.1905000000000001,32.0,48.75,5.0,176.5,5,2023,-1.5335,2023-05,0.4742,0.3127,36.7738,12.7195,0.1851
Egapuram,2023-06-01,11.6097,77.9614,-1.5335,120,35.5,20.0,2.0,1,-1.3695,-1.1789999999999998,-0.918,-1.3606666666666667,-0.1640000000000001,95.75,32.0,48.75,163.25,6,2023,-1.904,2023-06,0.4655,0.2784,38.5417,11.2266,0.1707
Egapuram,2023-07-01,11.6097,77.9614,-1.904,124,51.25,60.0,2.0,1,-1.5335,-1.3695,-1.1789999999999998,-1.6023333333333332,-0.3704999999999998,35.5,95.75,32.0,182.5,7,2023,-2.289,2023-07,0.455,0.2938,38.7655,9.4401,0.1734
Egapuram,2023-08-01,11.6097,77.9614,-2.289,124,96.5,37.0,2.0,1,-1.904,-1.5335,-1.3695,-1.9088333333333327,-0.3849999999999998,51.25,35.5,95.75,183.25,8,2023,-2.0205,2023-08,0.5373,0.3397,38.7398,8.6327,0.1614
Egapuram,2023-09-01,11.6097,77.9614,-2.0205,120,262.5,90.0,2.0,1,-2.289,-1.904,-1.5335,-2.0711666666666666,0.2684999999999995,96.5,51.25,35.5,410.25,9,2023,-1.5925,2023-09,0.567,0.3859,34.2204,14.4845,0.2373
Egapuram,2023-10-01,11.6097,77.9614,-1.5925,106,121.5,59.0,2.0,1,-2.0205,-2.289,-1.904,-1.9673333333333327,0.4280000000000001,262.5,96.5,51.25,480.5,10,2023,-1.3864999999999998,2023-10,0.5942,0.3735,34.1618,14.4178,0.1881
Egapuram,2023-11-01,11.6097,77.9614,-1.3864999999999998,120,127.0,92.0,2.0,1,-1.5925,-2.0205,-2.289,-1.6665,0.2060000000000001,121.5,262.5,96.5,511.0,11,2023,-1.548,2023-11,0.6273,0.4206,30.3681,16.7334,0.2416
Egapuram,2023-12-01,11.6097,77.9614,-1.548,122,4.5,9.0,2.0,1,-1.3864999999999998,-1.5925,-2.0205,-1.5089999999999997,-0.1615000000000002,127.0,121.5,262.5,253.0,12,2023,-2.5025000000000004,2023-12,0.605,0.3867,31.1305,11.5838,0.1875
Egapuram,2024-01-01,11.6097,77.9614,-2.5025000000000004,124,21.25,20.0,2.0,1,-1.548,-1.3864999999999998,-1.5925,-1.812333333333333,-0.9545000000000003,4.5,127.0,121.5,152.75,1,2024,-3.596,2024-01,0.4643,0.2869,32.0617,9.1909,0.1534
Egapuram,2024-02-01,11.6097,77.9614,-3.596,113,,,,0,-2.5025000000000004,-1.548,-1.3864999999999998,-2.548833333333333,-1.0934999999999997,21.25,4.5,127.0,25.75,2,2024,-5.202,2024-02,0.3911,0.2362,36.3237,5.6781,0.1092
Egapuram,2024-03-01,11.6097,77.9614,-5.202,123,,,,0,-3.596,-2.5025000000000004,-1.548,-3.766833333333333,-1.606,,21.25,4.5,21.25,3,2024,-7.324,2024-03,0.3441,0.208,39.6872,2.9317,0.0899
Egapuram,2024-04-01,11.6097,77.9614,-7.324,120,6.0,2.0,1.0,1,-5.202,-3.596,-2.5025000000000004,-5.374,-2.122,,,21.25,6.0,4,2024,-8.372,2024-04,0.3246,0.1983,42.7222,2.3049,0.0901
Egapuram,2024-05-01,11.6097,77.9614,-8.372,123,192.0,72.0,2.0,1,-7.324,-5.202,-3.596,-6.965999999999998,-1.048,6.0,,,198.0,5,2024,-6.7595,2024-05,0.4104,0.2288,39.52,7.482,0.1942
Egapuram,2024-06-01,11.6097,77.9614,-6.7595,120,131.0,63.0,2.0,1,-8.372,-7.324,-5.202,-7.485166666666667,1.6124999999999998,192.0,6.0,,329.0,6,2024,-6.6415,2024-06,0.5445,0.3768,35.3632,11.6091,0.2189
Egapuram,2024-07-01,11.6097,77.9614,-6.6415,120,68.25,55.0,2.0,1,-6.7595,-8.372,-7.324,-7.257666666666665,0.1180000000000003,131.0,192.0,6.0,391.25,7,2024,-4.847,2024-07,0.6129,0.4171,34.0827,15.3976,0.1947
Egapuram,2024-08-01,11.6097,77.9614,-4.847,92,197.75,95.0,2.0,1,-6.6415,-6.7595,-8.372,-6.0826666666666656,1.7945000000000002,68.25,131.0,192.0,397.0,8,2024,-3.368,2024-08,0.6243,0.4198,31.9332,18.3567,0.2424
Egapuram,2024-09-01,11.6097,77.9614,-3.368,118,28.0,17.0,2.0,1,-4.847,-6.6415,-6.7595,-4.952166666666666,1.4789999999999996,197.75,68.25,131.0,294.0,9,2024,-2.866,2024-09,0.4588,0.2819,35.9425,13.8093,0.1779
Egapuram,2024-10-01,11.6097,77.9614,-2.866,124,207.75,113.0,2.0,1,-3.368,-4.847,-6.6415,-3.6936666666666658,0.5019999999999998,28.0,197.75,68.25,433.5,10,2024,-2.0035,2024-10,0.6259,0.4226,30.4411,18.3376,0.2675
Egapuram,2024-11-01,11.6097,77.9614,-2.0035,110,43.25,50.0,2.0,1,-2.866,-3.368,-4.847,-2.745833333333332,0.8625000000000003,207.75,28.0,197.75,279.0,11,2024,-0.7755000000000001,2024-11,0.6544,0.5036,28.1446,15.2507,0.2272
Egapuram,2024-12-01,11.6097,77.9614,-0.7755000000000001,118,98.25,86.0,2.0,1,-2.0035,-2.866,-3.368,-1.881666666666666,1.2279999999999998,43.25,207.75,28.0,349.25,12,2024,-0.6615,2024-12,0.6695,0.4669,27.6115,18.4767,0.2601
Egapuram,2025-01-01,11.6097,77.9614,-0.6615,118,5.75,8.0,2.0,1,-0.7755000000000001,-2.0035,-2.866,-1.1468333333333327,0.1140000000000001,98.25,43.25,207.75,147.25,1,2025,-0.984,2025-01,0.5706,0.3701,28.2405,13.6617,0.1878
Egapuram,2025-02-01,11.6097,77.9614,-0.984,112,,,,0,-0.6615,-0.7755000000000001,-2.0035,-0.8069999999999995,-0.3225,5.75,98.25,43.25,104.0,2,2025,-1.5145,2025-02,0.4379,0.2538,32.6305,8.0504,0.1259
Egapuram,2025-03-01,11.6097,77.9614,-1.5145,114,13.25,21.0,2.0,1,-0.984,-0.6615,-0.7755000000000001,-1.0533333333333328,-0.5305,,5.75,98.25,19.0,3,2025,-1.957,2025-03,0.4109,0.2382,35.1356,4.8434,0.1182
Egapuram,2025-04-01,11.6097,77.9614,-1.957,116,14.0,7.0,2.0,1,-1.5145,-0.984,-0.6615,-1.485166666666666,-0.4425000000000001,13.25,,5.75,27.25,4,2025,-2.2075,2025-04,0.4435,0.2758,35.2431,5.0244,0.1344
Egapuram,2025-05-01,11.6097,77.9614,-2.2075,114,216.0,75.0,2.0,1,-1.957,-1.5145,-0.984,-1.893,-0.2504999999999999,14.0,13.25,,243.25,5,2025,-1.742,2025-05,0.4883,0.2958,35.5885,8.8631,0.2041
Egapuram,2025-06-01,11.6097,77.9614,-1.742,116,69.0,32.0,2.0,1,-2.2075,-1.957,-1.5145,-1.9688333333333323,0.4655,216.0,14.0,13.25,299.0,6,2025,-2.12,2025-06,0.5181,0.3259,34.3154,9.9826,0.1932
Egapuram,2025-07-01,11.6097,77.9614,-2.12,103,16.25,15.0,2.0,1,-1.742,-2.2075,-1.957,-2.023166666666666,-0.3780000000000001,69.0,216.0,14.0,301.25,7,2025,-1.472,2025-07,0.5991,0.3425,33.8613,11.0486,0.1721
Egapuram,2025-08-01,11.6097,77.9614,-1.472,101,84.25,46.0,2.0,1,-2.12,-1.742,-2.2075,-1.7779999999999994,0.6480000000000001,16.25,69.0,216.0,169.5,8,2025,-1.714,2025-08,0.5617,0.4402,32.5371,14.055,0.197
Egapuram,2025-09-01,11.6097,77.9614,-1.714,114,59.75,37.0,2.0,1,-1.472,-2.12,-1.742,-1.7686666666666662,-0.242,84.25,16.25,69.0,160.25,9,2025,-0.728,2025-09,0.5563,0.3839,32.3953,15.2999,0.2133
Egapuram,2025-10-01,11.6097,77.9614,-0.728,57,107.25,86.0,2.0,1,-1.714,-1.472,-2.12,-1.304666666666666,0.986,59.75,84.25,16.25,251.25,10,2025,-0.887,2025-10,0.6189,0.4166,29.7435,18.7853,0.2698
Egapuram,2025-11-01,11.6097,77.9614,-0.887,99,279.75,64.0,2.0,1,-0.728,-1.714,-1.472,-1.109666666666666,-0.159,107.25,59.75,84.25,446.75,11,2025,-0.9895,2025-11,0.6391,0.4613,29.2243,19.0307,0.2142
Erumaipatti_1,2023-01-01,11.4719,77.8703,-0.754,118,2.5,7.0,2.0,1,-0.639,-0.613,-0.636,-0.6686666666666666,-0.1149999999999999,51.0,101.25,126.5,154.75,1,2023,-1.022,2023-01,0.4865,0.2627,31.4253,7.739,0.177
Erumaipatti_1,2023-02-01,11.4719,77.8703,-1.022,107,5.0,4.0,1.0,1,-0.754,-0.639,-0.613,-0.805,-0.268,2.5,51.0,101.25,58.5,2,2023,-1.19,2023-02,0.3696,0.2331,35.8021,5.2471,0.129
Erumaipatti_1,2023-03-01,11.4719,77.8703,-1.19,113,48.75,17.0,2.0,1,-1.022,-0.754,-0.639,-0.9886666666666668,-0.1679999999999999,5.0,2.5,51.0,56.25,3,2023,-1.25,2023-03,0.4069,0.2529,36.8338,5.036,0.1215
Erumaipatti_1,2023-04-01,11.4719,77.8703,-1.25,116,32.0,14.0,2.0,1,-1.19,-1.022,-0.754,-1.154,-0.06,48.75,5.0,2.5,85.75,4,2023,-1.142,2023-04,0.4729,0.287,37.5216,5.8027,0.1223
Erumaipatti_1,2023-05-01,11.4719,77.8703,-1.142,112,95.75,64.0,2.0,1,-1.25,-1.19,-1.022,-1.194,0.1080000000000001,32.0,48.75,5.0,176.5,5,2023,-1.221,2023-05,0.5378,0.3756,34.7454,13.8888,0.1789
Erumaipatti_1,2023-06-01,11.4719,77.8703,-1.221,118,35.5,20.0,2.0,1,-1.142,-1.25,-1.19,-1.2043333333333333,-0.0790000000000001,95.75,32.0,48.75,163.25,6,2023,-1.3545,2023-06,0.4919,0.3123,36.9848,11.5436,0.1603
Erumaipatti_1,2023-07-01,11.4719,77.8703,-1.3545,124,51.25,60.0,2.0,1,-1.221,-1.142,-1.25,-1.2391666666666667,-0.1334999999999999,35.5,95.75,32.0,182.5,7,2023,-1.458,2023-07,0.4761,0.3246,37.4756,9.7965,0.166
Erumaipatti_1,2023-08-01,11.4719,77.8703,-1.458,122,96.5,37.0,2.0,1,-1.3545,-1.221,-1.142,-1.3445,-0.1034999999999999,51.25,35.5,95.75,183.25,8,2023,-0.67,2023-08,0.5219,0.3412,36.6463,8.802,0.161
Erumaipatti_1,2023-09-01,11.4719,77.8703,-0.67,118,262.5,90.0,2.0,1,-1.458,-1.3545,-1.221,-1.1608333333333334,0.7879999999999999,96.5,51.25,35.5,410.25,9,2023,-1.008,2023-09,0.5779,0.4074,34.2314,13.6927,0.2301
Erumaipatti_1,2023-10-01,11.4719,77.8703,-1.008,112,121.5,59.0,2.0,1,-0.67,-1.458,-1.3545,-1.0453333333333334,-0.3379999999999999,262.5,96.5,51.25,480.5,10,2023,-0.803,2023-10,0.6219,0.4094,32.4216,14.2399,0.193
Erumaipatti_1,2023-11-01,11.4719,77.8703,-0.803,120,127.0,92.0,2.0,1,-1.008,-0.67,-1.458,-0.827,0.2049999999999999,121.5,262.5,96.5,511.0,11,2023,-0.975,2023-11,0.6438,0.4432,29.9203,15.1826,0.2514
Erumaipatti_1,2023-12-01,11.4719,77.8703,-0.975,122,4.5,9.0,2.0,1,-0.803,-1.008,-0.67,-0.9286666666666666,-0.1719999999999999,127.0,121.5,262.5,253.0,12,2023,-1.048,2023-12,0.5819,0.355,30.1965,9.9272,0.1945
Erumaipatti_1,2024-01-01,11.4719,77.8703,-1.048,124,21.25,20.0,2.0,1,-0.975,-0.803,-1.008,-0.942,-0.073,4.5,127.0,121.5,152.75,1,2024,-1.2885,2024-01,0.4662,0.2806,31.4033,8.0127,0.159
Erumaipatti_1,2024-02-01,11.4719,77.8703,-1.2885,114,,,,0,-1.048,-0.975,-0.803,-1.1038333333333334,-0.2404999999999999,21.25,4.5,127.0,25.75,2,2024,-1.6949999999999998,2024-02,0.3876,0.2273,34.9953,5.2006,0.1097
Erumaipatti_1,2024-03-01,11.4719,77.8703,-1.6949999999999998,122,,,,0,-1.2885,-1.048,-0.975,-1.3438333333333332,-0.4064999999999998,,21.25,4.5,21.25,3,2024,-1.861,2024-03,0.3549,0.2152,37.4733,2.8839,0.0909
Erumaipatti_1,2024-04-01,11.4719,77.8703,-1.861,120,6.0,2.0,1.0,1,-1.6949999999999998,-1.2885,-1.048,-1.6148333333333331,-0.1660000000000001,,,21.25,6.0,4,2024,-2.0075,2024-04,0.343,0.2243,39.694,2.4234,0.091
Erumaipatti_1,2024-05-01,11.4719,77.8703,-2.0075,122,192.0,72.0,2.0,1,-1.861,-1.6949999999999998,-1.2885,-1.8545,-0.1464999999999998,6.0,,,198.0,5,2024,-1.014,2024-05,0.4656,0.295,37.9029,8.2139,0.1919
Erumaipatti_1,2024-06-01,11.4719,77.8703,-1.014,120,131.0,63.0,2.0,1,-2.0075,-1.861,-1.6949999999999998,-1.6274999999999995,0.9934999999999998,192.0,6.0,,329.0,6,2024,-0.9765,2024-06,0.5759,0.3994,33.5201,12.7419,0.2118
Erumaipatti_1,2024-07-01,11.4719,77.8703,-0.9765,116,68.25,55.0,2.0,1,-1.014,-2.0075,-1.861,-1.3326666666666669,0.0375,131.0,192.0,6.0,391.25,7,2024,-0.798,2024-07,0.5241,0.3752,32.0805,13.511,0.1897
Erumaipatti_1,2024-08-01,11.4719,77.8703,-0.798,84,197.75,95.0,2.0,1,-0.9765,-1.014,-2.0075,-0.9295,0.1784999999999998,68.25,131.0,192.0,397.0,8,2024,-0.937,2024-08,0.6314,0.4327,32.3079,16.9785,0.2367
Erumaipatti_1,2024-09-01,11.4719,77.8703,-0.937,111,28.0,17.0,2.0,1,-0.798,-0.9765,-1.014,-0.9038333333333332,-0.139,197.75,68.25,131.0,294.0,9,2024,-0.788,2024-09,0.5391,0.3473,34.5377,14.8289,0.1619
Erumaipatti_1,2024-10-01,11.4719,77.8703,-0.788,124,207.75,113.0,2.0,1,-0.937,-0.798,-0.9765,-0.8409999999999999,0.149,28.0,197.75,68.25,433.5,10,2024,-0.7415,2024-10,0.6629,0.4919,30.4376,18.0753,0.2694
Erumaipatti_1,2024-11-01,11.4719,77.8703,-0.7415,116,43.25,50.0,2.0,1,-0.788,-0.937,-0.798,-0.8221666666666666,0.0464999999999999,207.75,28.0,197.75,279.0,11,2024,-0.515,2024-11,0.4634,0.3314,28.454,12.992,0.2335
Erumaipatti_1,2024-12-01,11.4719,77.8703,-0.515,120,98.25,86.0,2.0,1,-0.7415,-0.788,-0.937,-0.6814999999999999,0.2265,43.25,207.75,28.0,349.25,12,2024,-0.567,2024-12,0.6271,0.3969,27.4354,17.4316,0.251
Erumaipatti_1,2025-01-01,11.4719,77.8703,-0.567,108,5.75,8.0,2.0,1,-0.515,-0.7415,-0.788,-0.6078333333333332,-0.0519999999999999,98.25,43.25,207.75,147.25,1,2025,-0.8354999999999999,2025-01,0.5379,0.3574,28.2984,11.6127,0.1767
Erumaipatti_1,2025-02-01,11.4719,77.8703,-0.8354999999999999,112,,,,0,-0.567,-0.515,-0.7415,-0.6391666666666665,-0.2684999999999999,5.75,98.25,43.25,104.0,2,2025,-1.0805,2025-02,0.4058,0.2275,32.3317,6.6522,0.1179
Erumaipatti_1,2025-03-01,11.4719,77.8703,-1.0805,116,13.25,21.0,2.0,1,-0.8354999999999999,-0.567,-0.515,-0.8276666666666664,-0.2450000000000001,,5.75,98.25,19.0,3,2025,-1.07,2025-03,0.4114,0.2603,33.817,4.8327,0.1168
Erumaipatti_1,2025-04-01,11.4719,77.8703,-1.07,116,14.0,7.0,2.0,1,-1.0805,-0.8354999999999999,-0.567,-0.9953333333333332,0.0104999999999999,13.25,,5.75,27.25,4,2025,-1.125,2025-04,0.4811,0.3085,34.3439,5.902,0.124
Erumaipatti_1,2025-05-01,11.4719,77.8703,-1.125,120,216.0,75.0,2.0,1,-1.07,-1.0805,-0.8354999999999999,-1.091833333333333,-0.0549999999999999,14.0,13.25,,243.25,5,2025,-1.0165,2025-05,0.4922,0.3356,34.5591,8.7628,0.1878
Erumaipatti_1,2025-06-01,11.4719,77.8703,-1.0165,118,69.0,32.0,2.0,1,-1.125,-1.07,-1.0805,-1.0704999999999998,0.1085,216.0,14.0,13.25,299.0,6,2025,-1.196,2025-06,0.4742,0.3079,33.8678,9.7587,0.1686
Erumaipatti_1,2025-07-01,11.4719,77.8703,-1.196,101,16.25,15.0,2.0,1,-1.0165,-1.125,-1.07,-1.1124999999999998,-0.1795,69.0,216.0,14.0,301.25,7,2025,-0.97,2025-07,0.4986,0.3014,33.4066,10.4789,0.1591
Erumaipatti_1,2025-08-01,11.4719,77.8703,-0.97,99,84.25,46.0,2.0,1,-1.196,-1.0165,-1.125,-1.0608333333333333,0.2259999999999999,16.25,69.0,216.0,169.5,8,2025,-0.699,2025-08,0.5138,0.3912,33.2819,12.9226,0.1832
Erumaipatti_1,2025-09-01,11.4719,77.8703,-0.699,114,59.75,37.0,2.0,1,-0.97,-1.196,-1.0165,-0.9549999999999996,0.271,84.25,16.25,69.0,160.25,9,2025,-0.442,2025-09,0.582,0.4238,32.4842,15.0221,0.2042
Erumaipatti_1,2025-10-01,11.4719,77.8703,-0.442,57,107.25,86.0,2.0,1,-0.699,-0.97,-1.196,-0.7036666666666664,0.2569999999999999,59.75,84.25,16.25,251.25,10,2025,-0.577,2025-10,0.6564,0.4587,29.2365,19.0392,0.2599
Erumaipatti_1,2025-11-01,11.4719,77.8703,-0.577,101,279.75,64.0,2.0,1,-0.442,-0.699,-0.97,-0.5726666666666665,-0.1349999999999999,107.25,59.75,84.25,446.75,11,2025,-0.691,2025-11,0.6345,0.4624,29.6636,18.4804,0.2033
Erumaipatti_2,2024-06-01,11.568302,77.916932,-6.68,120,131.0,63.0,2.0,1,-9.94,-8.69,-8.155000000000001,-8.436666666666667,3.2600000000000016,192.0,6.0,,329.0,6,2024,-6.89,2024-06,0.5657,0.4059,34.2977,11.8872,0.2186
Erumaipatti_2,2024-07-01,11.568302,77.916932,-6.89,120,68.25,55.0,2.0,1,-6.68,-9.94,-8.69,-7.836666666666667,-0.2099999999999999,131.0,192.0,6.0,391.25,7,2024,-4.654999999999999,2024-07,0.634,0.4721,32.8863,16.1436,0.1939
Erumaipatti_2,2024-08-01,11.568302,77.916932,-4.654999999999999,112,197.75,95.0,2.0,1,-6.89,-6.68,-9.94,-6.074999999999999,2.2350000000000003,68.25,131.0,192.0,397.0,8,2024,-4.36,2024-08,0.667,0.4661,31.211,19.0388,0.2412
Erumaipatti_2,2024-09-01,11.568302,77.916932,-4.36,116,28.0,17.0,2.0,1,-4.654999999999999,-6.89,-6.68,-5.301666666666667,0.294999999999999,197.75,68.25,131.0,294.0,9,2024,-3.95,2024-09,0.5044,0.309,35.174,14.7108,0.1737
Erumaipatti_2,2024-10-01,11.568302,77.916932,-3.95,121,207.75,113.0,2.0,1,-4.36,-4.654999999999999,-6.89,-4.321666666666666,0.4100000000000001,28.0,197.75,68.25,433.5,10,2024,-4.07,2024-10,0.6037,0.4018,30.3404,17.4882,0.2663
Erumaipatti_2,2024-11-01,11.568302,77.916932,-4.07,107,43.25,50.0,2.0,1,-3.95,-4.36,-4.654999999999999,-4.126666666666666,-0.1200000000000001,207.75,28.0,197.75,279.0,11,2024,-3.13,2024-11,0.5829,0.4311,28.1204,14.1446,0.226
Erumaipatti_2,2024-12-01,11.568302,77.916932,-3.13,112,98.25,86.0,2.0,1,-4.07,-3.95,-4.36,-3.716666666666667,0.9400000000000004,43.25,207.75,28.0,349.25,12,2024,-3.55,2024-12,0.6581,0.465,27.4919,17.933,0.2578
Erumaipatti_2,2025-01-01,11.568302,77.916932,-3.55,124,5.75,8.0,2.0,1,-3.13,-4.07,-3.95,-3.583333333333333,-0.4199999999999999,98.25,43.25,207.75,147.25,1,2025,-4.15,2025-01,0.5385,0.3388,28.3354,12.4716,0.1832
Erumaipatti_2,2025-02-01,11.568302,77.916932,-4.15,53,,,,0,-3.55,-3.13,-4.07,-3.61,-0.6000000000000005,5.75,98.25,43.25,104.0,2,2025,-5.455,2025-02,0.4227,0.2427,32.7538,7.2493,0.1227
Erumaipatti_2,2025-03-01,11.568302,77.916932,-5.455,120,13.25,21.0,2.0,1,-4.15,-3.55,-3.13,-4.385000000000001,-1.3049999999999995,,5.75,98.25,19.0,3,2025,-6.04,2025-03,0.4139,0.2539,34.6309,4.8457,0.1171
Erumaipatti_2,2025-04-01,11.568302,77.916932,-6.04,108,14.0,7.0,2.0,1,-5.455,-4.15,-3.55,-5.215,-0.585,13.25,,5.75,27.25,4,2025,-6.92,2025-04,0.4873,0.3055,34.1689,5.9525,0.1318
Erumaipatti_2,2025-05-01,11.568302,77.916932,-6.92,109,216.0,75.0,2.0,1,-6.04,-5.455,-4.15,-6.138333333333333,-0.8799999999999999,14.0,13.25,,243.25,5,2025,-6.855,2025-05,0.4954,0.316,35.0979,9.1489,0.2002
Erumaipatti_2,2025-06-01,11.568302,77.916932,-6.855,86,69.0,32.0,2.0,1,-6.92,-6.04,-5.455,-6.605,0.0649999999999995,216.0,14.0,13.25,299.0,6,2025,-6.9350000000000005,2025-06,0.4995,0.3182,34.8171,9.842,0.1865
Erumaipatti_2,2025-07-01,11.568302,77.916932,-6.9350000000000005,36,16.25,15.0,2.0,1,-6.855,-6.92,-6.04,-6.903333333333333,-0.08,69.0,216.0,14.0,301.25,7,2025,-6.895,2025-07,0.5881,0.3349,33.7543,10.6978,0.1685
Erumaipatti_2,2025-08-01,11.568302,77.916932,-6.895,92,84.25,46.0,2.0,1,-6.9350000000000005,-6.855,-6.92,-6.8950000000000005,0.0400000000000009,16.25,69.0,216.0,169.5,8,2025,-7.1,2025-08,0.5609,0.4209,32.6185,13.7017,0.1936
Erumaipatti_2,2025-09-01,11.568302,77.916932,-7.1,113,59.75,37.0,2.0,1,-6.895,-6.9350000000000005,-6.855,-6.976666666666667,-0.205,84.25,16.25,69.0,160.25,9,2025,-7.14,2025-09,0.5975,0.4073,32.318,15.6069,0.2103
Gundakkal,2024-06-01,11.901991,78.053246,-5.61,45,131.0,63.0,2.0,1,-5.99,-5.0600000000000005,-4.34,-5.553333333333334,0.3799999999999999,192.0,6.0,,329.0,6,2024,-5.8675,2024-06,0.6605,0.4632,31.2836,15.5381,0.2184
Gundakkal,2025-02-01,11.901991,78.053246,-5.8675,52,,,,0,-5.61,-5.99,-5.0600000000000005,-5.822500000000001,-0.2574999999999994,131.0,192.0,6.0,323.0,2,2025,-5.865,2025-02,0.5137,0.2704,30.9172,9.7462,0.1425
Gundakkal,2025-03-01,11.901991,78.053246,-5.865,36,13.25,21.0,2.0,1,-5.8675,-5.61,-5.99,-5.780833333333334,0.0024999999999995,,131.0,192.0,144.25,3,2025,-5.858499999999999,2025-03,0.4556,0.2347,33.3091,5.2698,0.1239
Gundakkal,2025-04-01,11.901991,78.053246,-5.858499999999999,76,14.0,7.0,2.0,1,-5.865,-5.8675,-5.61,-5.863666666666667,0.0065000000000008,13.25,,131.0,27.25,4,2025,-5.8705,2025-04,0.5041,0.267,34.414,5.081,0.1389
Gundakkal,2025-05-01,11.901991,78.053246,-5.8705,108,216.0,75.0,2.0,1,-5.858499999999999,-5.865,-5.8675,-5.864666666666667,-0.0120000000000004,14.0,13.25,,243.25,5,2025,-5.85,2025-05,0.5983,0.3431,31.4061,9.9544,0.2231
Gundakkal,2025-06-01,11.901991,78.053246,-5.85,24,69.0,32.0,2.0,1,-5.8705,-5.858499999999999,-5.865,-5.859666666666666,0.0205000000000001,216.0,14.0,13.25,299.0,6,2025,1.0,2025-06,0.6475,0.4013,28.5944,13.1357,0.2137
Gundakkal,2025-09-01,11.901991,78.053246,1.0,4,59.75,37.0,2.0,1,-5.85,-5.8705,-5.858499999999999,-3.5734999999999992,6.85,69.0,216.0,14.0,344.75,9,2025,1.0,2025-09,0.6804,0.4662,29.1166,18.0893,0.2286
Gundakkal,2025-11-01,11.901991,78.053246,1.0,25,279.75,64.0,2.0,1,1.0,-5.85,-5.8705,-1.2833333333333332,0.0,59.75,69.0,216.0,408.5,11,2025,1.0,2025-11,0.7064,0.4609,27.3871,20.8016,0.2216
Hasthampati,2024-03-01,11.674589,78.156237,-6.1,124,,,,0,-5.5,-4.8100000000000005,-4.26,-5.47,-0.5999999999999996,,21.25,4.5,21.25,3,2024,-6.57,2024-03,0.33,0.2078,37.268,3.2008,0.0884
Hasthampati,2024-04-01,11.674589,78.156237,-6.57,120,6.0,2.0,1.0,1,-6.1,-5.5,-4.8100000000000005,-6.056666666666668,-0.4700000000000006,,,21.25,6.0,4,2024,-6.71,2024-04,0.331,0.2034,39.9478,2.4499,0.0858
Hasthampati,2024-05-01,11.674589,78.156237,-6.71,124,192.0,72.0,2.0,1,-6.57,-6.1,-5.5,-6.46,-0.1399999999999996,6.0,,,198.0,5,2024,-4.61,2024-05,0.4077,0.2581,32.2853,8.3695,0.1971
Hasthampati,2024-06-01,11.674589,78.156237,-4.61,120,131.0,63.0,2.0,1,-6.71,-6.57,-6.1,-5.963333333333334,2.1,192.0,6.0,,329.0,6,2024,-5.02,2024-06,0.4733,0.3112,33.2085,11.1147,0.235
Hasthampati,2024-07-01,11.674589,78.156237,-5.02,124,68.25,55.0,2.0,1,-4.61,-6.71,-6.57,-5.446666666666666,-0.4099999999999992,131.0,192.0,6.0,391.25,7,2024,-3.95,2024-07,0.4205,0.2774,34.0938,12.4804,0.202
Hasthampati,2024-08-01,11.674589,78.156237,-3.95,108,197.75,95.0,2.0,1,-5.02,-4.61,-6.71,-4.526666666666666,1.0699999999999994,68.25,131.0,192.0,397.0,8,2024,-4.15,2024-08,0.4893,0.332,32.5181,16.7652,0.255
Hasthampati,2024-09-01,11.674589,78.156237,-4.15,120,28.0,17.0,2.0,1,-3.95,-5.02,-4.61,-4.373333333333334,-0.2000000000000001,197.75,68.25,131.0,294.0,9,2024,-2.37,2024-09,0.4526,0.2826,35.7157,13.2789,0.1959
Hasthampati,2024-10-01,11.674589,78.156237,-2.37,124,207.75,113.0,2.0,1,-4.15,-3.95,-5.02,-3.49,1.7800000000000002,28.0,197.75,68.25,433.5,10,2024,-2.535,2024-10,0.4979,0.3246,31.1056,17.7759,0.2716
Hasthampati,2024-11-01,11.674589,78.156237,-2.535,116,43.25,50.0,2.0,1,-2.37,-4.15,-3.95,-3.018333333333333,-0.165,207.75,28.0,197.75,279.0,11,2024,-1.64,2024-11,0.305,0.2005,29.7709,13.0363,0.2332
Hasthampati,2024-12-01,11.674589,78.156237,-1.64,116,98.25,86.0,2.0,1,-2.535,-2.37,-4.15,-2.181666666666666,0.8950000000000002,43.25,207.75,28.0,349.25,12,2024,-2.49,2024-12,0.4681,0.2877,28.5324,17.1768,0.2793
Hasthampati,2025-01-01,11.674589,78.156237,-2.49,29,5.75,8.0,2.0,1,-1.64,-2.535,-2.37,-2.2216666666666667,-0.8500000000000003,98.25,43.25,207.75,147.25,1,2025,-2.7465,2025-01,0.4336,0.268,28.168,11.6167,0.2115
Hasthampati,2025-02-01,11.674589,78.156237,-2.7465,64,,,,0,-2.49,-1.64,-2.535,-2.2921666666666667,-0.2564999999999999,5.75,98.25,43.25,104.0,2,2025,-2.7525,2025-02,0.3789,0.2203,31.6705,7.1105,0.1417
Hasthampati,2025-03-01,11.674589,78.156237,-2.7525,36,13.25,21.0,2.0,1,-2.7465,-2.49,-1.64,-2.6630000000000003,-0.0059999999999997,,5.75,98.25,19.0,3,2025,-2.753,2025-03,0.3706,0.2278,34.5121,5.3877,0.1212
Hasthampati,2025-04-01,11.674589,78.156237,-2.753,80,14.0,7.0,2.0,1,-2.7525,-2.7465,-2.49,-2.750666666666667,-0.0005000000000001,13.25,,5.75,27.25,4,2025,-2.75,2025-04,0.4067,0.2514,34.5002,5.1771,0.1315
Hasthampati,2025-05-01,11.674589,78.156237,-2.75,104,216.0,75.0,2.0,1,-2.753,-2.7525,-2.7465,-2.7518333333333334,0.0030000000000001,14.0,13.25,,243.25,5,2025,-2.7655000000000003,2025-05,0.4329,0.2871,33.2459,8.4563,0.2135
Hasthampati,2025-06-01,11.674589,78.156237,-2.7655000000000003,24,69.0,32.0,2.0,1,-2.75,-2.753,-2.7525,-2.756166666666667,-0.0155000000000002,216.0,14.0,13.25,299.0,6,2025,-5.409,2025-06,0.4402,0.3055,30.2928,10.7702,0.2042
Hasthampati,2025-09-01,11.674589,78.156237,-5.409,7,59.75,37.0,2.0,1,-2.7655000000000003,-2.75,-2.753,-3.6415,-2.6434999999999995,69.0,216.0,14.0,344.75,9,2025,-5.435,2025-09,0.4821,0.3037,31.0825,14.7078,0.2269
Hasthampati,2025-10-01,11.674589,78.156237,-5.435,21,107.25,86.0,2.0,1,-5.409,-2.7655000000000003,-2.75,-4.5365,-0.0259999999999998,59.75,69.0,216.0,236.0,10,2025,-5.252,2025-10,0.4644,0.355,30.2913,17.6749,0.2695
Hasthampati,2025-11-01,11.674589,78.156237,-5.252,29,279.75,64.0,2.0,1,-5.435,-5.409,-2.7655000000000003,-5.365333333333332,0.1829999999999998,107.25,59.75,69.0,446.75,11,2025,-5.5075,2025-11,0.4786,0.3285,30.1819,17.1262,0.2196
Hasthampatti,2021-05-01,11.6867,78.1664,-6.8055,124,,,,0,-6.503,-6.016,-5.7855,-6.4415,-0.3025000000000002,,,,,5,2021,-6.202500000000001,2021-05,0.5095,0.3447,36.1217,10.9065,0.158
Hasthampatti,2021-06-01,11.6867,78.1664,-6.202500000000001,120,,,,0,-6.8055,-6.503,-6.016,-6.503666666666667,0.6029999999999998,,,,,6,2021,-4.658,2021-06,0.5441,0.3332,35.5493,12.8873,0.1761
Hasthampatti,2021-07-01,11.6867,78.1664,-4.658,124,,,,0,-6.202500000000001,-6.8055,-6.503,-5.8886666666666665,1.544500000000001,,,,,7,2021,-4.543,2021-07,0.5175,0.3614,32.5326,14.8218,0.2432
Hasthampatti,2021-08-01,11.6867,78.1664,-4.543,124,,,,0,-4.658,-6.202500000000001,-6.8055,-5.1345,0.1149999999999993,,,,,8,2021,-3.871,2021-08,0.548,0.3468,31.3921,14.4048,0.2104
Hasthampatti,2021-09-01,11.6867,78.1664,-3.871,97,3.5,1.0,1.0,1,-4.543,-4.658,-6.202500000000001,-4.357333333333334,0.6720000000000002,,,,3.5,9,2021,-3.236,2021-09,0.5359,0.3261,33.752,15.6456,0.2487
Hasthampatti,2021-10-01,11.6867,78.1664,-3.236,73,24.0,8.0,1.0,1,-3.871,-4.543,-4.658,-3.883333333333334,0.6349999999999998,3.5,,,27.5,10,2021,-1.7155,2021-10,0.5456,0.3801,32.1861,18.439,0.2879
Hasthampatti,2021-11-01,11.6867,78.1664,-1.7155,64,152.0,111.0,2.0,1,-3.236,-3.871,-4.543,-2.9408333333333334,1.5205000000000002,24.0,3.5,,179.5,11,2021,-1.741,2021-11,0.2989,0.2076,30.4351,18.5606,0.3466
Hasthampatti,2021-12-01,11.6867,78.1664,-1.741,124,6.5,2.0,1.0,1,-1.7155,-3.236,-3.871,-2.230833333333333,-0.0255,152.0,24.0,3.5,182.5,12,2021,-2.5825,2021-12,0.5267,0.3109,29.7621,16.2242,0.2879
Hasthampatti,2022-01-01,11.6867,78.1664,-2.5825,124,0.5,1.0,1.0,1,-1.741,-1.7155,-3.236,-2.013,-0.8414999999999999,6.5,152.0,24.0,159.0,1,2022,-3.6605,2022-01,0.4504,0.2669,30.6011,14.5969,0.222
Hasthampatti,2022-02-01,11.6867,78.1664,-3.6605,112,,,,0,-2.5825,-1.741,-1.7155,-2.6613333333333333,-1.0779999999999998,0.5,6.5,152.0,7.0,2,2022,-4.74,2022-02,0.4165,0.2476,33.9316,8.6816,0.1563
Hasthampatti,2022-03-01,11.6867,78.1664,-4.74,124,1900.25,14.0,2.0,1,-3.6605,-2.5825,-1.741,-3.661,-1.0795000000000003,,0.5,6.5,1900.75,3,2022,-5.297,2022-03,0.4064,0.2523,35.5625,7.656,0.1341
Hasthampatti,2022-04-01,11.6867,78.1664,-5.297,111,79.25,38.0,2.0,1,-4.74,-3.6605,-2.5825,-4.565833333333334,-0.5569999999999995,1900.25,,0.5,1979.5,4,2022,-4.184,2022-04,0.4871,0.3276,35.593,10.2915,0.154
Hasthampatti,2022-05-01,11.6867,78.1664,-4.184,27,24.0,2.0,1.0,1,-5.297,-4.74,-3.6605,-4.740333333333333,1.1129999999999995,79.25,1900.25,,2003.5,5,2022,-4.457,2022-05,0.5178,0.3261,34.3191,13.2369,0.2068
Hasthampatti,2022-06-01,11.6867,78.1664,-4.457,120,82.0,35.0,2.0,1,-4.184,-5.297,-4.74,-4.646,-0.2729999999999997,24.0,79.25,1900.25,185.25,6,2022,-4.720000000000001,2022-06,0.5,0.3442,34.409,14.1206,0.1989
Hasthampatti,2022-07-01,11.6867,78.1664,-4.720000000000001,124,53.0,55.0,2.0,1,-4.457,-4.184,-5.297,-4.453666666666667,-0.2630000000000008,82.0,24.0,79.25,159.0,7,2022,-4.5175,2022-07,0.4744,0.3303,33.3232,15.1157,0.2287
Hasthampatti,2022-08-01,11.6867,78.1664,-4.5175,124,214.75,92.0,2.0,1,-4.720000000000001,-4.457,-4.184,-4.5648333333333335,0.2025000000000005,53.0,82.0,24.0,349.75,8,2022,-3.273,2022-08,0.5216,0.331,33.0477,18.1472,0.2656
Hasthampatti,2022-09-01,11.6867,78.1664,-3.273,120,15.25,26.0,2.0,1,-4.5175,-4.720000000000001,-4.457,-4.170166666666667,1.2445000000000004,214.75,53.0,82.0,283.0,9,2022,-3.373,2022-09,0.384,0.2665,35.4641,18.6804,0.2636
Hasthampatti,2022-10-01,11.6867,78.1664,-3.373,103,126.5,64.0,2.0,1,-3.273,-4.5175,-4.720000000000001,-3.7211666666666665,-0.1000000000000005,15.25,214.75,53.0,356.5,10,2022,-3.375,2022-10,0.5211,0.3707,30.4303,19.2182,0.2804
Hasthampatti,2022-11-01,11.6867,78.1664,-3.375,80,101.25,71.0,2.0,1,-3.373,-3.273,-4.5175,-3.3403333333333336,-0.0019999999999997,126.5,15.25,214.75,243.0,11,2022,-3.7795,2022-11,0.5412,0.3259,30.3702,18.8002,0.275
Hasthampatti,2022-12-01,11.6867,78.1664,-3.7795,122,51.0,67.0,2.0,1,-3.375,-3.373,-3.273,-3.5091666666666668,-0.4045000000000001,101.25,126.5,15.25,278.75,12,2022,-4.59,2022-12,0.5165,0.285,30.6145,14.3469,0.2652
Hasthampatti,2023-01-01,11.6867,78.1664,-4.59,116,2.5,7.0,2.0,1,-3.7795,-3.375,-3.373,-3.9148333333333327,-0.8104999999999998,51.0,101.25,126.5,154.75,1,2023,-5.4075,2023-01,0.4626,0.2723,30.0446,8.8932,0.1976
Hasthampatti,2023-02-01,11.6867,78.1664,-5.4075,112,5.0,4.0,1.0,1,-4.59,-3.7795,-3.375,-4.592333333333333,-0.8174999999999999,2.5,51.0,101.25,58.5,2,2023,-6.01,2023-02,0.3958,0.2461,33.2348,6.7121,0.1471
Hasthampatti,2023-03-01,11.6867,78.1664,-6.01,116,48.75,17.0,2.0,1,-5.4075,-4.59,-3.7795,-5.335833333333333,-0.6025,5.0,2.5,51.0,56.25,3,2023,-6.759,2023-03,0.4167,0.2541,35.965,6.4174,0.1405
Hasthampatti,2023-04-01,11.6867,78.1664,-6.759,116,32.0,14.0,2.0,1,-6.01,-5.4075,-4.59,-6.058833333333332,-0.7490000000000006,48.75,5.0,2.5,85.75,4,2023,-7.0905000000000005,2023-04,0.4352,0.2583,37.8183,6.1615,0.1301
Hasthampatti,2023-05-01,11.6867,78.1664,-7.0905000000000005,112,95.75,64.0,2.0,1,-6.759,-6.01,-5.4075,-6.619833333333333,-0.3315000000000001,32.0,48.75,5.0,176.5,5,2023,-7.053,2023-05,0.5001,0.3413,33.8379,14.9326,0.1872
Hasthampatti,2023-06-01,11.6867,78.1664,-7.053,120,35.5,20.0,2.0,1,-7.0905000000000005,-6.759,-6.01,-6.9675,0.0375000000000005,95.75,32.0,48.75,163.25,6,2023,-7.079000000000001,2023-06,0.5002,0.3262,35.1662,13.3592,0.1746
Hasthampatti,2023-07-01,11.6867,78.1664,-7.079000000000001,124,51.25,60.0,2.0,1,-7.053,-7.0905000000000005,-6.759,-7.074166666666667,-0.0260000000000006,35.5,95.75,32.0,182.5,7,2023,-7.45,2023-07,0.4868,0.3347,34.3866,12.5635,0.1857
Hasthampatti,2023-08-01,11.6867,78.1664,-7.45,124,96.5,37.0,2.0,1,-7.079000000000001,-7.053,-7.0905000000000005,-7.194,-0.3709999999999995,51.25,35.5,95.75,183.25,8,2023,-6.82,2023-08,0.489,0.3088,34.9145,10.9601,0.1814
Hasthampatti,2023-09-01,11.6867,78.1664,-6.82,120,262.5,90.0,2.0,1,-7.45,-7.079000000000001,-7.053,-7.116333333333333,0.6299999999999999,96.5,51.25,35.5,410.25,9,2023,-5.933999999999999,2023-09,0.5094,0.3571,34.5592,15.1704,0.2511
Hasthampatti,2023-10-01,11.6867,78.1664,-5.933999999999999,106,121.5,59.0,2.0,1,-6.82,-7.45,-7.079000000000001,-6.734666666666667,0.886000000000001,262.5,96.5,51.25,480.5,10,2023,-5.0295000000000005,2023-10,0.5405,0.3659,33.1457,14.7633,0.2035
Hasthampatti,2023-11-01,11.6867,78.1664,-5.0295000000000005,120,127.0,92.0,2.0,1,-5.933999999999999,-6.82,-7.45,-5.927833333333333,0.9044999999999987,121.5,262.5,96.5,511.0,11,2023,-5.308,2023-11,0.5002,0.3378,30.0973,17.3212,0.2456
Hasthampatti,2023-12-01,11.6867,78.1664,-5.308,122,4.5,9.0,2.0,1,-5.0295000000000005,-5.933999999999999,-6.82,-5.4238333333333335,-0.2784999999999993,127.0,121.5,262.5,253.0,12,2023,-5.9565,2023-12,0.5023,0.305,30.12,10.577,0.1973
Hasthampatti,2024-01-01,11.6867,78.1664,-5.9565,124,21.25,20.0,2.0,1,-5.308,-5.0295000000000005,-5.933999999999999,-5.431333333333332,-0.6485000000000003,4.5,127.0,121.5,152.75,1,2024,-6.615,2024-01,0.4114,0.2431,30.8227,7.4081,0.1612
Hasthampatti,2024-02-01,11.6867,78.1664,-6.615,116,,,,0,-5.9565,-5.308,-5.0295000000000005,-5.959833333333333,-0.6585000000000001,21.25,4.5,127.0,25.75,2,2024,-6.9455,2024-02,0.3809,0.2204,33.8396,6.2465,0.1141
Hasthampatti,2024-03-01,11.6867,78.1664,-6.9455,122,,,,0,-6.615,-5.9565,-5.308,-6.5056666666666665,-0.3304999999999998,,21.25,4.5,21.25,3,2024,-7.496499999999999,2024-03,0.3609,0.2238,36.9871,3.8093,0.0882
Hasthampatti,2024-04-01,11.6867,78.1664,-7.496499999999999,120,6.0,2.0,1.0,1,-6.9455,-6.615,-5.9565,-7.018999999999999,-0.5509999999999993,,,21.25,6.0,4,2024,-8.028500000000001,2024-04,0.3557,0.2191,39.6539,2.9194,0.0854
Hasthampatti,2024-05-01,11.6867,78.1664,-8.028500000000001,120,192.0,72.0,2.0,1,-7.496499999999999,-6.9455,-6.615,-7.490166666666667,-0.5320000000000018,6.0,,,198.0,5,2024,-7.211,2024-05,0.4457,0.2829,32.2591,9.2479,0.1969
Hasthampatti,2024-06-01,11.6867,78.1664,-7.211,41,131.0,63.0,2.0,1,-8.028500000000001,-7.496499999999999,-6.9455,-7.578666666666667,0.8175000000000008,192.0,6.0,,329.0,6,2024,-4.587,2024-06,0.5141,0.3448,32.4328,12.3517,0.2353
Hasthampatti,2024-08-01,11.6867,78.1664,-4.587,47,197.75,95.0,2.0,1,-7.211,-8.028500000000001,-7.496499999999999,-6.608833333333334,2.624000000000001,131.0,192.0,6.0,520.75,8,2024,-4.397,2024-08,0.5369,0.3716,31.7294,17.61,0.2553
Hasthampatti,2024-09-01,11.6867,78.1664,-4.397,116,28.0,17.0,2.0,1,-4.587,-7.211,-8.028500000000001,-5.398333333333333,0.1899999999999995,197.75,131.0,192.0,356.75,9,2024,-3.966,2024-09,0.5125,0.3141,35.203,14.4317,0.1961
Hasthampatti,2024-10-01,11.6867,78.1664,-3.966,124,207.75,113.0,2.0,1,-4.397,-4.587,-7.211,-4.316666666666666,0.431,28.0,197.75,131.0,433.5,10,2024,-2.859,2024-10,0.55,0.364,30.7013,18.9883,0.2717
Hasthampatti,2024-11-01,11.6867,78.1664,-2.859,118,43.25,50.0,2.0,1,-3.966,-4.397,-4.587,-3.7406666666666673,1.1070000000000002,207.75,28.0,197.75,279.0,11,2024,-1.7255,2024-11,0.3258,0.2178,29.2773,13.8271,0.2335
Hasthampatti,2024-12-01,11.6867,78.1664,-1.7255,120,98.25,86.0,2.0,1,-2.859,-3.966,-4.397,-2.8501666666666665,1.1335,43.25,207.75,28.0,349.25,12,2024,-2.272,2024-12,0.5203,0.3191,28.1567,17.7769,0.2798
Hasthampatti,2025-01-01,11.6867,78.1664,-2.272,120,5.75,8.0,2.0,1,-1.7255,-2.859,-3.966,-2.2855000000000003,-0.5465000000000002,98.25,43.25,207.75,147.25,1,2025,-3.131,2025-01,0.477,0.2929,27.8138,12.3508,0.212
Hasthampatti,2025-02-01,11.6867,78.1664,-3.131,112,,,,0,-2.272,-1.7255,-2.859,-2.3761666666666668,-0.859,5.75,98.25,43.25,104.0,2,2025,-4.060499999999999,2025-02,0.4206,0.242,31.2872,7.9897,0.1421
Hasthampatti,2025-03-01,11.6867,78.1664,-4.060499999999999,110,13.25,21.0,2.0,1,-3.131,-2.272,-1.7255,-3.1545,-0.9294999999999992,,5.75,98.25,19.0,3,2025,-4.778499999999999,2025-03,0.4138,0.252,34.1091,6.1471,0.1211
Hasthampatti,2025-04-01,11.6867,78.1664,-4.778499999999999,114,14.0,7.0,2.0,1,-4.060499999999999,-3.131,-2.272,-3.99,-0.718,13.25,,5.75,27.25,4,2025,-5.525,2025-04,0.4489,0.2775,34.0579,6.2569,0.1308
Hasthampatti,2025-05-01,11.6867,78.1664,-5.525,120,216.0,75.0,2.0,1,-4.778499999999999,-4.060499999999999,-3.131,-4.787999999999999,-0.746500000000001,14.0,13.25,,243.25,5,2025,-5.159,2025-05,0.4754,0.3078,32.7827,9.2839,0.2136
Hasthampatti,2025-06-01,11.6867,78.1664,-5.159,117,69.0,32.0,2.0,1,-5.525,-4.778499999999999,-4.060499999999999,-5.154166666666666,0.3660000000000005,216.0,14.0,13.25,299.0,6,2025,-5.319,2025-06,0.4835,0.3381,29.7225,11.7317,0.2039
Hasthampatti,2025-07-01,11.6867,78.1664,-5.319,103,16.25,15.0,2.0,1,-5.159,-5.525,-4.778499999999999,-5.334333333333333,-0.1600000000000001,69.0,216.0,14.0,301.25,7,2025,-5.632,2025-07,0.523,0.2906,30.8926,11.0577,0.1802
Hasthampatti,2025-08-01,11.6867,78.1664,-5.632,102,84.25,46.0,2.0,1,-5.319,-5.159,-5.525,-5.37,-0.3129999999999997,16.25,69.0,216.0,169.5,8,2025,-5.511,2025-08,0.501,0.3518,31.8944,14.5213,0.2012
Hasthampatti,2025-09-01,11.6867,78.1664,-5.511,114,59.75,37.0,2.0,1,-5.632,-5.319,-5.159,-5.487333333333333,0.1209999999999995,84.25,16.25,69.0,160.25,9,2025,-5.362500000000001,2025-09,0.5311,0.336,30.3968,15.3045,0.227
Illupanatham_1,2022-07-01,11.5108,78.7581,-6.5815,124,53.0,55.0,2.0,1,-6.055,-12.2225,-10.767,-8.286333333333333,-0.5265000000000004,82.0,24.0,79.25,159.0,7,2022,-5.62,2022-07,0.4647,0.2914,37.6733,10.6285,0.2079
Illupanatham_1,2022-08-01,11.5108,78.7581,-5.62,125,214.75,92.0,2.0,1,-6.5815,-6.055,-12.2225,-6.0855,0.9615,53.0,82.0,24.0,349.75,8,2022,-5.643,2022-08,0.5262,0.3315,39.7199,14.7527,0.2469
Illupanatham_1,2022-09-01,11.5108,78.7581,-5.643,121,15.25,26.0,2.0,1,-5.62,-6.5815,-6.055,-5.948166666666666,-0.0229999999999996,214.75,53.0,82.0,283.0,9,2022,-6.7045,2022-09,0.4279,0.2958,37.869,16.4082,0.2409
Illupanatham_1,2022-10-01,11.5108,78.7581,-6.7045,124,126.5,64.0,2.0,1,-5.643,-5.62,-6.5815,-5.989166666666667,-1.0615000000000006,15.25,214.75,53.0,356.5,10,2022,-2.689,2022-10,0.7041,0.5328,32.3603,20.4274,0.2515
Illupanatham_1,2022-11-01,11.5108,78.7581,-2.689,120,101.25,71.0,2.0,1,-6.7045,-5.643,-5.62,-5.012166666666666,4.0155,126.5,15.25,214.75,243.0,11,2022,-1.574,2022-11,0.7074,0.4887,30.1127,20.4219,0.2663
Illupanatham_1,2022-12-01,11.5108,78.7581,-1.574,124,51.0,67.0,2.0,1,-2.689,-6.7045,-5.643,-3.6558333333333337,1.115,101.25,126.5,15.25,278.75,12,2022,-2.0455,2022-12,0.5989,0.3307,30.2633,15.1458,0.266
Illupanatham_1,2023-01-01,11.5108,78.7581,-2.0455,124,2.5,7.0,2.0,1,-1.574,-2.689,-6.7045,-2.1028333333333333,-0.4714999999999996,51.0,101.25,126.5,154.75,1,2023,-2.3360000000000003,2023-01,0.5076,0.2959,31.1812,8.0795,0.1899
Illupanatham_1,2023-02-01,11.5108,78.7581,-2.3360000000000003,112,5.0,4.0,1.0,1,-2.0455,-1.574,-2.689,-1.9851666666666663,-0.2905000000000006,2.5,51.0,101.25,58.5,2,2023,-3.8925,2023-02,0.4966,0.3123,33.99,7.4502,0.1578
Illupanatham_1,2023-03-01,11.5108,78.7581,-3.8925,124,48.75,17.0,2.0,1,-2.3360000000000003,-2.0455,-1.574,-2.7580000000000005,-1.5564999999999998,5.0,2.5,51.0,56.25,3,2023,-6.5495,2023-03,0.5395,0.344,35.4217,10.4287,0.1352
Illupanatham_1,2023-04-01,11.5108,78.7581,-6.5495,120,32.0,14.0,2.0,1,-3.8925,-2.3360000000000003,-2.0455,-4.259333333333333,-2.657,48.75,5.0,2.5,85.75,4,2023,-8.8215,2023-04,0.5125,0.3089,39.6631,7.7134,0.1198
Illupanatham_1,2023-05-01,11.5108,78.7581,-8.8215,124,95.75,64.0,2.0,1,-6.5495,-3.8925,-2.3360000000000003,-6.421166666666667,-2.272,32.0,48.75,5.0,176.5,5,2023,-8.921,2023-05,0.4936,0.3204,36.3862,13.6263,0.1807
Illupanatham_1,2023-06-01,11.5108,78.7581,-8.921,120,35.5,20.0,2.0,1,-8.8215,-6.5495,-3.8925,-8.097333333333333,-0.099499999999999,95.75,32.0,48.75,163.25,6,2023,-13.061,2023-06,0.4335,0.2659,39.2354,11.5543,0.169
Illupanatham_1,2023-07-01,11.5108,78.7581,-13.061,124,51.25,60.0,2.0,1,-8.921,-8.8215,-6.5495,-10.267833333333334,-4.140000000000001,35.5,95.75,32.0,182.5,7,2023,-19.187,2023-07,0.4183,0.2596,39.2359,8.503,0.1751
Illupanatham_1,2023-08-01,11.5108,78.7581,-19.187,19,96.5,37.0,2.0,1,-13.061,-8.921,-8.8215,-13.723,-6.126000000000001,51.25,35.5,95.75,183.25,8,2023,-60.071,2023-08,0.5108,0.3142,39.2141,8.5552,0.1954
Illupanatham_1,2023-10-01,11.5108,78.7581,-60.071,55,121.5,59.0,2.0,1,-19.187,-13.061,-8.921,-30.773,-40.884,96.5,51.25,35.5,269.25,10,2023,-22.681,2023-10,0.6546,0.4814,34.757,15.8038,0.1768
Illupanatham_1,2023-11-01,11.5108,78.7581,-22.681,108,127.0,92.0,2.0,1,-60.071,-19.187,-13.061,-33.97966666666667,37.39,121.5,96.5,51.25,345.0,11,2023,-16.525,2023-11,0.7065,0.4997,29.6016,19.7302,0.2617
Illupanatham_1,2023-12-01,11.5108,78.7581,-16.525,17,4.5,9.0,2.0,1,-22.681,-60.071,-19.187,-33.092333333333336,6.156000000000002,127.0,121.5,96.5,253.0,12,2023,-17.121499999999997,2023-12,0.6033,0.3938,30.6417,15.7202,0.2065
Illupanatham_1,2024-01-01,11.5108,78.7581,-17.121499999999997,124,21.25,20.0,2.0,1,-16.525,-22.681,-60.071,-18.77583333333333,-0.5964999999999989,4.5,127.0,121.5,152.75,1,2024,-20.487,2024-01,0.4885,0.2956,31.6471,9.2642,0.1742
Illupanatham_1,2024-02-01,11.5108,78.7581,-20.487,115,,,,0,-17.121499999999997,-16.525,-22.681,-18.0445,-3.365500000000001,21.25,4.5,127.0,25.75,2,2024,-24.309,2024-02,0.4391,0.2938,34.6374,6.1497,0.1153
Illupanatham_1,2024-03-01,11.5108,78.7581,-24.309,121,,,,0,-20.487,-17.121499999999997,-16.525,-20.639166666666664,-3.8220000000000023,,21.25,4.5,21.25,3,2024,-59.861,2024-03,0.3912,0.2683,39.8213,4.9289,0.0877
Illupanatham_1,2024-04-01,11.5108,78.7581,-59.861,23,6.0,2.0,1.0,1,-24.309,-20.487,-17.121499999999997,-34.885666666666665,-35.55199999999999,,,21.25,6.0,4,2024,-59.74,2024-04,0.3145,0.2143,43.8467,2.7929,0.0762
Illupanatham_1,2024-05-01,11.5108,78.7581,-59.74,30,192.0,72.0,2.0,1,-59.861,-24.309,-20.487,-47.97,0.1210000000000022,6.0,,,198.0,5,2024,-59.716,2024-05,0.4228,0.2486,38.5738,7.3793,0.1676
Illupanatham_1,2024-06-01,11.5108,78.7581,-59.716,120,131.0,63.0,2.0,1,-59.74,-59.861,-24.309,-59.772333333333336,0.0239999999999938,192.0,6.0,,329.0,6,2024,-59.74,2024-06,0.525,0.3442,37.6568,11.6442,0.2205
Illupanatham_1,2024-07-01,11.5108,78.7581,-59.74,120,68.25,55.0,2.0,1,-59.716,-59.74,-59.861,-59.732,-0.0240000000000009,131.0,192.0,6.0,391.25,7,2024,-59.761,2024-07,0.4429,0.265,39.9329,9.9949,0.1661
Illupanatham_1,2024-08-01,11.5108,78.7581,-59.761,109,197.75,95.0,2.0,1,-59.74,-59.716,-59.74,-59.739,-0.0210000000000007,68.25,131.0,192.0,397.0,8,2024,-59.825,2024-08,0.5562,0.3276,34.7549,13.6237,0.2361
Illupanatham_1,2024-09-01,11.5108,78.7581,-59.825,120,28.0,17.0,2.0,1,-59.761,-59.74,-59.716,-59.77533333333333,-0.064,197.75,68.25,131.0,294.0,9,2024,-59.8745,2024-09,0.6335,0.4265,36.6429,13.338,0.1663
Illupanatham_1,2024-10-01,11.5108,78.7581,-59.8745,124,207.75,113.0,2.0,1,-59.825,-59.761,-59.74,-59.820166666666665,-0.0494999999999947,28.0,197.75,68.25,433.5,10,2024,-12.908,2024-10,0.7417,0.5541,30.1219,20.639,0.2426
Illupanatham_1,2024-11-01,11.5108,78.7581,-12.908,118,43.25,50.0,2.0,1,-59.8745,-59.825,-59.761,-44.20250000000001,46.9665,207.75,28.0,197.75,279.0,11,2024,-17.067500000000003,2024-11,0.519,0.387,28.2497,17.0133,0.2203
Illupanatham_1,2024-12-01,11.5108,78.7581,-17.067500000000003,116,98.25,86.0,2.0,1,-12.908,-59.8745,-59.825,-29.95,-4.159500000000001,43.25,207.75,28.0,349.25,12,2024,-2.76,2024-12,0.6274,0.4325,28.2287,17.9601,0.2737
Illupanatham_1,2025-01-01,11.5108,78.7581,-2.76,1,5.75,8.0,2.0,1,-17.067500000000003,-12.908,-59.8745,-10.911833333333334,14.307500000000005,98.25,43.25,207.75,147.25,1,2025,-3.306,2025-01,0.5498,0.3623,29.249,14.4571,0.2099
Illupanatham_1,2025-02-01,11.5108,78.7581,-3.306,112,,,,0,-2.76,-17.067500000000003,-12.908,-7.711166666666667,-0.5460000000000003,5.75,98.25,43.25,104.0,2,2025,-4.541,2025-02,0.4822,0.2841,31.5089,6.9081,0.1442
Illupanatham_1,2025-03-01,11.5108,78.7581,-4.541,120,13.25,21.0,2.0,1,-3.306,-2.76,-17.067500000000003,-3.5356666666666663,-1.2350000000000003,,5.75,98.25,19.0,3,2025,-22.236,2025-03,0.5595,0.3725,34.3998,10.3484,0.1353
Illupanatham_1,2025-04-01,11.5108,78.7581,-22.236,118,14.0,7.0,2.0,1,-4.541,-3.306,-2.76,-10.027666666666669,-17.694999999999997,13.25,,5.75,27.25,4,2025,-18.439,2025-04,0.539,0.3562,35.1347,8.636,0.1204
Illupanatham_1,2025-05-01,11.5108,78.7581,-18.439,102,216.0,75.0,2.0,1,-22.236,-4.541,-3.306,-15.071999999999996,3.796999999999997,14.0,13.25,,243.25,5,2025,-7.076,2025-05,0.5031,0.3248,33.9255,8.7866,0.1949
Illupanatham_1,2025-06-01,11.5108,78.7581,-7.076,117,69.0,32.0,2.0,1,-18.439,-22.236,-4.541,-15.917,11.363,216.0,14.0,13.25,299.0,6,2025,-9.704,2025-06,0.4218,0.2683,35.8765,8.4222,0.1625
Illupanatham_1,2025-07-01,11.5108,78.7581,-9.704,103,16.25,15.0,2.0,1,-7.076,-18.439,-22.236,-11.739666666666666,-2.628000000000001,69.0,216.0,14.0,301.25,7,2025,-12.4395,2025-07,0.4087,0.2464,37.0863,8.8937,0.1552
Illupanatham_1,2025-08-01,11.5108,78.7581,-12.4395,102,84.25,46.0,2.0,1,-9.704,-7.076,-18.439,-9.739833333333332,-2.7354999999999983,16.25,69.0,216.0,169.5,8,2025,-14.693,2025-08,0.5135,0.3546,35.8525,11.4377,0.2336
Illupanatham_1,2025-09-01,11.5108,78.7581,-14.693,115,59.75,37.0,2.0,1,-12.4395,-9.704,-7.076,-12.278833333333331,-2.2535000000000007,84.25,16.25,69.0,160.25,9,2025,-9.3535,2025-09,0.6547,0.4705,33.9118,14.7012,0.2331
Illupanatham_1,2025-10-01,11.5108,78.7581,-9.3535,58,107.25,86.0,2.0,1,-14.693,-12.4395,-9.704,-12.162,5.339499999999999,59.75,84.25,16.25,251.25,10,2025,-8.327,2025-10,0.7139,0.5601,30.5581,18.3466,0.2805
Illupanatham_1,2025-11-01,11.5108,78.7581,-8.327,106,279.75,64.0,2.0,1,-9.3535,-14.693,-12.4395,-10.791166666666667,1.0265000000000004,107.25,59.75,84.25,446.75,11,2025,-5.4510000000000005,2025-11,0.724,0.4641,28.6941,18.6423,0.2376
Inam Bairoji,2025-02-01,11.55164,78.079346,-3.998,24,,,,0,-4.15,-4.205,-3.79,-4.117666666666668,0.1520000000000001,192.0,6.0,,198.0,2,2025,-3.997,2025-02,0.4883,0.2677,31.5601,8.8605,0.1245
Inam Bairoji,2025-03-01,11.55164,78.079346,-3.997,28,13.25,21.0,2.0,1,-3.998,-4.15,-4.205,-4.048333333333333,0.0010000000000003,,192.0,6.0,205.25,3,2025,-3.996,2025-03,0.4628,0.2808,34.2396,6.0427,0.1161
Inam Bairoji,2025-04-01,11.55164,78.079346,-3.996,76,14.0,7.0,2.0,1,-3.997,-3.998,-4.15,-3.997,0.0009999999999998,13.25,,192.0,27.25,4,2025,-3.9985,2025-04,0.5407,0.3476,33.4504,6.8666,0.1299
Inam Bairoji,2025-05-01,11.55164,78.079346,-3.9985,116,216.0,75.0,2.0,1,-3.996,-3.997,-3.998,-3.9971666666666663,-0.0024999999999999,14.0,13.25,,243.25,5,2025,-3.9945,2025-05,0.5883,0.3759,32.3048,10.5961,0.2041
Inam Bairoji,2025-06-01,11.55164,78.079346,-3.9945,24,69.0,32.0,2.0,1,-3.9985,-3.996,-3.997,-3.9963333333333337,0.004,216.0,14.0,13.25,299.0,6,2025,-4.117,2025-06,0.5995,0.402,30.9179,10.7312,0.1883
Inam Bairoji,2025-09-01,11.55164,78.079346,-4.117,25,59.75,37.0,2.0,1,-3.9945,-3.9985,-3.996,-4.036666666666666,-0.1225,69.0,216.0,14.0,344.75,9,2025,-4.227,2025-09,0.6408,0.4572,30.0034,16.4209,0.2158
Inam Bairoji,2025-10-01,11.55164,78.079346,-4.227,17,107.25,86.0,2.0,1,-4.117,-3.9945,-3.9985,-4.112833333333334,-0.1100000000000003,59.75,69.0,216.0,236.0,10,2025,-4.42,2025-10,0.6571,0.4509,29.3054,19.7447,0.2657
Inam Bairoji,2025-11-01,11.55164,78.079346,-4.42,23,279.75,64.0,2.0,1,-4.227,-4.117,-3.9945,-4.254666666666667,-0.1929999999999996,107.25,59.75,69.0,446.75,11,2025,-4.4695,2025-11,0.6693,0.469,28.6169,18.551,0.2092
Kadambur,2021-04-01,11.5033,78.5994,-12.795,119,,,,0,-10.181,-6.9625,-4.688000000000001,-9.9795,-2.6140000000000008,,,,,4,2021,-13.3235,2021-04,0.4734,0.292,36.3724,8.5799,0.1257
Kadambur,2021-05-01,11.5033,78.5994,-13.3235,82,,,,0,-12.795,-10.181,-6.9625,-12.099833333333333,-0.5284999999999993,,,,,5,2021,-13.02,2021-05,0.5048,0.3144,37.3734,8.8376,0.1519
Kadambur,2021-09-01,11.5033,78.5994,-13.02,92,3.5,1.0,1.0,1,-13.3235,-12.795,-10.181,-13.046166666666666,0.3034999999999996,,,,3.5,9,2021,-11.096,2021-09,0.7159,0.4486,34.5316,16.8411,0.2267
Kadambur,2021-10-01,11.5033,78.5994,-11.096,103,24.0,8.0,1.0,1,-13.02,-13.3235,-12.795,-12.479833333333332,1.9239999999999997,3.5,,,27.5,10,2021,-1.7005,2021-10,0.7391,0.5434,30.777,20.6114,0.2852
Kadambur,2021-11-01,11.5033,78.5994,-1.7005,56,152.0,111.0,2.0,1,-11.096,-13.02,-13.3235,-8.6055,9.3955,24.0,3.5,,179.5,11,2021,-2.789,2021-11,0.5674,0.3714,28.7845,19.1763,0.3559
Kadambur,2021-12-01,11.5033,78.5994,-2.789,74,6.5,2.0,1.0,1,-1.7005,-11.096,-13.02,-5.195166666666666,-1.0884999999999998,152.0,24.0,3.5,182.5,12,2021,-7.042,2021-12,0.6839,0.4211,28.2576,18.4186,0.3121
Kadambur,2022-01-01,11.5033,78.5994,-7.042,1,0.5,1.0,1.0,1,-2.789,-1.7005,-11.096,-3.843833333333333,-4.253,6.5,152.0,24.0,159.0,1,2022,-10.0935,2022-01,0.6245,0.3874,29.6441,18.7411,0.2337
Kadambur,2022-03-01,11.5033,78.5994,-10.0935,16,1900.25,14.0,2.0,1,-7.042,-2.789,-1.7005,-6.6415,-3.051499999999999,0.5,6.5,152.0,1907.25,3,2022,-12.1195,2022-03,0.4951,0.2822,34.215,9.9694,0.1332
Kadambur,2022-06-01,11.5033,78.5994,-12.1195,30,82.0,35.0,2.0,1,-10.0935,-7.042,-2.789,-9.751666666666669,-2.026,1900.25,0.5,6.5,1982.75,6,2022,-12.72,2022-06,0.6057,0.357,34.9303,12.7499,0.1874
Kadambur,2022-07-01,11.5033,78.5994,-12.72,124,53.0,55.0,2.0,1,-12.1195,-10.0935,-7.042,-11.64433333333333,-0.6005000000000003,82.0,1900.25,0.5,2035.25,7,2022,-12.737,2022-07,0.6022,0.4118,33.1893,13.6457,0.2163
Kadambur,2022-08-01,11.5033,78.5994,-12.737,122,214.75,92.0,2.0,1,-12.72,-12.1195,-10.0935,-12.5255,-0.0170000000000012,53.0,82.0,1900.25,349.75,8,2022,-12.7945,2022-08,0.633,0.4172,33.4555,17.3379,0.2458
Kadambur,2022-09-01,11.5033,78.5994,-12.7945,120,15.25,26.0,2.0,1,-12.737,-12.72,-12.1195,-12.7505,-0.0574999999999992,214.75,53.0,82.0,283.0,9,2022,-12.785,2022-09,0.4592,0.3019,34.997,17.4718,0.2429
Kadambur,2022-10-01,11.5033,78.5994,-12.785,120,126.5,64.0,2.0,1,-12.7945,-12.737,-12.72,-12.772166666666664,0.0094999999999991,15.25,214.75,53.0,356.5,10,2022,-11.857,2022-10,0.709,0.5146,30.2004,20.8629,0.2537
Kadambur,2022-11-01,11.5033,78.5994,-11.857,121,101.25,71.0,2.0,1,-12.785,-12.7945,-12.737,-12.478833333333332,0.9280000000000008,126.5,15.25,214.75,243.0,11,2022,-11.515,2022-11,0.6925,0.4633,28.6352,21.1988,0.2576
Kadambur,2022-12-01,11.5033,78.5994,-11.515,121,51.0,67.0,2.0,1,-11.857,-12.785,-12.7945,-12.052333333333332,0.3419999999999987,101.25,126.5,15.25,278.75,12,2022,-11.7835,2022-12,0.5909,0.3326,28.0602,16.0145,0.2533
Kadambur,2023-01-01,11.5033,78.5994,-11.7835,108,2.5,7.0,2.0,1,-11.515,-11.857,-12.785,-11.7185,-0.2684999999999995,51.0,101.25,126.5,154.75,1,2023,-12.935,2023-01,0.585,0.3569,29.0696,9.9263,0.1799
Kadambur,2023-02-01,11.5033,78.5994,-12.935,113,5.0,4.0,1.0,1,-11.7835,-11.515,-11.857,-12.077833333333336,-1.1515000000000004,2.5,51.0,101.25,58.5,2,2023,-13.13,2023-02,0.4932,0.2853,32.9944,7.2718,0.1433
Kadambur,2023-03-01,11.5033,78.5994,-13.13,110,48.75,17.0,2.0,1,-12.935,-11.7835,-11.515,-12.616166666666668,-0.1950000000000002,5.0,2.5,51.0,56.25,3,2023,-13.5815,2023-03,0.4904,0.3021,34.6722,8.8151,0.1358
Kadambur,2023-04-01,11.5033,78.5994,-13.5815,112,32.0,14.0,2.0,1,-13.13,-12.935,-11.7835,-13.2155,-0.4514999999999993,48.75,5.0,2.5,85.75,4,2023,-13.584,2023-04,0.4815,0.2642,38.6885,6.9989,0.1217
Kadambur,2023-05-01,11.5033,78.5994,-13.584,104,95.75,64.0,2.0,1,-13.5815,-13.13,-12.935,-13.431833333333335,-0.0024999999999995,32.0,48.75,5.0,176.5,5,2023,-13.544,2023-05,0.5864,0.3864,34.1177,15.1159,0.1769
Kadambur,2023-06-01,11.5033,78.5994,-13.544,122,35.5,20.0,2.0,1,-13.584,-13.5815,-13.13,-13.569833333333332,0.0399999999999991,95.75,32.0,48.75,163.25,6,2023,-13.484,2023-06,0.5731,0.3445,35.6134,14.8391,0.1657
Kadambur,2023-07-01,11.5033,78.5994,-13.484,124,51.25,60.0,2.0,1,-13.544,-13.584,-13.5815,-13.537333333333336,0.0600000000000005,35.5,95.75,32.0,182.5,7,2023,-13.425,2023-07,0.5114,0.323,36.3536,11.4193,0.1712
Kadambur,2023-08-01,11.5033,78.5994,-13.425,124,96.5,37.0,2.0,1,-13.484,-13.544,-13.584,-13.484333333333334,0.0589999999999992,51.25,35.5,95.75,183.25,8,2023,-12.8055,2023-08,0.6418,0.4082,34.6857,11.8322,0.1806
Kadambur,2023-09-01,11.5033,78.5994,-12.8055,120,262.5,90.0,2.0,1,-13.425,-13.484,-13.544,-13.238166666666666,0.6195000000000022,96.5,51.25,35.5,410.25,9,2023,-12.845,2023-09,0.6912,0.4796,32.6351,18.2135,0.2435
Kadambur,2023-10-01,11.5033,78.5994,-12.845,112,121.5,59.0,2.0,1,-12.8055,-13.425,-13.484,-13.025166666666664,-0.0395000000000003,262.5,96.5,51.25,480.5,10,2023,-10.513,2023-10,0.7361,0.4723,31.9157,19.1369,0.1863
Kadambur,2023-11-01,11.5033,78.5994,-10.513,120,127.0,92.0,2.0,1,-12.845,-12.8055,-13.425,-12.0545,2.331999999999999,121.5,262.5,96.5,511.0,11,2023,-11.1145,2023-11,0.7258,0.5043,27.2332,20.5496,0.2537
Kadambur,2023-12-01,11.5033,78.5994,-11.1145,122,4.5,9.0,2.0,1,-10.513,-12.845,-12.8055,-11.490833333333333,-0.6014999999999997,127.0,121.5,262.5,253.0,12,2023,-12.288,2023-12,0.6764,0.4143,27.7669,16.197,0.1982
Kadambur,2024-01-01,11.5033,78.5994,-12.288,122,21.25,20.0,2.0,1,-11.1145,-10.513,-12.845,-11.305166666666665,-1.1735000000000009,4.5,127.0,121.5,152.75,1,2024,-13.4385,2024-01,0.631,0.3834,28.8371,12.0051,0.166
Kadambur,2024-02-01,11.5033,78.5994,-13.4385,114,,,,0,-12.288,-11.1145,-10.513,-12.280333333333331,-1.150500000000001,21.25,4.5,127.0,25.75,2,2024,-13.44,2024-02,0.5001,0.2903,32.2404,7.437,0.1139
Kadambur,2024-03-01,11.5033,78.5994,-13.44,122,,,,0,-13.4385,-12.288,-11.1145,-13.0555,-0.0014999999999982,,21.25,4.5,21.25,3,2024,-13.409,2024-03,0.4426,0.2418,37.0532,5.5812,0.0891
Kadambur,2024-04-01,11.5033,78.5994,-13.409,118,6.0,2.0,1.0,1,-13.44,-13.4385,-12.288,-13.429166666666667,0.0309999999999988,,,21.25,6.0,4,2024,-13.3955,2024-04,0.379,0.234,40.0397,3.4869,0.0782
Kadambur,2024-05-01,11.5033,78.5994,-13.3955,122,192.0,72.0,2.0,1,-13.409,-13.44,-13.4385,-13.414833333333334,0.0135000000000005,6.0,,,198.0,5,2024,-12.7605,2024-05,0.4967,0.2666,38.3851,9.2607,0.1801
Kadambur,2024-06-01,11.5033,78.5994,-12.7605,120,131.0,63.0,2.0,1,-13.3955,-13.409,-13.44,-13.188333333333334,0.6349999999999998,192.0,6.0,,329.0,6,2024,-13.361,2024-06,0.6661,0.4483,33.8576,15.6392,0.2243
Kadambur,2024-07-01,11.5033,78.5994,-13.361,120,68.25,55.0,2.0,1,-12.7605,-13.3955,-13.409,-13.172333333333334,-0.6005000000000003,131.0,192.0,6.0,391.25,7,2024,-12.798,2024-07,0.5414,0.3579,36.4268,14.805,0.1726
Kadambur,2024-08-01,11.5033,78.5994,-12.798,108,197.75,95.0,2.0,1,-13.361,-12.7605,-13.3955,-12.973166666666666,0.5630000000000006,68.25,131.0,192.0,397.0,8,2024,-12.916,2024-08,0.6702,0.4479,31.4528,17.6335,0.2394
Kadambur,2024-09-01,11.5033,78.5994,-12.916,121,28.0,17.0,2.0,1,-12.798,-13.361,-12.7605,-13.025,-0.1180000000000003,197.75,68.25,131.0,294.0,9,2024,-12.309,2024-09,0.679,0.4192,33.8412,15.9208,0.1707
Kadambur,2024-10-01,11.5033,78.5994,-12.309,122,207.75,113.0,2.0,1,-12.916,-12.798,-13.361,-12.674333333333331,0.6070000000000011,28.0,197.75,68.25,433.5,10,2024,-12.895,2024-10,0.7657,0.5401,28.6893,22.0313,0.2526
Kadambur,2024-11-01,11.5033,78.5994,-12.895,115,43.25,50.0,2.0,1,-12.309,-12.916,-12.798,-12.706666666666663,-0.5860000000000003,207.75,28.0,197.75,279.0,11,2024,-9.968,2024-11,0.3775,0.2994,27.386,18.962,0.2239
Kadambur,2024-12-01,11.5033,78.5994,-9.968,119,98.25,86.0,2.0,1,-12.895,-12.309,-12.916,-11.723999999999998,2.927,43.25,207.75,28.0,349.25,12,2024,-11.2435,2024-12,0.7121,0.4768,25.9952,18.939,0.2647
Kadambur,2025-01-01,11.5033,78.5994,-11.2435,116,5.75,8.0,2.0,1,-9.968,-12.895,-12.309,-11.368833333333336,-1.275500000000001,98.25,43.25,207.75,147.25,1,2025,-12.926,2025-01,0.6385,0.4021,27.2229,15.8356,0.1954
Kadambur,2025-02-01,11.5033,78.5994,-12.926,112,,,,0,-11.2435,-9.968,-12.895,-11.379166666666668,-1.6824999999999992,5.75,98.25,43.25,104.0,2,2025,-12.931,2025-02,0.5291,0.2984,30.58,8.4225,0.1309
Kadambur,2025-03-01,11.5033,78.5994,-12.931,117,13.25,21.0,2.0,1,-12.926,-11.2435,-9.968,-12.366833333333334,-0.004999999999999,,5.75,98.25,19.0,3,2025,-13.4575,2025-03,0.5104,0.3071,33.5031,8.548,0.1212
Kullampatti,2021-04-01,11.5689,77.7936,-6.274,116,,,,0,-4.889,4.8315,3.9645,-2.1105,-1.3849999999999998,,,,,4,2021,-6.7275,2021-04,0.5023,0.3201,36.5376,8.1863,0.141
Kullampatti,2021-05-01,11.5689,77.7936,-6.7275,124,,,,0,-6.274,-4.889,4.8315,-5.9635,-0.4535,,,,,5,2021,-7.4885,2021-05,0.5605,0.3895,35.7901,12.2586,0.1583
Kullampatti,2021-06-01,11.5689,77.7936,-7.4885,120,,,,0,-6.7275,-6.274,-4.889,-6.830000000000001,-0.7610000000000001,,,,,6,2021,-8.313,2021-06,0.5754,0.3513,37.155,12.0944,0.1575
Kullampatti,2021-07-01,11.5689,77.7936,-8.313,116,,,,0,-7.4885,-6.7275,-6.274,-7.509666666666667,-0.8245000000000005,,,,,7,2021,-4.896,2021-07,0.5503,0.3636,34.6576,13.6592,0.2118
Kullampatti,2021-08-01,11.5689,77.7936,-4.896,125,,,,0,-8.313,-7.4885,-6.7275,-6.899166666666667,3.4170000000000007,,,,,8,2021,-2.8205,2021-08,0.5436,0.3722,37.1222,13.8695,0.1837
Kullampatti,2021-09-01,11.5689,77.7936,-2.8205,94,3.5,1.0,1.0,1,-4.896,-8.313,-7.4885,-5.343166666666666,2.0755,,,,3.5,9,2021,-1.331,2021-09,0.5923,0.357,33.6099,14.5154,0.2234
Kullampatti,2021-11-01,11.5689,77.7936,-1.331,114,152.0,111.0,2.0,1,-2.8205,-4.896,-8.313,-3.015833333333333,1.4895,3.5,,,155.5,11,2021,-1.257,2021-11,0.3946,0.2848,26.4284,19.1275,0.3346
Kullampatti,2021-12-01,11.5689,77.7936,-1.257,11,6.5,2.0,1.0,1,-1.331,-2.8205,-4.896,-1.8028333333333333,0.074,152.0,3.5,,162.0,12,2021,-1.945,2021-12,0.6403,0.4051,29.0501,17.571,0.2695
Kullampatti,2022-01-01,11.5689,77.7936,-1.945,1,0.5,1.0,1.0,1,-1.257,-1.331,-2.8205,-1.511,-0.6880000000000002,6.5,152.0,3.5,159.0,1,2022,-3.6965,2022-01,0.5312,0.3353,29.2178,15.714,0.2035
Kullampatti,2022-02-01,11.5689,77.7936,-3.6965,26,,,,0,-1.945,-1.257,-1.331,-2.2995,-1.7515000000000005,0.5,6.5,152.0,7.0,2,2022,-4.4905,2022-02,0.4287,0.2549,35.2539,8.8938,0.1305
Kullampatti,2022-03-01,11.5689,77.7936,-4.4905,120,1900.25,14.0,2.0,1,-3.6965,-1.945,-1.257,-3.377333333333334,-0.7939999999999996,,0.5,6.5,1900.75,3,2022,-5.572,2022-03,0.3909,0.242,37.8968,6.005,0.1182
Kullampatti,2022-04-01,11.5689,77.7936,-5.572,115,79.25,38.0,2.0,1,-4.4905,-3.6965,-1.945,-4.586333333333333,-1.0815,1900.25,,0.5,1979.5,4,2022,-3.749,2022-04,0.4828,0.3154,36.5872,9.131,0.1453
Kullampatti,2022-05-01,11.5689,77.7936,-3.749,27,24.0,2.0,1.0,1,-5.572,-4.4905,-3.6965,-4.603833333333333,1.823,79.25,1900.25,,2003.5,5,2022,-4.339,2022-05,0.6136,0.3942,32.674,14.5931,0.2102
Kullampatti,2022-06-01,11.5689,77.7936,-4.339,120,82.0,35.0,2.0,1,-3.749,-5.572,-4.4905,-4.553333333333334,-0.5900000000000003,24.0,79.25,1900.25,185.25,6,2022,-4.963,2022-06,0.5937,0.3865,34.0515,15.3647,0.2002
Kullampatti,2022-07-01,11.5689,77.7936,-4.963,125,53.0,55.0,2.0,1,-4.339,-3.749,-5.572,-4.350333333333334,-0.6239999999999997,82.0,24.0,79.25,159.0,7,2022,-2.5355,2022-07,0.5857,0.4036,33.1885,15.0375,0.2101
Kullampatti,2022-08-01,11.5689,77.7936,-2.5355,124,214.75,92.0,2.0,1,-4.963,-4.339,-3.749,-3.945833333333333,2.4275,53.0,82.0,24.0,349.75,8,2022,-2.005,2022-08,0.6019,0.3993,31.6843,18.28,0.2533
Kullampatti,2022-09-01,11.5689,77.7936,-2.005,120,15.25,26.0,2.0,1,-2.5355,-4.963,-4.339,-3.167833333333333,0.5305,214.75,53.0,82.0,283.0,9,2022,-1.3295,2022-09,0.4866,0.3201,34.7183,19.1284,0.2515
Kullampatti,2022-10-01,11.5689,77.7936,-1.3295,124,126.5,64.0,2.0,1,-2.005,-2.5355,-4.963,-1.9566666666666663,0.6755,15.25,214.75,53.0,356.5,10,2022,-1.1324999999999998,2022-10,0.5886,0.4026,30.2851,18.8437,0.2671
Kullampatti,2022-11-01,11.5689,77.7936,-1.1324999999999998,118,101.25,71.0,2.0,1,-1.3295,-2.005,-2.5355,-1.489,0.197,126.5,15.25,214.75,243.0,11,2022,-1.2105,2022-11,0.6313,0.3904,28.9365,19.8899,0.2661
Kullampatti,2022-12-01,11.5689,77.7936,-1.2105,114,51.0,67.0,2.0,1,-1.1324999999999998,-1.3295,-2.005,-1.2241666666666666,-0.0780000000000002,101.25,126.5,15.25,278.75,12,2022,-1.363,2022-12,0.6671,0.4001,28.5039,16.3497,0.2585
Kullampatti,2023-01-01,11.5689,77.7936,-1.363,73,2.5,7.0,2.0,1,-1.2105,-1.1324999999999998,-1.3295,-1.2353333333333334,-0.1524999999999998,51.0,101.25,126.5,154.75,1,2023,-2.462,2023-01,0.5313,0.3242,29.4221,10.5302,0.1819
Kullampatti,2023-02-01,11.5689,77.7936,-2.462,7,5.0,4.0,1.0,1,-1.363,-1.2105,-1.1324999999999998,-1.6785000000000003,-1.0990000000000002,2.5,51.0,101.25,58.5,2,2023,-3.19,2023-02,0.4015,0.2641,34.3996,6.0201,0.1344
Kullampatti,2023-03-01,11.5689,77.7936,-3.19,29,48.75,17.0,2.0,1,-2.462,-1.363,-1.2105,-2.3383333333333334,-0.7279999999999998,5.0,2.5,51.0,56.25,3,2023,-8.119,2023-03,0.4165,0.2452,36.6398,5.3018,0.1295
Kullampatti,2023-07-01,11.5689,77.7936,-8.119,80,51.25,60.0,2.0,1,-3.19,-2.462,-1.363,-4.590333333333334,-4.929,48.75,5.0,2.5,105.0,7,2023,-9.355,2023-07,0.5296,0.3708,35.6658,11.962,0.1694
Kullampatti,2023-08-01,11.5689,77.7936,-9.355,124,96.5,37.0,2.0,1,-8.119,-3.19,-2.462,-6.888000000000001,-1.2360000000000009,51.25,48.75,5.0,196.5,8,2023,-8.535499999999999,2023-08,0.5357,0.3322,36.577,9.8387,0.156
Kullampatti,2023-09-01,11.5689,77.7936,-8.535499999999999,118,262.5,90.0,2.0,1,-9.355,-8.119,-3.19,-8.669833333333333,0.8195000000000014,96.5,51.25,48.75,410.25,9,2023,-6.777,2023-09,0.5932,0.3854,33.1676,13.6034,0.2291
Kullampatti,2023-10-01,11.5689,77.7936,-6.777,106,121.5,59.0,2.0,1,-8.535499999999999,-9.355,-8.119,-8.2225,1.7584999999999988,262.5,96.5,51.25,480.5,10,2023,-6.8165,2023-10,0.5922,0.3917,32.3281,14.4945,0.1876
Kullampatti,2023-11-01,11.5689,77.7936,-6.8165,26,127.0,92.0,2.0,1,-6.777,-8.535499999999999,-9.355,-7.376333333333332,-0.0394999999999994,121.5,262.5,96.5,511.0,11,2023,-5.355,2023-11,0.6193,0.4056,29.509,16.3656,0.2456
Kullampatti,2023-12-01,11.5689,77.7936,-5.355,120,4.5,9.0,2.0,1,-6.8165,-6.777,-8.535499999999999,-6.316166666666667,1.4614999999999991,127.0,121.5,262.5,253.0,12,2023,-6.3715,2023-12,0.6386,0.4036,30.1192,11.5993,0.1929
Kullampatti,2024-01-01,11.5689,77.7936,-6.3715,120,21.25,20.0,2.0,1,-5.355,-6.8165,-6.777,-6.181,-1.0164999999999995,4.5,127.0,121.5,152.75,1,2024,-8.2225,2024-01,0.5253,0.3444,30.0582,10.2439,0.1594
Kullampatti,2024-02-01,11.5689,77.7936,-8.2225,112,,,,0,-6.3715,-5.355,-6.8165,-6.649666666666668,-1.851,21.25,4.5,127.0,25.75,2,2024,-10.111,2024-02,0.4439,0.2805,34.362,6.7836,0.111
Kullampatti,2024-03-01,11.5689,77.7936,-10.111,122,,,,0,-8.2225,-6.3715,-5.355,-8.235000000000001,-1.8885000000000003,,21.25,4.5,21.25,3,2024,-6.1895,2024-03,0.3818,0.229,37.4355,3.4071,0.0921
Kullampatti,2024-04-01,11.5689,77.7936,-6.1895,120,6.0,2.0,1.0,1,-10.111,-8.2225,-6.3715,-8.174333333333333,3.921500000000001,,,21.25,6.0,4,2024,-8.3405,2024-04,0.3909,0.2456,39.0122,3.5785,0.0939
Kullampatti,2024-05-01,11.5689,77.7936,-8.3405,122,192.0,72.0,2.0,1,-6.1895,-10.111,-8.2225,-8.213666666666667,-2.1510000000000007,6.0,,,198.0,5,2024,-9.62,2024-05,0.5173,0.3314,36.3478,10.0231,0.1934
Kullampatti,2024-06-01,11.5689,77.7936,-9.62,118,131.0,63.0,2.0,1,-8.3405,-6.1895,-10.111,-8.05,-1.2795000000000003,192.0,6.0,,329.0,6,2024,-9.003499999999999,2024-06,0.6152,0.4214,33.5321,13.9776,0.2105
Kullampatti,2024-07-01,11.5689,77.7936,-9.003499999999999,120,68.25,55.0,2.0,1,-9.62,-8.3405,-6.1895,-8.988000000000001,0.616500000000002,131.0,192.0,6.0,391.25,7,2024,-3.9215,2024-07,0.5689,0.423,31.879,14.8662,0.1927
Kullampatti,2024-08-01,11.5689,77.7936,-3.9215,110,197.75,95.0,2.0,1,-9.003499999999999,-9.62,-8.3405,-7.515000000000001,5.081999999999999,68.25,131.0,192.0,397.0,8,2024,-2.6415,2024-08,0.6316,0.4055,30.6099,18.3748,0.2345
Kullampatti,2024-09-01,11.5689,77.7936,-2.6415,120,28.0,17.0,2.0,1,-3.9215,-9.003499999999999,-9.62,-5.188833333333332,1.2800000000000002,197.75,68.25,131.0,294.0,9,2024,-2.109,2024-09,0.5518,0.3437,33.4694,14.7343,0.1687
Kullampatti,2024-10-01,11.5689,77.7936,-2.109,124,207.75,113.0,2.0,1,-2.6415,-3.9215,-9.003499999999999,-2.8906666666666667,0.5324999999999998,28.0,197.75,68.25,433.5,10,2024,-1.961,2024-10,0.63,0.4264,29.4628,18.9618,0.2662
Kullampatti,2024-11-01,11.5689,77.7936,-1.961,120,43.25,50.0,2.0,1,-2.109,-2.6415,-3.9215,-2.2371666666666665,0.1480000000000001,207.75,28.0,197.75,279.0,11,2024,-1.8955,2024-11,0.6555,0.4982,26.6977,15.2704,0.2245
Kullampatti,2024-12-01,11.5689,77.7936,-1.8955,120,98.25,86.0,2.0,1,-1.961,-2.109,-2.6415,-1.9885,0.0654999999999998,43.25,207.75,28.0,349.25,12,2024,-2.1285,2024-12,0.6733,0.4365,27.2242,18.9662,0.2459
Kullampatti,2025-01-01,11.5689,77.7936,-2.1285,120,5.75,8.0,2.0,1,-1.8955,-1.961,-2.109,-1.995,-0.2329999999999998,98.25,43.25,207.75,147.25,1,2025,-3.4995000000000003,2025-01,0.5498,0.366,27.4669,12.2118,0.1755
Kullampatti,2025-02-01,11.5689,77.7936,-3.4995000000000003,112,,,,0,-2.1285,-1.8955,-1.961,-2.507833333333333,-1.3710000000000004,5.75,98.25,43.25,104.0,2,2025,-4.8925,2025-02,0.4152,0.2473,32.0206,7.3348,0.1194
Kullampatti,2025-03-01,11.5689,77.7936,-4.8925,114,13.25,21.0,2.0,1,-3.4995000000000003,-2.1285,-1.8955,-3.506833333333333,-1.3929999999999998,,5.75,98.25,19.0,3,2025,-5.692,2025-03,0.4268,0.2538,34.1957,5.2932,0.1169
M.Chettipatti,2024-06-01,11.730269,78.006801,-6.645,120,131.0,63.0,2.0,1,-8.43,-7.555,-6.68,-7.543333333333333,1.785,192.0,6.0,,329.0,6,2024,-6.89,2024-06,0.5713,0.3821,35.03,12.0953,0.2201
M.Chettipatti,2024-07-01,11.730269,78.006801,-6.89,124,68.25,55.0,2.0,1,-6.645,-8.43,-7.555,-7.321666666666666,-0.2450000000000001,131.0,192.0,6.0,391.25,7,2024,-6.395,2024-07,0.5334,0.342,34.68,13.3543,0.1951
M.Chettipatti,2024-08-01,11.730269,78.006801,-6.395,108,197.75,95.0,2.0,1,-6.89,-6.645,-8.43,-6.6433333333333335,0.4950000000000001,68.25,131.0,192.0,397.0,8,2024,-6.26,2024-08,0.6111,0.3869,31.9721,17.0251,0.2454
M.Chettipatti,2024-09-01,11.730269,78.006801,-6.26,120,28.0,17.0,2.0,1,-6.395,-6.89,-6.645,-6.515,0.1349999999999998,197.75,68.25,131.0,294.0,9,2024,-6.74,2024-09,0.5105,0.3173,35.6283,14.0223,0.1841
M.Chettipatti,2024-10-01,11.730269,78.006801,-6.74,124,207.75,113.0,2.0,1,-6.26,-6.395,-6.89,-6.465,-0.4800000000000004,28.0,197.75,68.25,433.5,10,2024,-6.24,2024-10,0.6829,0.5139,30.4342,19.6248,0.2699
M.Chettipatti,2024-11-01,11.730269,78.006801,-6.24,120,43.25,50.0,2.0,1,-6.74,-6.26,-6.395,-6.413333333333333,0.5,207.75,28.0,197.75,279.0,11,2024,-4.925,2024-11,0.52,0.3538,28.6804,14.355,0.2308
M.Chettipatti,2024-12-01,11.730269,78.006801,-4.925,120,98.25,86.0,2.0,1,-6.24,-6.74,-6.26,-5.968333333333334,1.3150000000000004,43.25,207.75,28.0,349.25,12,2024,-5.195,2024-12,0.6649,0.4255,27.4676,18.3542,0.2675
M.Chettipatti,2025-01-01,11.730269,78.006801,-5.195,124,5.75,8.0,2.0,1,-4.925,-6.24,-6.74,-5.453333333333333,-0.2700000000000004,98.25,43.25,207.75,147.25,1,2025,-5.62,2025-01,0.5661,0.3588,28.4087,12.8567,0.1973
M.Chettipatti,2025-02-01,11.730269,78.006801,-5.62,40,,,,0,-5.195,-4.925,-6.24,-5.246666666666667,-0.4249999999999998,5.75,98.25,43.25,104.0,2,2025,-6.835,2025-02,0.4421,0.2511,32.4744,7.6227,0.131
M.Chettipatti,2025-03-01,11.730269,78.006801,-6.835,120,13.25,21.0,2.0,1,-5.62,-5.195,-4.925,-5.883333333333333,-1.215,,5.75,98.25,19.0,3,2025,-7.84,2025-03,0.4107,0.257,35.4899,5.2458,0.118
M.Chettipatti,2025-04-01,11.730269,78.006801,-7.84,108,14.0,7.0,2.0,1,-6.835,-5.62,-5.195,-6.765000000000001,-1.005,13.25,,5.75,27.25,4,2025,-7.49,2025-04,0.4466,0.2726,35.6292,4.7618,0.1361
M.Chettipatti,2025-05-01,11.730269,78.006801,-7.49,112,216.0,75.0,2.0,1,-7.84,-6.835,-5.62,-7.388333333333333,0.3499999999999996,14.0,13.25,,243.25,5,2025,-6.859999999999999,2025-05,0.5423,0.3176,33.3712,9.4288,0.2104
M.Chettipatti,2025-06-01,11.730269,78.006801,-6.859999999999999,86,69.0,32.0,2.0,1,-7.49,-7.84,-6.835,-7.396666666666666,0.6300000000000008,216.0,14.0,13.25,299.0,6,2025,-5.785,2025-06,0.5874,0.3824,30.2506,11.4729,0.2038
M.Chettipatti,2025-07-01,11.730269,78.006801,-5.785,36,16.25,15.0,2.0,1,-6.859999999999999,-7.49,-7.84,-6.711666666666666,1.0749999999999993,69.0,216.0,14.0,301.25,7,2025,-6.54,2025-07,0.6005,0.3365,32.4641,12.3509,0.1769
M.Chettipatti,2025-08-01,11.730269,78.006801,-6.54,97,84.25,46.0,2.0,1,-5.785,-6.859999999999999,-7.49,-6.395,-0.7549999999999999,16.25,69.0,216.0,169.5,8,2025,-7.01,2025-08,0.525,0.3817,33.3292,14.3395,0.1999
M.Chettipatti,2025-09-01,11.730269,78.006801,-7.01,99,59.75,37.0,2.0,1,-6.54,-5.785,-6.859999999999999,-6.445,-0.4699999999999997,84.25,16.25,69.0,160.25,9,2025,-4.885,2025-09,0.6008,0.405,30.2006,15.175,0.2181
Manjakalpatti,2021-04-01,11.5031,77.8656,-32.35,118,,,,0,-31.622,-33.5585,-35.812,-32.51016666666667,-0.7280000000000015,,,,,4,2021,-34.6005,2021-04,0.4358,0.2704,36.2742,6.048,0.1404
Manjakalpatti,2021-05-01,11.5031,77.8656,-34.6005,124,,,,0,-32.35,-31.622,-33.5585,-32.857499999999995,-2.2504999999999957,,,,,5,2021,-37.069,2021-05,0.4817,0.3442,36.0131,9.2577,0.1566
Manjakalpatti,2021-06-01,11.5031,77.8656,-37.069,120,,,,0,-34.6005,-32.35,-31.622,-34.67316666666667,-2.468500000000006,,,,,6,2021,-39.648,2021-06,0.5089,0.3173,38.251,9.7452,0.154
Manjakalpatti,2021-07-01,11.5031,77.8656,-39.648,118,,,,0,-37.069,-34.6005,-32.35,-37.10583333333333,-2.578999999999993,,,,,7,2021,-38.74,2021-07,0.5067,0.3455,33.5884,11.7917,0.2087
Manjakalpatti,2021-08-01,11.5031,77.8656,-38.74,125,,,,0,-39.648,-37.069,-34.6005,-38.48566666666667,0.907999999999994,,,,,8,2021,-37.218,2021-08,0.5559,0.3756,35.3939,12.9308,0.184
Manjakalpatti,2021-09-01,11.5031,77.8656,-37.218,107,3.5,1.0,1.0,1,-38.74,-39.648,-37.069,-38.53533333333333,1.5219999999999985,,,,3.5,9,2021,-34.7365,2021-09,0.5737,0.3938,33.2031,13.9124,0.2225
Manjakalpatti,2021-10-01,11.5031,77.8656,-34.7365,124,24.0,8.0,1.0,1,-37.218,-38.74,-39.648,-36.89816666666667,2.481500000000004,3.5,,,27.5,10,2021,-24.5815,2021-10,0.5682,0.4176,29.5968,17.2545,0.2811
Manjakalpatti,2021-11-01,11.5031,77.8656,-24.5815,120,152.0,111.0,2.0,1,-34.7365,-37.218,-38.74,-32.178666666666665,10.155,24.0,3.5,,179.5,11,2021,-14.991,2021-11,0.3072,0.2192,27.7843,18.0845,0.3357
Manjakalpatti,2021-12-01,11.5031,77.8656,-14.991,124,6.5,2.0,1.0,1,-24.5815,-34.7365,-37.218,-24.769666666666662,9.5905,152.0,24.0,3.5,182.5,12,2021,-12.062,2021-12,0.6001,0.362,29.0586,16.3964,0.2714
Manjakalpatti,2022-01-01,11.5031,77.8656,-12.062,124,0.5,1.0,1.0,1,-14.991,-24.5815,-34.7365,-17.2115,2.9289999999999985,6.5,152.0,24.0,159.0,1,2022,-12.054,2022-01,0.4923,0.3007,29.8931,14.5793,0.1997
Manjakalpatti,2022-02-01,11.5031,77.8656,-12.054,112,,,,0,-12.062,-14.991,-24.5815,-13.035666666666666,0.0080000000000008,0.5,6.5,152.0,7.0,2,2022,-12.593,2022-02,0.3945,0.2356,35.6204,7.3847,0.1281
Manjakalpatti,2022-03-01,11.5031,77.8656,-12.593,120,1900.25,14.0,2.0,1,-12.054,-12.062,-14.991,-12.236333333333334,-0.5389999999999997,,0.5,6.5,1900.75,3,2022,-13.5365,2022-03,0.3611,0.2221,37.3447,5.3618,0.1171
Manjakalpatti,2022-04-01,11.5031,77.8656,-13.5365,116,79.25,38.0,2.0,1,-12.593,-12.054,-12.062,-12.727833333333336,-0.9435000000000002,1900.25,,0.5,1979.5,4,2022,-12.492,2022-04,0.432,0.2968,36.4128,8.2262,0.1465
Manjakalpatti,2022-05-01,11.5031,77.8656,-12.492,33,24.0,2.0,1.0,1,-13.5365,-12.593,-12.054,-12.873833333333332,1.044499999999999,79.25,1900.25,,2003.5,5,2022,-12.269,2022-05,0.538,0.3731,33.6197,11.7586,0.2075
Manjakalpatti,2022-06-01,11.5031,77.8656,-12.269,120,82.0,35.0,2.0,1,-12.492,-13.5365,-12.593,-12.765833333333331,0.2230000000000007,24.0,79.25,1900.25,185.25,6,2022,-13.104,2022-06,0.5219,0.3559,34.8179,13.3124,0.1937
Manjakalpatti,2022-07-01,11.5031,77.8656,-13.104,124,53.0,55.0,2.0,1,-12.269,-12.492,-13.5365,-12.621666666666664,-0.8349999999999991,82.0,24.0,79.25,159.0,7,2022,-12.594,2022-07,0.5347,0.3636,35.3778,12.5255,0.2083
Manjakalpatti,2022-08-01,11.5031,77.8656,-12.594,124,214.75,92.0,2.0,1,-13.104,-12.269,-12.492,-12.655666666666669,0.509999999999998,53.0,82.0,24.0,349.75,8,2022,-10.278,2022-08,0.6056,0.4115,31.0437,17.4777,0.2503
Manjakalpatti,2022-09-01,11.5031,77.8656,-10.278,120,15.25,26.0,2.0,1,-12.594,-13.104,-12.269,-11.992,2.3160000000000025,214.75,53.0,82.0,283.0,9,2022,-9.797,2022-09,0.5625,0.4134,34.4554,18.6637,0.25
Manjakalpatti,2022-10-01,11.5031,77.8656,-9.797,122,126.5,64.0,2.0,1,-10.278,-12.594,-13.104,-10.889666666666663,0.4809999999999981,15.25,214.75,53.0,356.5,10,2022,-9.516,2022-10,0.5939,0.4117,30.3432,18.7165,0.2662
Manjakalpatti,2022-11-01,11.5031,77.8656,-9.516,119,101.25,71.0,2.0,1,-9.797,-10.278,-12.594,-9.863666666666669,0.2810000000000006,126.5,15.25,214.75,243.0,11,2022,-9.6215,2022-11,0.5923,0.3712,29.3242,18.6657,0.2639
Manjakalpatti,2022-12-01,11.5031,77.8656,-9.6215,122,51.0,67.0,2.0,1,-9.516,-9.797,-10.278,-9.644833333333333,-0.1054999999999992,101.25,126.5,15.25,278.75,12,2022,-10.4575,2022-12,0.5659,0.3173,30.3507,14.2532,0.2541
Manjakalpatti,2023-01-01,11.5031,77.8656,-10.4575,118,2.5,7.0,2.0,1,-9.6215,-9.516,-9.797,-9.865,-0.8360000000000003,51.0,101.25,126.5,154.75,1,2023,-11.3105,2023-01,0.4919,0.2695,30.7335,7.9174,0.1785
Manjakalpatti,2023-02-01,11.5031,77.8656,-11.3105,112,5.0,4.0,1.0,1,-10.4575,-9.6215,-9.516,-10.463166666666668,-0.8530000000000015,2.5,51.0,101.25,58.5,2,2023,-12.3755,2023-02,0.3718,0.235,35.1295,5.2438,0.1311
Manjakalpatti,2023-03-01,11.5031,77.8656,-12.3755,124,48.75,17.0,2.0,1,-11.3105,-10.4575,-9.6215,-11.381166666666669,-1.0649999999999975,5.0,2.5,51.0,56.25,3,2023,-13.3265,2023-03,0.4088,0.2552,36.0582,5.0529,0.125
Manjakalpatti,2023-04-01,11.5031,77.8656,-13.3265,114,32.0,14.0,2.0,1,-12.3755,-11.3105,-10.4575,-12.3375,-0.9510000000000004,48.75,5.0,2.5,85.75,4,2023,-12.912,2023-04,0.4711,0.2895,37.1048,5.8708,0.1242
Manjakalpatti,2023-05-01,11.5031,77.8656,-12.912,112,95.75,64.0,2.0,1,-13.3265,-12.3755,-11.3105,-12.871333333333332,0.4145000000000003,32.0,48.75,5.0,176.5,5,2023,-13.1835,2023-05,0.535,0.3824,34.346,13.9921,0.1793
Manjakalpatti,2023-06-01,11.5031,77.8656,-13.1835,122,35.5,20.0,2.0,1,-12.912,-13.3265,-12.3755,-13.140666666666666,-0.2715000000000014,95.75,32.0,48.75,163.25,6,2023,-13.822,2023-06,0.4883,0.3145,36.4088,11.6111,0.162
Manjakalpatti,2023-07-01,11.5031,77.8656,-13.822,124,51.25,60.0,2.0,1,-13.1835,-12.912,-13.3265,-13.305833333333332,-0.6384999999999987,35.5,95.75,32.0,182.5,7,2023,-15.004,2023-07,0.4561,0.3147,37.1288,9.5035,0.1668
Manjakalpatti,2023-08-01,11.5031,77.8656,-15.004,122,96.5,37.0,2.0,1,-13.822,-13.1835,-12.912,-14.003166666666669,-1.1820000000000004,51.25,35.5,95.75,183.25,8,2023,-13.963,2023-08,0.5024,0.334,36.5293,8.4137,0.1595
Manjakalpatti,2023-09-01,11.5031,77.8656,-13.963,118,262.5,90.0,2.0,1,-15.004,-13.822,-13.1835,-14.263,1.0409999999999986,96.5,51.25,35.5,410.25,9,2023,-13.605,2023-09,0.5742,0.405,33.0812,13.5368,0.2312
Manjakalpatti,2023-10-01,11.5031,77.8656,-13.605,106,121.5,59.0,2.0,1,-13.963,-15.004,-13.822,-14.190666666666669,0.3580000000000005,262.5,96.5,51.25,480.5,10,2023,-11.7925,2023-10,0.623,0.4224,32.0968,14.4407,0.1896
Manjakalpatti,2023-11-01,11.5031,77.8656,-11.7925,120,127.0,92.0,2.0,1,-13.605,-13.963,-15.004,-13.120166666666668,1.8125,121.5,262.5,96.5,511.0,11,2023,-11.0985,2023-11,0.6465,0.4499,28.9672,15.3938,0.2477
Manjakalpatti,2023-12-01,11.5031,77.8656,-11.0985,122,4.5,9.0,2.0,1,-11.7925,-13.605,-13.963,-12.165333333333336,0.6939999999999991,127.0,121.5,262.5,253.0,12,2023,-11.987,2023-12,0.5923,0.3671,29.7557,10.5017,0.1924
Manjakalpatti,2024-01-01,11.5031,77.8656,-11.987,124,21.25,20.0,2.0,1,-11.0985,-11.7925,-13.605,-11.626,-0.8884999999999987,4.5,127.0,121.5,152.75,1,2024,-12.8915,2024-01,0.4831,0.2978,30.4986,8.4936,0.1572
Manjakalpatti,2024-02-01,11.5031,77.8656,-12.8915,114,,,,0,-11.987,-11.0985,-11.7925,-11.992333333333336,-0.9045000000000004,21.25,4.5,127.0,25.75,2,2024,-14.6425,2024-02,0.3995,0.2417,34.2501,5.3258,0.1096
Manjakalpatti,2024-03-01,11.5031,77.8656,-14.6425,124,,,,0,-12.8915,-11.987,-11.0985,-13.173666666666668,-1.7509999999999994,,21.25,4.5,21.25,3,2024,-16.177500000000002,2024-03,0.3597,0.2201,36.6511,2.912,0.0911
Manjakalpatti,2024-04-01,11.5031,77.8656,-16.177500000000002,118,6.0,2.0,1.0,1,-14.6425,-12.8915,-11.987,-14.5705,-1.535000000000002,,,21.25,6.0,4,2024,-17.037,2024-04,0.3463,0.2277,39.098,2.5572,0.0916
Manjakalpatti,2024-05-01,11.5031,77.8656,-17.037,122,192.0,72.0,2.0,1,-16.177500000000002,-14.6425,-12.8915,-15.952333333333334,-0.859499999999997,6.0,,,198.0,5,2024,-13.674,2024-05,0.4701,0.3004,38.3942,8.2509,0.1931
Manjakalpatti,2024-06-01,11.5031,77.8656,-13.674,120,131.0,63.0,2.0,1,-17.037,-16.177500000000002,-14.6425,-15.6295,3.3629999999999995,192.0,6.0,,329.0,6,2024,-13.6275,2024-06,0.5866,0.4203,33.0752,13.0958,0.214
Manjakalpatti,2024-07-01,11.5031,77.8656,-13.6275,116,68.25,55.0,2.0,1,-13.674,-17.037,-16.177500000000002,-14.7795,0.0464999999999982,131.0,192.0,6.0,391.25,7,2024,-13.589,2024-07,0.5381,0.399,31.5358,14.1368,0.1915
Manjakalpatti,2024-08-01,11.5031,77.8656,-13.589,108,197.75,95.0,2.0,1,-13.6275,-13.674,-17.037,-13.630166666666668,0.0385000000000008,68.25,131.0,192.0,397.0,8,2024,-12.257,2024-08,0.6471,0.4384,31.2092,17.3941,0.2372
Manjakalpatti,2024-09-01,11.5031,77.8656,-12.257,121,28.0,17.0,2.0,1,-13.589,-13.6275,-13.674,-13.157833333333334,1.3320000000000007,197.75,68.25,131.0,294.0,9,2024,-11.7865,2024-09,0.5348,0.3542,33.9861,15.1662,0.1663
Manjakalpatti,2024-10-01,11.5031,77.8656,-11.7865,122,207.75,113.0,2.0,1,-12.257,-13.589,-13.6275,-12.544166666666667,0.4704999999999995,28.0,197.75,68.25,433.5,10,2024,-11.4695,2024-10,0.6498,0.4705,29.7756,18.1367,0.2663
Manjakalpatti,2024-11-01,11.5031,77.8656,-11.4695,110,43.25,50.0,2.0,1,-11.7865,-12.257,-13.589,-11.837666666666667,0.3170000000000001,207.75,28.0,197.75,279.0,11,2024,-10.485,2024-11,0.5124,0.3505,27.3145,12.8986,0.2278
Manjakalpatti,2024-12-01,11.5031,77.8656,-10.485,118,98.25,86.0,2.0,1,-11.4695,-11.7865,-12.257,-11.247,0.9845000000000006,43.25,207.75,28.0,349.25,12,2024,-10.891,2024-12,0.6206,0.3683,27.1757,17.4451,0.2511
Mannarpalayam,2021-04-01,11.6075,78.3989,-25.0485,118,,,,0,-23.382,-5.0395,-3.5985,-17.823333333333334,-1.6664999999999992,,,,,4,2021,-25.1455,2021-04,0.4179,0.2513,37.5084,5.5289,0.1271
Mannarpalayam,2021-05-01,11.6075,78.3989,-25.1455,124,,,,0,-25.0485,-23.382,-5.0395,-24.52533333333333,-0.0969999999999977,,,,,5,2021,-24.732,2021-05,0.4965,0.3242,38.419,8.3292,0.1563
Mannarpalayam,2021-06-01,11.6075,78.3989,-24.732,120,,,,0,-25.1455,-25.0485,-23.382,-24.975333333333328,0.4134999999999991,,,,,6,2021,-20.717,2021-06,0.5623,0.3533,36.6179,11.0522,0.1736
Mannarpalayam,2021-07-01,11.6075,78.3989,-20.717,116,,,,0,-24.732,-25.1455,-25.0485,-23.531499999999998,4.015000000000001,,,,,7,2021,-19.426,2021-07,0.6367,0.4328,31.787,15.2162,0.248
Mannarpalayam,2021-08-01,11.6075,78.3989,-19.426,125,,,,0,-20.717,-24.732,-25.1455,-21.625,1.2910000000000004,,,,,8,2021,-20.465,2021-08,0.5994,0.4244,34.8521,15.4406,0.2205
Mannarpalayam,2021-09-01,11.6075,78.3989,-20.465,106,3.5,1.0,1.0,1,-19.426,-20.717,-24.732,-20.202666666666666,-1.0390000000000017,,,,3.5,9,2021,-20.9065,2021-09,0.6825,0.4279,33.7485,16.3827,0.2484
Mannarpalayam,2021-10-01,11.6075,78.3989,-20.9065,124,24.0,8.0,1.0,1,-20.465,-19.426,-20.717,-20.26583333333333,-0.4415000000000013,3.5,,,27.5,10,2021,-12.607,2021-10,0.6944,0.5038,31.0463,19.3597,0.2934
Mannarpalayam,2021-11-01,11.6075,78.3989,-12.607,120,152.0,111.0,2.0,1,-20.9065,-20.465,-19.426,-17.992833333333333,8.299500000000002,24.0,3.5,,179.5,11,2021,-8.883500000000002,2021-11,0.5509,0.3576,28.9616,18.9856,0.3566
Mannarpalayam,2021-12-01,11.6075,78.3989,-8.883500000000002,124,6.5,2.0,1.0,1,-12.607,-20.9065,-20.465,-14.13233333333333,3.723499999999998,152.0,24.0,3.5,182.5,12,2021,-12.136,2021-12,0.6559,0.4084,29.2509,17.3815,0.3015
Mannarpalayam,2022-01-01,11.6075,78.3989,-12.136,124,0.5,1.0,1.0,1,-8.883500000000002,-12.607,-20.9065,-11.208833333333333,-3.2524999999999977,6.5,152.0,24.0,159.0,1,2022,-15.046,2022-01,0.5601,0.3345,30.8954,16.1963,0.2353
Mannarpalayam,2022-02-01,11.6075,78.3989,-15.046,112,,,,0,-12.136,-8.883500000000002,-12.607,-12.021833333333332,-2.91,0.5,6.5,152.0,7.0,2,2022,-16.9705,2022-02,0.4906,0.2826,34.332,9.3876,0.1606
Mannarpalayam,2022-03-01,11.6075,78.3989,-16.9705,124,1900.25,14.0,2.0,1,-15.046,-12.136,-8.883500000000002,-14.7175,-1.9245000000000017,,0.5,6.5,1900.75,3,2022,-17.9735,2022-03,0.4434,0.263,36.185,7.9801,0.1356
Mannarpalayam,2022-04-01,11.6075,78.3989,-17.9735,118,79.25,38.0,2.0,1,-16.9705,-15.046,-12.136,-16.66333333333333,-1.003,1900.25,,0.5,1979.5,4,2022,-17.83,2022-04,0.4922,0.3041,36.7673,9.212,0.15
Mannarpalayam,2022-05-01,11.6075,78.3989,-17.83,32,24.0,2.0,1.0,1,-17.9735,-16.9705,-15.046,-17.591333333333335,0.143500000000003,79.25,1900.25,,2003.5,5,2022,-18.3415,2022-05,0.5442,0.3313,36.1708,11.1391,0.1989
Mannarpalayam,2022-06-01,11.6075,78.3989,-18.3415,120,82.0,35.0,2.0,1,-17.83,-17.9735,-16.9705,-18.04833333333333,-0.5115000000000016,24.0,79.25,1900.25,185.25,6,2022,-18.6975,2022-06,0.5718,0.3513,35.4805,12.4366,0.1938
Mannarpalayam,2022-07-01,11.6075,78.3989,-18.6975,124,53.0,55.0,2.0,1,-18.3415,-17.83,-17.9735,-18.289666666666665,-0.3559999999999981,82.0,24.0,79.25,159.0,7,2022,-17.019,2022-07,0.599,0.4326,33.6433,14.1125,0.2269
Mannarpalayam,2022-08-01,11.6075,78.3989,-17.019,58,214.75,92.0,2.0,1,-18.6975,-18.3415,-17.83,-18.01933333333333,1.6784999999999997,53.0,82.0,24.0,349.75,8,2022,-11.601,2022-08,0.6329,0.4055,34.6037,17.6373,0.2601
Mannarpalayam,2022-10-01,11.6075,78.3989,-11.601,19,126.5,64.0,2.0,1,-17.019,-18.6975,-18.3415,-15.7725,5.4179999999999975,214.75,53.0,82.0,394.25,10,2022,-10.282,2022-10,0.6712,0.4856,30.4823,20.0193,0.2712
Mannarpalayam,2022-11-01,11.6075,78.3989,-10.282,121,101.25,71.0,2.0,1,-11.601,-17.019,-18.6975,-12.96733333333333,1.3190000000000008,126.5,214.75,53.0,442.5,11,2022,-9.942,2022-11,0.6605,0.4162,29.8047,19.8351,0.2696
Mannarpalayam,2022-12-01,11.6075,78.3989,-9.942,116,51.0,67.0,2.0,1,-10.282,-11.601,-17.019,-10.608333333333333,0.3399999999999998,101.25,126.5,214.75,278.75,12,2022,-12.864,2022-12,0.6171,0.3335,29.6337,14.9899,0.2618
Mannarpalayam,2023-01-01,11.6075,78.3989,-12.864,112,2.5,7.0,2.0,1,-9.942,-10.282,-11.601,-11.029333333333334,-2.9220000000000006,51.0,101.25,126.5,154.75,1,2023,-14.3305,2023-01,0.5495,0.3136,30.329,8.9088,0.1923
Mannarpalayam,2023-02-01,11.6075,78.3989,-14.3305,112,5.0,4.0,1.0,1,-12.864,-9.942,-10.282,-12.378833333333333,-1.4665,2.5,51.0,101.25,58.5,2,2023,-15.8125,2023-02,0.4684,0.2735,34.5694,7.2401,0.1465
Mannarpalayam,2023-03-01,11.6075,78.3989,-15.8125,120,48.75,17.0,2.0,1,-14.3305,-12.864,-9.942,-14.335666666666668,-1.481999999999999,5.0,2.5,51.0,56.25,3,2023,-16.038,2023-03,0.4908,0.3108,35.2212,7.6213,0.1414
Mannarpalayam,2023-04-01,11.6075,78.3989,-16.038,116,32.0,14.0,2.0,1,-15.8125,-14.3305,-12.864,-15.393666666666666,-0.2255000000000002,48.75,5.0,2.5,85.75,4,2023,-16.746,2023-04,0.4801,0.2781,37.8981,6.2769,0.1242
Mannarpalayam,2023-05-01,11.6075,78.3989,-16.746,85,95.75,64.0,2.0,1,-16.038,-15.8125,-14.3305,-16.19883333333333,-0.7079999999999984,32.0,48.75,5.0,176.5,5,2023,-18.1025,2023-05,0.5053,0.3297,35.691,13.9647,0.1851
Mannarpalayam,2023-06-01,11.6075,78.3989,-18.1025,122,35.5,20.0,2.0,1,-16.746,-16.038,-15.8125,-16.962166666666665,-1.3565000000000005,95.75,32.0,48.75,163.25,6,2023,-19.225,2023-06,0.4831,0.2701,38.4245,11.1186,0.1742
Mannarpalayam,2023-07-01,11.6075,78.3989,-19.225,122,51.25,60.0,2.0,1,-18.1025,-16.746,-16.038,-18.0245,-1.1225000000000025,35.5,95.75,32.0,182.5,7,2023,-20.7275,2023-07,0.5221,0.3464,35.4639,10.2852,0.1833
Mannarpalayam,2023-08-01,11.6075,78.3989,-20.7275,124,96.5,37.0,2.0,1,-19.225,-18.1025,-16.746,-19.351666666666663,-1.5024999999999975,51.25,35.5,95.75,183.25,8,2023,-20.447000000000003,2023-08,0.5892,0.3429,35.5082,10.3103,0.1846
Mannarpalayam,2023-09-01,11.6075,78.3989,-20.447000000000003,120,262.5,90.0,2.0,1,-20.7275,-19.225,-18.1025,-20.133166666666664,0.2804999999999964,96.5,51.25,35.5,410.25,9,2023,-18.3515,2023-09,0.6536,0.4578,33.3349,16.3315,0.257
Mannarpalayam,2023-10-01,11.6075,78.3989,-18.3515,106,121.5,59.0,2.0,1,-20.447000000000003,-20.7275,-19.225,-19.842,2.0955000000000013,262.5,96.5,51.25,480.5,10,2023,-16.398,2023-10,0.6985,0.4774,31.6584,17.6409,0.2054
Mannarpalayam,2023-11-01,11.6075,78.3989,-16.398,120,127.0,92.0,2.0,1,-18.3515,-20.447000000000003,-20.7275,-18.39883333333333,1.9535000000000016,121.5,262.5,96.5,511.0,11,2023,-17.294,2023-11,0.634,0.4264,27.8875,18.6547,0.2559
Mannarpalayam,2023-12-01,11.6075,78.3989,-17.294,122,4.5,9.0,2.0,1,-16.398,-18.3515,-20.447000000000003,-17.34783333333333,-0.8960000000000008,127.0,121.5,262.5,253.0,12,2023,-19.8595,2023-12,0.6569,0.3909,29.3477,12.5137,0.2071
Mannarpalayam,2024-01-01,11.6075,78.3989,-19.8595,122,21.25,20.0,2.0,1,-17.294,-16.398,-18.3515,-17.8505,-2.5655,4.5,127.0,121.5,152.75,1,2024,-21.296,2024-01,0.5249,0.2928,31.128,8.8412,0.1699
Mannarpalayam,2024-02-01,11.6075,78.3989,-21.296,109,,,,0,-19.8595,-17.294,-16.398,-19.483166666666666,-1.4364999999999988,21.25,4.5,127.0,25.75,2,2024,-21.123,2024-02,0.4431,0.2545,33.9603,6.2118,0.1159
Mannarpalayam,2024-03-01,11.6075,78.3989,-21.123,115,,,,0,-21.296,-19.8595,-17.294,-20.7595,0.1729999999999982,,21.25,4.5,21.25,3,2024,-22.337,2024-03,0.3749,0.2169,38.8361,3.4453,0.0877
Mannarpalayam,2024-04-01,11.6075,78.3989,-22.337,63,6.0,2.0,1.0,1,-21.123,-21.296,-19.8595,-21.58533333333333,-1.2139999999999986,,,21.25,6.0,4,2024,-20.363,2024-04,0.3427,0.195,41.3163,2.3606,0.0783
Mannarpalayam,2024-05-01,11.6075,78.3989,-20.363,27,192.0,72.0,2.0,1,-22.337,-21.123,-21.296,-21.27433333333333,1.974,6.0,,,198.0,5,2024,-20.384,2024-05,0.4522,0.2761,32.7331,8.1745,0.1919
Mannarpalayam,2024-06-01,11.6075,78.3989,-20.384,120,131.0,63.0,2.0,1,-20.363,-22.337,-21.123,-21.027999999999995,-0.0210000000000007,192.0,6.0,,329.0,6,2024,-20.892,2024-06,0.61,0.4012,32.2342,11.3016,0.2377
Mannarpalayam,2024-07-01,11.6075,78.3989,-20.892,125,68.25,55.0,2.0,1,-20.384,-20.363,-22.337,-20.546333333333333,-0.5079999999999991,131.0,192.0,6.0,391.25,7,2024,-18.942,2024-07,0.5635,0.3804,33.3585,13.5149,0.1951
Mannarpalayam,2024-08-01,11.6075,78.3989,-18.942,108,197.75,95.0,2.0,1,-20.892,-20.384,-20.363,-20.072666666666663,1.9499999999999995,68.25,131.0,192.0,397.0,8,2024,-19.261,2024-08,0.6622,0.454,31.6066,17.7956,0.2518
Mannarpalayam,2024-09-01,11.6075,78.3989,-19.261,120,28.0,17.0,2.0,1,-18.942,-20.892,-20.384,-19.69833333333333,-0.318999999999999,197.75,68.25,131.0,294.0,9,2024,-19.4995,2024-09,0.6599,0.4041,33.9465,14.9688,0.1871
Mannarpalayam,2024-10-01,11.6075,78.3989,-19.4995,124,207.75,113.0,2.0,1,-19.261,-18.942,-20.892,-19.234166666666663,-0.2384999999999983,28.0,197.75,68.25,433.5,10,2024,-17.7605,2024-10,0.7141,0.508,29.4083,20.0312,0.2663
Mannarpalayam,2024-11-01,11.6075,78.3989,-17.7605,112,43.25,50.0,2.0,1,-19.4995,-19.261,-18.942,-18.84033333333333,1.7389999999999972,207.75,28.0,197.75,279.0,11,2024,-9.3005,2024-11,0.3135,0.2169,28.3255,13.9857,0.2304
Mannarpalayam,2024-12-01,11.6075,78.3989,-9.3005,116,98.25,86.0,2.0,1,-17.7605,-19.4995,-19.261,-15.520166666666665,8.46,43.25,207.75,28.0,349.25,12,2024,-11.7465,2024-12,0.6435,0.4313,26.8844,17.7313,0.2719
Mannarpalayam,2025-01-01,11.6075,78.3989,-11.7465,114,5.75,8.0,2.0,1,-9.3005,-17.7605,-19.4995,-12.93583333333333,-2.446000000000001,98.25,43.25,207.75,147.25,1,2025,-14.9255,2025-01,0.5825,0.3525,27.7314,13.4657,0.2006
Mannarpalayam,2025-02-01,11.6075,78.3989,-14.9255,112,,,,0,-11.7465,-9.3005,-17.7605,-11.990833333333333,-3.1789999999999985,5.75,98.25,43.25,104.0,2,2025,-16.6385,2025-02,0.5204,0.288,31.0888,8.7563,0.1347
Mannarpalayam,2025-03-01,11.6075,78.3989,-16.6385,120,13.25,21.0,2.0,1,-14.9255,-11.7465,-9.3005,-14.43683333333333,-1.713000000000001,,5.75,98.25,19.0,3,2025,-17.926,2025-03,0.4797,0.2894,34.4053,7.0715,0.1204
Mannarpalayam,2025-04-01,11.6075,78.3989,-17.926,63,14.0,7.0,2.0,1,-16.6385,-14.9255,-11.7465,-16.496666666666666,-1.287499999999998,13.25,,5.75,27.25,4,2025,-21.753,2025-04,0.4914,0.3021,33.2663,6.6397,0.1212
Moolakadu,2021-04-01,11.8139,77.7861,-6.222,120,,,,0,-4.593,-3.865,-2.6075,-4.8933333333333335,-1.6289999999999996,,,,,4,2021,-7.2285,2021-04,0.3512,0.21,33.0514,7.8165,0.1339
Moolakadu,2021-05-01,11.8139,77.7861,-7.2285,124,,,,0,-6.222,-4.593,-3.865,-6.014500000000001,-1.0065000000000008,,,,,5,2021,-8.352,2021-05,0.3515,0.2262,34.541,9.9864,0.147
Moolakadu,2021-06-01,11.8139,77.7861,-8.352,120,,,,0,-7.2285,-6.222,-4.593,-7.267500000000001,-1.1235,,,,,6,2021,-8.784,2021-06,0.4317,0.2411,34.8113,12.5819,0.1553
Moolakadu,2021-07-01,11.8139,77.7861,-8.784,114,,,,0,-8.352,-7.2285,-6.222,-8.1215,-0.4320000000000004,,,,,7,2021,-8.96,2021-07,0.3799,0.2508,30.833,15.6628,0.2171
Moolakadu,2021-08-01,11.8139,77.7861,-8.96,125,,,,0,-8.784,-8.352,-7.2285,-8.698666666666668,-0.1760000000000001,,,,,8,2021,-8.391,2021-08,0.4172,0.2892,31.6521,16.9119,0.1757
Moolakadu,2021-09-01,11.8139,77.7861,-8.391,106,3.5,1.0,1.0,1,-8.96,-8.784,-8.352,-8.711666666666668,0.5690000000000008,,,,3.5,9,2021,-6.602,2021-09,0.5227,0.3323,30.8243,20.7458,0.2139
Moolakadu,2021-10-01,11.8139,77.7861,-6.602,124,24.0,8.0,1.0,1,-8.391,-8.96,-8.784,-7.984333333333333,1.7889999999999997,3.5,,,27.5,10,2021,-3.8055,2021-10,0.5156,0.348,29.5138,22.7345,0.2663
Moolakadu,2021-11-01,11.8139,77.7861,-3.8055,120,152.0,111.0,2.0,1,-6.602,-8.391,-8.96,-6.266166666666667,2.7965,24.0,3.5,,179.5,11,2021,-1.728,2021-11,0.3226,0.1977,28.1435,20.7997,0.3169
Moolakadu,2021-12-01,11.8139,77.7861,-1.728,124,6.5,2.0,1.0,1,-3.8055,-6.602,-8.391,-4.045166666666667,2.077500000000001,152.0,24.0,3.5,182.5,12,2021,-2.2255000000000003,2021-12,0.5058,0.2616,27.2426,19.0588,0.2501
Moolakadu,2022-01-01,11.8139,77.7861,-2.2255000000000003,124,0.5,1.0,1.0,1,-1.728,-3.8055,-6.602,-2.5863333333333336,-0.4975000000000003,6.5,152.0,24.0,159.0,1,2022,-2.8325,2022-01,0.393,0.228,27.2122,18.1622,0.183
Moolakadu,2022-02-01,11.8139,77.7861,-2.8325,112,,,,0,-2.2255000000000003,-1.728,-3.8055,-2.262,-0.6069999999999998,0.5,6.5,152.0,7.0,2,2022,-3.4210000000000003,2022-02,0.3821,0.1958,30.7018,10.6824,0.1186
Moolakadu,2022-03-01,11.8139,77.7861,-3.4210000000000003,124,1900.25,14.0,2.0,1,-2.8325,-2.2255000000000003,-1.728,-2.826333333333334,-0.5885000000000002,,0.5,6.5,1900.75,3,2022,-4.138,2022-03,0.3175,0.1786,32.0082,7.1846,0.112
Moolakadu,2022-04-01,11.8139,77.7861,-4.138,117,79.25,38.0,2.0,1,-3.4210000000000003,-2.8325,-2.2255000000000003,-3.463833333333333,-0.7169999999999996,1900.25,,0.5,1979.5,4,2022,-1.6335,2022-04,0.3508,0.2262,33.8075,9.8098,0.1316
Moolakadu,2022-05-01,11.8139,77.7861,-1.6335,32,24.0,2.0,1.0,1,-4.138,-3.4210000000000003,-2.8325,-3.064166666666667,2.5045,79.25,1900.25,,2003.5,5,2022,-1.634,2022-05,0.4691,0.2862,31.1896,17.0809,0.2017
Moolakadu,2022-06-01,11.8139,77.7861,-1.634,120,82.0,35.0,2.0,1,-1.6335,-4.138,-3.4210000000000003,-2.4685,-0.0004999999999999,24.0,79.25,1900.25,185.25,6,2022,-1.8695,2022-06,0.449,0.2895,29.8933,18.6257,0.1918
Moolakadu,2022-07-01,11.8139,77.7861,-1.8695,124,53.0,55.0,2.0,1,-1.634,-1.6335,-4.138,-1.7123333333333333,-0.2355,82.0,24.0,79.25,159.0,7,2022,-1.52,2022-07,0.4542,0.3061,30.6374,20.9973,0.2084
Moolakadu,2022-08-01,11.8139,77.7861,-1.52,122,214.75,92.0,2.0,1,-1.8695,-1.634,-1.6335,-1.6745,0.3494999999999999,53.0,82.0,24.0,349.75,8,2022,-1.6324999999999998,2022-08,0.4344,0.2892,30.4994,23.8379,0.2534
Moolakadu,2022-09-01,11.8139,77.7861,-1.6324999999999998,120,15.25,26.0,2.0,1,-1.52,-1.8695,-1.634,-1.6739999999999997,-0.1124999999999998,214.75,53.0,82.0,283.0,9,2022,-1.416,2022-09,0.3752,0.2519,30.455,22.9125,0.2456
Moolakadu,2022-10-01,11.8139,77.7861,-1.416,122,126.5,64.0,2.0,1,-1.6324999999999998,-1.52,-1.8695,-1.5228333333333337,0.2164999999999999,15.25,214.75,53.0,356.5,10,2022,-1.545,2022-10,0.4827,0.2778,27.5303,21.6653,0.26
Moolakadu,2022-11-01,11.8139,77.7861,-1.545,120,101.25,71.0,2.0,1,-1.416,-1.6324999999999998,-1.52,-1.5311666666666666,-0.129,126.5,15.25,214.75,243.0,11,2022,-1.5285,2022-11,0.4904,0.2645,26.8971,21.519,0.2548
Moolakadu,2022-12-01,11.8139,77.7861,-1.5285,120,51.0,67.0,2.0,1,-1.545,-1.416,-1.6324999999999998,-1.4965,0.0164999999999999,101.25,126.5,15.25,278.75,12,2022,-2.1915,2022-12,0.4626,0.2269,27.1917,16.4535,0.245
Moolakadu,2023-01-01,11.8139,77.7861,-2.1915,104,2.5,7.0,2.0,1,-1.5285,-1.545,-1.416,-1.755,-0.663,51.0,101.25,126.5,154.75,1,2023,-2.3535,2023-01,0.4299,0.2114,26.885,11.679,0.163
Moolakadu,2023-02-01,11.8139,77.7861,-2.3535,112,5.0,4.0,1.0,1,-2.1915,-1.5285,-1.545,-2.0245,-0.1619999999999999,2.5,51.0,101.25,58.5,2,2023,-2.584,2023-02,0.3167,0.1808,30.7385,8.2247,0.1198
Moolakadu,2023-03-01,11.8139,77.7861,-2.584,126,48.75,17.0,2.0,1,-2.3535,-2.1915,-1.5285,-2.3763333333333336,-0.2305000000000001,5.0,2.5,51.0,56.25,3,2023,-2.971,2023-03,0.3332,0.194,32.3818,7.9232,0.1231
Moolakadu,2023-04-01,11.8139,77.7861,-2.971,112,32.0,14.0,2.0,1,-2.584,-2.3535,-2.1915,-2.6361666666666665,-0.387,48.75,5.0,2.5,85.75,4,2023,-3.9735,2023-04,0.3495,0.2013,34.2244,7.2272,0.1157
Moolakadu,2023-05-01,11.8139,77.7861,-3.9735,108,95.75,64.0,2.0,1,-2.971,-2.584,-2.3535,-3.1761666666666666,-1.0025,32.0,48.75,5.0,176.5,5,2023,-4.92,2023-05,0.4169,0.2724,30.9679,16.8205,0.1756
Moolakadu,2023-06-01,11.8139,77.7861,-4.92,120,35.5,20.0,2.0,1,-3.9735,-2.971,-2.584,-3.954833333333333,-0.9465,95.75,32.0,48.75,163.25,6,2023,-5.455,2023-06,0.3704,0.2443,34.4234,14.1342,0.1622
Moolakadu,2023-07-01,11.8139,77.7861,-5.455,122,51.25,60.0,2.0,1,-4.92,-3.9735,-2.971,-4.7828333333333335,-0.5350000000000001,35.5,95.75,32.0,182.5,7,2023,-6.115,2023-07,0.4043,0.2747,32.79,14.9483,0.1645
Moolakadu,2023-08-01,11.8139,77.7861,-6.115,124,96.5,37.0,2.0,1,-5.455,-4.92,-3.9735,-5.496666666666667,-0.6600000000000001,51.25,35.5,95.75,183.25,8,2023,-5.293,2023-08,0.4317,0.2557,35.5863,11.3331,0.1367
Moolakadu,2023-09-01,11.8139,77.7861,-5.293,120,262.5,90.0,2.0,1,-6.115,-5.455,-4.92,-5.621,0.8220000000000001,96.5,51.25,35.5,410.25,9,2023,-2.18,2023-09,0.5247,0.3811,32.0212,19.5102,0.2169
Moolakadu,2023-10-01,11.8139,77.7861,-2.18,110,121.5,59.0,2.0,1,-5.293,-6.115,-5.455,-4.529333333333334,3.113,262.5,96.5,51.25,480.5,10,2023,-1.7605,2023-10,0.5714,0.3764,30.2343,20.3466,0.17
Moolakadu,2023-11-01,11.8139,77.7861,-1.7605,120,127.0,92.0,2.0,1,-2.18,-5.293,-6.115,-3.077833333333333,0.4195000000000002,121.5,262.5,96.5,511.0,11,2023,-1.945,2023-11,0.513,0.3481,27.3212,20.3204,0.2163
Moolakadu,2023-12-01,11.8139,77.7861,-1.945,122,4.5,9.0,2.0,1,-1.7605,-2.18,-5.293,-1.961833333333333,-0.1845000000000001,127.0,121.5,262.5,253.0,12,2023,-2.3215000000000003,2023-12,0.4847,0.2907,27.8808,14.7086,0.1592
Moolakadu,2024-01-01,11.8139,77.7861,-2.3215000000000003,124,21.25,20.0,2.0,1,-1.945,-1.7605,-2.18,-2.0090000000000003,-0.3765000000000003,4.5,127.0,121.5,152.75,1,2024,-3.4695,2024-01,0.4294,0.2342,28.41,11.5219,0.1299
Moolakadu,2024-02-01,11.8139,77.7861,-3.4695,116,,,,0,-2.3215000000000003,-1.945,-1.7605,-2.578666666666667,-1.1479999999999997,21.25,4.5,127.0,25.75,2,2024,-5.369,2024-02,0.3185,0.1813,31.8533,6.9524,0.0916
Moolakadu,2024-03-01,11.8139,77.7861,-5.369,122,,,,0,-3.4695,-2.3215000000000003,-1.945,-3.72,-1.8995,,21.25,4.5,21.25,3,2024,-7.114000000000001,2024-03,0.2824,0.1609,35.1105,2.7262,0.0754
Moolakadu,2024-04-01,11.8139,77.7861,-7.114000000000001,120,6.0,2.0,1.0,1,-5.369,-3.4695,-2.3215000000000003,-5.3175,-1.745000000000001,,,21.25,6.0,4,2024,-7.882,2024-04,0.2789,0.1636,37.5763,2.6218,0.0737
Moolakadu,2024-05-01,11.8139,77.7861,-7.882,122,192.0,72.0,2.0,1,-7.114000000000001,-5.369,-3.4695,-6.788333333333334,-0.7679999999999989,6.0,,,198.0,5,2024,-6.1155,2024-05,0.4686,0.2918,33.4261,10.9681,0.1775
Moolakadu,2024-06-01,11.8139,77.7861,-6.1155,120,131.0,63.0,2.0,1,-7.882,-7.114000000000001,-5.369,-7.037166666666667,1.7664999999999995,192.0,6.0,,329.0,6,2024,-4.016500000000001,2024-06,0.5632,0.3976,31.8736,16.1746,0.1962
Moolakadu,2024-07-01,11.8139,77.7861,-4.016500000000001,124,68.25,55.0,2.0,1,-6.1155,-7.882,-7.114000000000001,-6.004666666666668,2.0989999999999998,131.0,192.0,6.0,391.25,7,2024,-3.944,2024-07,0.4955,0.3473,30.6339,18.9866,0.1818
Moolakadu,2024-08-01,11.8139,77.7861,-3.944,123,197.75,95.0,2.0,1,-4.016500000000001,-6.1155,-7.882,-4.692,0.0725000000000006,68.25,131.0,192.0,397.0,8,2024,-3.883,2024-08,0.4174,0.2859,27.8546,21.5587,0.224
Moolakadu,2024-09-01,11.8139,77.7861,-3.883,121,28.0,17.0,2.0,1,-3.944,-4.016500000000001,-6.1155,-3.947833333333334,0.0609999999999999,197.75,68.25,131.0,294.0,9,2024,-3.768,2024-09,0.3604,0.2318,31.5269,19.4557,0.1542
Moolakadu,2024-10-01,11.8139,77.7861,-3.768,124,207.75,113.0,2.0,1,-3.883,-3.944,-4.016500000000001,-3.865,0.1150000000000002,28.0,197.75,68.25,433.5,10,2024,-2.3275,2024-10,0.5607,0.3397,28.1577,23.5271,0.2579
Moolakadu,2024-11-01,11.8139,77.7861,-2.3275,118,43.25,50.0,2.0,1,-3.768,-3.883,-3.944,-3.326166666666667,1.4405,207.75,28.0,197.75,279.0,11,2024,-2.531,2024-11,0.5021,0.2815,26.1498,18.281,0.2068
Moolakadu,2024-12-01,11.8139,77.7861,-2.531,124,98.25,86.0,2.0,1,-2.3275,-3.768,-3.883,-2.8755,-0.2035,43.25,207.75,28.0,349.25,12,2024,-2.873,2024-12,0.496,0.2616,25.8346,19.7456,0.241
Moolakadu,2025-01-01,11.8139,77.7861,-2.873,122,5.75,8.0,2.0,1,-2.531,-2.3275,-3.768,-2.577166666666667,-0.3420000000000005,98.25,43.25,207.75,147.25,1,2025,-3.9355,2025-01,0.4426,0.2226,25.638,14.9645,0.1599
Moolakadu,2025-02-01,11.8139,77.7861,-3.9355,112,,,,0,-2.873,-2.531,-2.3275,-3.113166666666667,-1.0625,5.75,98.25,43.25,104.0,2,2025,-4.903,2025-02,0.3249,0.1748,29.2182,8.4478,0.1081
Moolakadu,2025-03-01,11.8139,77.7861,-4.903,112,13.25,21.0,2.0,1,-3.9355,-2.873,-2.531,-3.9038333333333335,-0.9674999999999994,,5.75,98.25,19.0,3,2025,-5.717,2025-03,0.3158,0.1673,31.4968,5.1347,0.104
Murungapatty,2021-06-01,11.6414,78.0389,-8.847999999999999,120,,,,0,-7.915,-6.624499999999999,-6.3405000000000005,-7.795833333333332,-0.9329999999999988,,,,,6,2021,-8.3325,2021-06,0.5217,0.3163,38.8699,9.6026,0.1683
Murungapatty,2021-07-01,11.6414,78.0389,-8.3325,116,,,,0,-8.847999999999999,-7.915,-6.624499999999999,-8.365166666666667,0.5154999999999994,,,,,7,2021,-7.441,2021-07,0.6036,0.4233,31.6897,14.6015,0.2283
Murungapatty,2021-08-01,11.6414,78.0389,-7.441,125,,,,0,-8.3325,-8.847999999999999,-7.915,-8.207166666666666,0.8914999999999997,,,,,8,2021,-7.2485,2021-08,0.6579,0.4119,32.8061,15.7184,0.196
Murungapatty,2021-09-01,11.6414,78.0389,-7.2485,104,3.5,1.0,1.0,1,-7.441,-8.3325,-8.847999999999999,-7.673999999999999,0.1924999999999999,,,,3.5,9,2021,-6.0915,2021-09,0.6387,0.4048,32.3106,17.1612,0.2389
Murungapatty,2021-10-01,11.6414,78.0389,-6.0915,124,24.0,8.0,1.0,1,-7.2485,-7.441,-8.3325,-6.927,1.157,3.5,,,27.5,10,2021,-4.928,2021-10,0.6708,0.4797,30.5845,19.1676,0.284
Murungapatty,2021-11-01,11.6414,78.0389,-4.928,98,152.0,111.0,2.0,1,-6.0915,-7.2485,-7.441,-6.089333333333333,1.1635,24.0,3.5,,179.5,11,2021,-4.446,2021-11,0.379,0.2487,29.1312,19.209,0.3406
Murungapatty,2022-01-01,11.6414,78.0389,-4.446,86,0.5,1.0,1.0,1,-4.928,-6.0915,-7.2485,-5.155166666666666,0.4820000000000002,152.0,24.0,3.5,176.5,1,2022,-5.2075,2022-01,0.5796,0.3501,29.5116,16.5217,0.2099
Murungapatty,2022-02-01,11.6414,78.0389,-5.2075,112,,,,0,-4.446,-4.928,-6.0915,-4.860499999999999,-0.7614999999999998,0.5,152.0,24.0,152.5,2,2022,-6.2620000000000005,2022-02,0.4783,0.2716,34.5425,9.5095,0.143
Murungapatty,2022-03-01,11.6414,78.0389,-6.2620000000000005,124,1900.25,14.0,2.0,1,-5.2075,-4.446,-4.928,-5.305166666666666,-1.0545000000000009,,0.5,152.0,1900.75,3,2022,-7.142,2022-03,0.427,0.2551,37.1437,7.3584,0.1269
Murungapatty,2022-04-01,11.6414,78.0389,-7.142,117,79.25,38.0,2.0,1,-6.2620000000000005,-5.2075,-4.446,-6.203833333333333,-0.8799999999999999,1900.25,,0.5,1979.5,4,2022,-6.906,2022-04,0.4929,0.2989,37.4191,8.9854,0.1503
Murungapatty,2022-05-01,11.6414,78.0389,-6.906,33,24.0,2.0,1.0,1,-7.142,-6.2620000000000005,-5.2075,-6.77,0.2360000000000006,79.25,1900.25,,2003.5,5,2022,-7.1045,2022-05,0.5766,0.3735,35.4269,12.455,0.2116
Murungapatty,2022-06-01,11.6414,78.0389,-7.1045,120,82.0,35.0,2.0,1,-6.906,-7.142,-6.2620000000000005,-7.050833333333332,-0.1985000000000001,24.0,79.25,1900.25,185.25,6,2022,-7.681,2022-06,0.5931,0.3769,35.0931,14.237,0.2021
Murungapatty,2022-07-01,11.6414,78.0389,-7.681,124,53.0,55.0,2.0,1,-7.1045,-6.906,-7.142,-7.230499999999999,-0.5765000000000002,82.0,24.0,79.25,159.0,7,2022,-5.5135000000000005,2022-07,0.5702,0.391,34.8339,14.5133,0.222
Murungapatty,2022-08-01,11.6414,78.0389,-5.5135000000000005,124,214.75,92.0,2.0,1,-7.681,-7.1045,-6.906,-6.766333333333333,2.1674999999999995,53.0,82.0,24.0,349.75,8,2022,-4.218,2022-08,0.6544,0.4351,32.2499,19.4154,0.259
Murungapatty,2022-09-01,11.6414,78.0389,-4.218,120,15.25,26.0,2.0,1,-5.5135000000000005,-7.681,-7.1045,-5.804166666666666,1.2955000000000003,214.75,53.0,82.0,283.0,9,2022,-4.163,2022-09,0.487,0.3431,34.0072,20.1471,0.2587
Murungapatty,2022-10-01,11.6414,78.0389,-4.163,112,126.5,64.0,2.0,1,-4.218,-5.5135000000000005,-7.681,-4.631499999999999,0.0549999999999997,15.25,214.75,53.0,356.5,10,2022,-2.066,2022-10,0.6384,0.452,27.7165,20.0009,0.2754
Murungapatty,2022-11-01,11.6414,78.0389,-2.066,120,101.25,71.0,2.0,1,-4.163,-4.218,-5.5135000000000005,-3.4823333333333326,2.0970000000000004,126.5,15.25,214.75,243.0,11,2022,-2.064,2022-11,0.6748,0.4078,28.7901,19.8463,0.2741
Murungapatty,2022-12-01,11.6414,78.0389,-2.064,122,51.0,67.0,2.0,1,-2.066,-4.163,-4.218,-2.764333333333333,0.0019999999999997,101.25,126.5,15.25,278.75,12,2022,-2.7145,2022-12,0.6234,0.3612,29.9344,14.8696,0.2635
Murungapatty,2023-01-01,11.6414,78.0389,-2.7145,124,2.5,7.0,2.0,1,-2.064,-2.066,-4.163,-2.2814999999999994,-0.6505000000000001,51.0,101.25,126.5,154.75,1,2023,-3.262,2023-01,0.5726,0.3079,30.0414,9.4267,0.1917
Murungapatty,2023-02-01,11.6414,78.0389,-3.262,113,5.0,4.0,1.0,1,-2.7145,-2.064,-2.066,-2.680166666666666,-0.5474999999999999,2.5,51.0,101.25,58.5,2,2023,-3.997,2023-02,0.4433,0.2648,33.7961,6.6658,0.1412
Murungapatty,2023-03-01,11.6414,78.0389,-3.997,116,48.75,17.0,2.0,1,-3.262,-2.7145,-2.064,-3.324499999999999,-0.7349999999999999,5.0,2.5,51.0,56.25,3,2023,-4.672000000000001,2023-03,0.4376,0.2661,36.6155,5.9824,0.1377
Murungapatty,2023-04-01,11.6414,78.0389,-4.672000000000001,116,32.0,14.0,2.0,1,-3.997,-3.262,-2.7145,-3.976999999999999,-0.6750000000000007,48.75,5.0,2.5,85.75,4,2023,-4.042,2023-04,0.4381,0.2417,38.9981,5.4415,0.1282
Murungapatty,2023-05-01,11.6414,78.0389,-4.042,103,95.75,64.0,2.0,1,-4.672000000000001,-3.997,-3.262,-4.236999999999999,0.6300000000000008,32.0,48.75,5.0,176.5,5,2023,-4.127,2023-05,0.5591,0.3764,33.4976,14.9723,0.187
Murungapatty,2023-06-01,11.6414,78.0389,-4.127,117,35.5,20.0,2.0,1,-4.042,-4.672000000000001,-3.997,-4.280333333333332,-0.0849999999999999,95.75,32.0,48.75,163.25,6,2023,-4.26,2023-06,0.5814,0.3462,36.3977,13.7054,0.173
Murungapatty,2023-07-01,11.6414,78.0389,-4.26,124,51.25,60.0,2.0,1,-4.127,-4.042,-4.672000000000001,-4.142999999999999,-0.133,35.5,95.75,32.0,182.5,7,2023,-4.886,2023-07,0.5657,0.3663,35.863,12.0157,0.1771
Murungapatty,2023-08-01,11.6414,78.0389,-4.886,124,96.5,37.0,2.0,1,-4.26,-4.127,-4.042,-4.424333333333332,-0.6260000000000003,51.25,35.5,95.75,183.25,8,2023,-4.656000000000001,2023-08,0.568,0.3326,36.5226,9.8723,0.1669
Murungapatty,2023-09-01,11.6414,78.0389,-4.656000000000001,120,262.5,90.0,2.0,1,-4.886,-4.26,-4.127,-4.600666666666666,0.2299999999999995,96.5,51.25,35.5,410.25,9,2023,-4.73,2023-09,0.607,0.4081,34.2135,15.923,0.2418
Murungapatty,2023-10-01,11.6414,78.0389,-4.73,110,121.5,59.0,2.0,1,-4.656000000000001,-4.886,-4.26,-4.7573333333333325,-0.0739999999999998,262.5,96.5,51.25,480.5,10,2023,-4.5795,2023-10,0.6683,0.4323,32.4609,16.2214,0.1915
Murungapatty,2023-11-01,11.6414,78.0389,-4.5795,120,127.0,92.0,2.0,1,-4.73,-4.656000000000001,-4.886,-4.655166666666666,0.1505000000000009,121.5,262.5,96.5,511.0,11,2023,-4.4155,2023-11,0.6574,0.4483,28.4118,17.9542,0.2407
Murungapatty,2023-12-01,11.6414,78.0389,-4.4155,120,4.5,9.0,2.0,1,-4.5795,-4.73,-4.656000000000001,-4.574999999999999,0.1639999999999997,127.0,121.5,262.5,253.0,12,2023,-4.811,2023-12,0.6511,0.3905,29.5343,11.7841,0.186
Murungapatty,2024-01-01,11.6414,78.0389,-4.811,122,21.25,20.0,2.0,1,-4.4155,-4.5795,-4.73,-4.601999999999999,-0.3955000000000002,4.5,127.0,121.5,152.75,1,2024,-6.149,2024-01,0.4837,0.2853,31.0163,9.1983,0.1514
Murungapatty,2024-02-01,11.6414,78.0389,-6.149,112,,,,0,-4.811,-4.4155,-4.5795,-5.125166666666666,-1.338,21.25,4.5,127.0,25.75,2,2024,-6.970000000000001,2024-02,0.4187,0.2397,34.7814,5.9041,0.1094
Murungapatty,2024-03-01,11.6414,78.0389,-6.970000000000001,124,,,,0,-6.149,-4.811,-4.4155,-5.976666666666667,-0.8210000000000006,,21.25,4.5,21.25,3,2024,-7.924,2024-03,0.3724,0.2125,37.628,3.0536,0.0885
Murungapatty,2024-04-01,11.6414,78.0389,-7.924,117,6.0,2.0,1.0,1,-6.970000000000001,-6.149,-4.811,-7.014333333333333,-0.9539999999999996,,,21.25,6.0,4,2024,-8.7425,2024-04,0.3546,0.2031,41.1112,2.3191,0.087
Murungapatty,2024-05-01,11.6414,78.0389,-8.7425,124,192.0,72.0,2.0,1,-7.924,-6.970000000000001,-6.149,-7.878833333333333,-0.8184999999999993,6.0,,,198.0,5,2024,-7.897,2024-05,0.4841,0.266,36.6807,9.0197,0.1947
Murungapatty,2024-06-01,11.6414,78.0389,-7.897,120,131.0,63.0,2.0,1,-8.7425,-7.924,-6.970000000000001,-8.187833333333332,0.8454999999999995,192.0,6.0,,329.0,6,2024,-8.5545,2024-06,0.5989,0.4182,33.2504,13.8069,0.2245
Murungapatty,2024-07-01,11.6414,78.0389,-8.5545,120,68.25,55.0,2.0,1,-7.897,-8.7425,-7.924,-8.398000000000001,-0.6575000000000006,131.0,192.0,6.0,391.25,7,2024,-7.612999999999999,2024-07,0.6114,0.3855,34.0924,14.3654,0.1966
Murungapatty,2024-08-01,11.6414,78.0389,-7.612999999999999,104,197.75,95.0,2.0,1,-8.5545,-7.897,-8.7425,-8.021500000000001,0.9415000000000012,68.25,131.0,192.0,397.0,8,2024,-6.96,2024-08,0.6677,0.4327,30.0665,18.0283,0.2471
Murungapatty,2024-09-01,11.6414,78.0389,-6.96,119,28.0,17.0,2.0,1,-7.612999999999999,-8.5545,-7.897,-7.709166666666666,0.6529999999999996,197.75,68.25,131.0,294.0,9,2024,-6.7885,2024-09,0.5608,0.3581,33.8341,16.1417,0.1843
Murungapatty,2024-10-01,11.6414,78.0389,-6.7885,122,207.75,113.0,2.0,1,-6.96,-7.612999999999999,-8.5545,-7.1205,0.1714999999999999,28.0,197.75,68.25,433.5,10,2024,-5.9465,2024-10,0.6921,0.4821,29.4055,20.378,0.269
Murungapatty,2024-11-01,11.6414,78.0389,-5.9465,114,43.25,50.0,2.0,1,-6.7885,-6.96,-7.612999999999999,-6.565,0.8419999999999996,207.75,28.0,197.75,279.0,11,2024,-4.4975000000000005,2024-11,0.6269,0.459,27.9424,15.8261,0.2294
Murungapatty,2024-12-01,11.6414,78.0389,-4.4975000000000005,124,98.25,86.0,2.0,1,-5.9465,-6.7885,-6.96,-5.744166666666666,1.4489999999999998,43.25,207.75,28.0,349.25,12,2024,-4.375500000000001,2024-12,0.6689,0.4302,26.9258,18.9602,0.2683
Murungapatty,2025-01-01,11.6414,78.0389,-4.375500000000001,118,5.75,8.0,2.0,1,-4.4975000000000005,-5.9465,-6.7885,-4.9398333333333335,0.1219999999999998,98.25,43.25,207.75,147.25,1,2025,-5.0205,2025-01,0.6314,0.3938,27.0481,14.3423,0.197
Murungapatty,2025-02-01,11.6414,78.0389,-5.0205,112,,,,0,-4.375500000000001,-4.4975000000000005,-5.9465,-4.631166666666666,-0.6449999999999996,5.75,98.25,43.25,104.0,2,2025,-6.136,2025-02,0.4988,0.274,31.1494,9.3905,0.1313
Murungapatty,2025-03-01,11.6414,78.0389,-6.136,120,13.25,21.0,2.0,1,-5.0205,-4.375500000000001,-4.4975000000000005,-5.177333333333333,-1.1155,,5.75,98.25,19.0,3,2025,-6.67,2025-03,0.4327,0.2609,34.0881,5.3121,0.1192
Murungapatty,2025-04-01,11.6414,78.0389,-6.67,61,14.0,7.0,2.0,1,-6.136,-5.0205,-4.375500000000001,-5.942166666666666,-0.5339999999999998,13.25,,5.75,27.25,4,2025,-5.161,2025-04,0.4908,0.3007,34.5939,5.595,0.1356
Muthiyampatti,2024-06-01,11.64942,77.895854,-26.805,120,131.0,63.0,2.0,1,-40.645,-30.4,-19.93,-32.61666666666667,13.839999999999996,192.0,6.0,,329.0,6,2024,-25.32,2024-06,0.6044,0.4282,35.1645,13.3883,0.2178
Muthiyampatti,2024-07-01,11.64942,77.895854,-25.32,124,68.25,55.0,2.0,1,-26.805,-40.645,-30.4,-30.92333333333333,1.4849999999999994,131.0,192.0,6.0,391.25,7,2024,-17.445,2024-07,0.6408,0.4408,32.9537,16.407,0.1944
Muthiyampatti,2024-08-01,11.64942,77.895854,-17.445,120,197.75,95.0,2.0,1,-25.32,-26.805,-40.645,-23.19,7.875,68.25,131.0,192.0,397.0,8,2024,-8.555,2024-08,0.6188,0.3836,31.32,17.9313,0.2428
Muthiyampatti,2024-09-01,11.64942,77.895854,-8.555,120,28.0,17.0,2.0,1,-17.445,-25.32,-26.805,-17.106666666666666,8.89,197.75,68.25,131.0,294.0,9,2024,-5.71,2024-09,0.5349,0.3151,36.7401,13.257,0.1803
Muthiyampatti,2024-10-01,11.64942,77.895854,-5.71,117,207.75,113.0,2.0,1,-8.555,-17.445,-25.32,-10.57,2.845,28.0,197.75,68.25,433.5,10,2024,-7.04,2024-10,0.6469,0.4322,31.6961,19.1009,0.2688
Muthiyampatti,2024-11-01,11.64942,77.895854,-7.04,119,43.25,50.0,2.0,1,-5.71,-8.555,-17.445,-7.101666666666667,-1.33,207.75,28.0,197.75,279.0,11,2024,-6.21,2024-11,0.6662,0.5176,29.6381,14.3906,0.2292
Muthiyampatti,2024-12-01,11.64942,77.895854,-6.21,120,98.25,86.0,2.0,1,-7.04,-5.71,-8.555,-6.32,0.8300000000000001,43.25,207.75,28.0,349.25,12,2024,-7.91,2024-12,0.6732,0.4636,27.9227,18.1808,0.2626
Muthiyampatti,2025-01-01,11.64942,77.895854,-7.91,124,5.75,8.0,2.0,1,-6.21,-7.04,-5.71,-7.053333333333334,-1.7000000000000002,98.25,43.25,207.75,147.25,1,2025,-8.215,2025-01,0.5962,0.3895,28.5828,14.0207,0.1918
Muthiyampatti,2025-02-01,11.64942,77.895854,-8.215,112,,,,0,-7.91,-6.21,-7.04,-7.445,-0.3049999999999997,5.75,98.25,43.25,104.0,2,2025,-9.14,2025-02,0.4395,0.2508,33.2445,8.2225,0.1279
Muthiyampatti,2025-03-01,11.64942,77.895854,-9.14,112,13.25,21.0,2.0,1,-8.215,-7.91,-6.21,-8.421666666666667,-0.9250000000000008,,5.75,98.25,19.0,3,2025,-10.15,2025-03,0.409,0.2327,35.6218,4.9433,0.1177
Muthiyampatti,2025-04-01,11.64942,77.895854,-10.15,104,14.0,7.0,2.0,1,-9.14,-8.215,-7.91,-9.168333333333337,-1.0099999999999998,13.25,,5.75,27.25,4,2025,-12.315,2025-04,0.4763,0.2849,34.6412,4.9911,0.1354
Muthiyampatti,2025-05-01,11.64942,77.895854,-12.315,112,216.0,75.0,2.0,1,-10.15,-9.14,-8.215,-10.535000000000002,-2.165000000000001,14.0,13.25,,243.25,5,2025,-9.81,2025-05,0.5216,0.315,36.5128,9.4153,0.2066
Muthiyampatti,2025-06-01,11.64942,77.895854,-9.81,117,69.0,32.0,2.0,1,-12.315,-10.15,-9.14,-10.758333333333336,2.505000000000001,216.0,14.0,13.25,299.0,6,2025,-11.48,2025-06,0.573,0.3807,32.618,11.7116,0.1983
Muthiyampatti,2025-07-01,11.64942,77.895854,-11.48,101,16.25,15.0,2.0,1,-9.81,-12.315,-10.15,-11.201666666666668,-1.67,69.0,216.0,14.0,301.25,7,2025,-6.37,2025-07,0.6051,0.3342,32.723,11.5381,0.1735
Muthiyampatti,2025-08-01,11.64942,77.895854,-6.37,101,84.25,46.0,2.0,1,-11.48,-9.81,-12.315,-9.22,5.11,16.25,69.0,216.0,169.5,8,2025,-4.18,2025-08,0.554,0.4087,32.5575,14.6316,0.1977
Muthiyampatti,2025-09-01,11.64942,77.895854,-4.18,109,59.75,37.0,2.0,1,-6.37,-11.48,-9.81,-7.343333333333334,2.1900000000000004,84.25,16.25,69.0,160.25,9,2025,-3.315,2025-09,0.5987,0.4456,30.1179,16.0323,0.2144
Muthiyampatti,2025-10-01,11.64942,77.895854,-3.315,18,107.25,86.0,2.0,1,-4.18,-6.37,-11.48,-4.621666666666667,0.8649999999999998,59.75,84.25,16.25,251.25,10,2025,-2.08,2025-10,0.6685,0.4459,29.3125,19.7256,0.2718
Muthiyampatti,2025-11-01,11.64942,77.895854,-2.08,25,279.75,64.0,2.0,1,-3.315,-4.18,-6.37,-3.1916666666666664,1.235,107.25,59.75,84.25,446.75,11,2025,-3.295,2025-11,0.6851,0.4919,29.18,19.8678,0.2175
Nadupatty,2024-06-01,11.87905,78.090417,-25.33,120,131.0,63.0,2.0,1,-49.825,-33.730000000000004,-26.09,-36.295,24.495000000000005,192.0,6.0,,329.0,6,2024,-20.525,2024-06,0.6653,0.4681,31.7214,14.7868,0.2188
Nadupatty,2024-07-01,11.87905,78.090417,-20.525,124,68.25,55.0,2.0,1,-25.33,-49.825,-33.730000000000004,-31.89333333333333,4.805,131.0,192.0,6.0,391.25,7,2024,-8.21,2024-07,0.6333,0.4344,30.3517,18.3796,0.1914
Nadupatty,2024-08-01,11.87905,78.090417,-8.21,120,197.75,95.0,2.0,1,-20.525,-25.33,-49.825,-18.021666666666665,12.314999999999998,68.25,131.0,192.0,397.0,8,2024,-6.220000000000001,2024-08,0.6689,0.4121,29.6702,20.2074,0.246
Nadupatty,2024-09-01,11.87905,78.090417,-6.220000000000001,120,28.0,17.0,2.0,1,-8.21,-20.525,-25.33,-11.651666666666666,1.99,197.75,68.25,131.0,294.0,9,2024,-5.51,2024-09,0.5898,0.3507,33.794,18.4043,0.18
Nadupatty,2024-10-01,11.87905,78.090417,-5.51,124,207.75,113.0,2.0,1,-6.220000000000001,-8.21,-20.525,-6.646666666666667,0.7100000000000009,28.0,197.75,68.25,433.5,10,2024,-4.22,2024-10,0.7075,0.4727,29.4773,22.015,0.273
Nadupatty,2024-11-01,11.87905,78.090417,-4.22,120,43.25,50.0,2.0,1,-5.51,-6.220000000000001,-8.21,-5.316666666666666,1.29,207.75,28.0,197.75,279.0,11,2024,-2.86,2024-11,0.5844,0.383,27.4409,15.8298,0.23
Nadupatty,2024-12-01,11.87905,78.090417,-2.86,116,98.25,86.0,2.0,1,-4.22,-5.51,-6.220000000000001,-4.196666666666666,1.36,43.25,207.75,28.0,349.25,12,2024,-3.22,2024-12,0.6638,0.4091,26.6124,18.5131,0.2803
Nadupatty,2025-01-01,11.87905,78.090417,-3.22,120,5.75,8.0,2.0,1,-2.86,-4.22,-5.51,-3.4333333333333336,-0.3600000000000003,98.25,43.25,207.75,147.25,1,2025,-3.62,2025-01,0.6154,0.3658,27.2135,14.6628,0.2074
Nadupatty,2025-02-01,11.87905,78.090417,-3.62,41,,,,0,-3.22,-2.86,-4.22,-3.233333333333333,-0.3999999999999999,5.75,98.25,43.25,104.0,2,2025,-4.41,2025-02,0.5105,0.2771,31.1665,9.1787,0.141
Nadupatty,2025-03-01,11.87905,78.090417,-4.41,53,13.25,21.0,2.0,1,-3.62,-3.22,-2.86,-3.75,-0.79,,5.75,98.25,19.0,3,2025,-5.2105,2025-03,0.4638,0.245,33.6164,5.5491,0.1216
Nadupatty,2025-04-01,11.87905,78.090417,-5.2105,104,14.0,7.0,2.0,1,-4.41,-3.62,-3.22,-4.4135,-0.8004999999999995,13.25,,5.75,27.25,4,2025,-5.8295,2025-04,0.4749,0.2631,34.9996,4.8091,0.1344
Nadupatty,2025-05-01,11.87905,78.090417,-5.8295,114,216.0,75.0,2.0,1,-5.2105,-4.41,-3.62,-5.15,-0.6189999999999998,14.0,13.25,,243.25,5,2025,-5.865,2025-05,0.5674,0.3295,32.3639,8.9392,0.2205
Nadupatty,2025-06-01,11.87905,78.090417,-5.865,24,69.0,32.0,2.0,1,-5.8295,-5.2105,-4.41,-5.634999999999999,-0.0355000000000007,216.0,14.0,13.25,299.0,6,2025,-5.71,2025-06,0.623,0.377,29.8263,12.0088,0.21
Nadupatty,2025-09-01,11.87905,78.090417,-5.71,25,59.75,37.0,2.0,1,-5.865,-5.8295,-5.2105,-5.8015,0.1550000000000002,69.0,216.0,14.0,344.75,9,2025,-5.644,2025-09,0.6912,0.4439,29.61,17.558,0.2267
Nadupatty,2025-10-01,11.87905,78.090417,-5.644,21,107.25,86.0,2.0,1,-5.71,-5.865,-5.8295,-5.739666666666667,0.0659999999999998,59.75,69.0,216.0,236.0,10,2025,-5.683,2025-10,0.68,0.5052,28.9879,19.309,0.2774
Nadupatty,2025-11-01,11.87905,78.090417,-5.683,28,279.75,64.0,2.0,1,-5.644,-5.71,-5.865,-5.678999999999999,-0.0389999999999997,107.25,59.75,69.0,446.75,11,2025,-5.853,2025-11,0.6913,0.4783,27.4788,20.3399,0.2176
Navapatti,2021-06-01,11.7464,77.7853,-9.1635,120,,,,0,-8.756499999999999,-8.2915,-7.544,-8.737166666666665,-0.407,,,,,6,2021,-7.941000000000001,2021-06,0.6635,0.4111,33.1587,16.637,0.1492
Navapatti,2021-07-01,11.7464,77.7853,-7.941000000000001,116,,,,0,-9.1635,-8.756499999999999,-8.2915,-8.620333333333333,1.2224999999999984,,,,,7,2021,-3.971,2021-07,0.5002,0.3715,29.2333,17.7256,0.2063
Navapatti,2021-08-01,11.7464,77.7853,-3.971,125,,,,0,-7.941000000000001,-9.1635,-8.756499999999999,-7.025166666666666,3.9700000000000006,,,,,8,2021,-3.204,2021-08,0.5754,0.4227,28.4784,17.6795,0.1723
Navapatti,2021-09-01,11.7464,77.7853,-3.204,121,3.5,1.0,1.0,1,-3.971,-7.941000000000001,-9.1635,-5.038666666666667,0.7669999999999999,,,,3.5,9,2021,-2.8395,2021-09,0.6678,0.4466,28.5759,20.8253,0.2119
Navapatti,2021-10-01,11.7464,77.7853,-2.8395,124,24.0,8.0,1.0,1,-3.204,-3.971,-7.941000000000001,-3.3381666666666665,0.3645,3.5,,,27.5,10,2021,-3.2335000000000003,2021-10,0.6626,0.4782,27.6909,23.1115,0.264
Navapatti,2021-11-01,11.7464,77.7853,-3.2335000000000003,120,152.0,111.0,2.0,1,-2.8395,-3.204,-3.971,-3.092333333333334,-0.3940000000000001,24.0,3.5,,179.5,11,2021,-3.149,2021-11,0.3384,0.2469,26.8409,21.5084,0.3174
Navapatti,2021-12-01,11.7464,77.7853,-3.149,124,6.5,2.0,1.0,1,-3.2335000000000003,-2.8395,-3.204,-3.074,0.0845000000000002,152.0,24.0,3.5,182.5,12,2021,-3.7165,2021-12,0.7241,0.4431,26.0752,21.3816,0.2433
Navapatti,2022-01-01,11.7464,77.7853,-3.7165,124,0.5,1.0,1.0,1,-3.149,-3.2335000000000003,-2.8395,-3.3663333333333334,-0.5674999999999999,6.5,152.0,24.0,159.0,1,2022,-7.0465,2022-01,0.6456,0.3985,25.7888,20.7533,0.1808
Navapatti,2022-02-01,11.7464,77.7853,-7.0465,112,,,,0,-3.7165,-3.149,-3.2335000000000003,-4.637333333333333,-3.33,0.5,6.5,152.0,7.0,2,2022,-7.362,2022-02,0.5656,0.3128,29.871,13.6595,0.1177
Navapatti,2022-03-01,11.7464,77.7853,-7.362,124,1900.25,14.0,2.0,1,-7.0465,-3.7165,-3.149,-6.041666666666667,-0.3155000000000001,,0.5,6.5,1900.75,3,2022,-7.9645,2022-03,0.4646,0.2773,31.4426,8.6226,0.1082
Navapatti,2022-04-01,11.7464,77.7853,-7.9645,120,79.25,38.0,2.0,1,-7.362,-7.0465,-3.7165,-7.457666666666667,-0.6025,1900.25,,0.5,1979.5,4,2022,-7.38,2022-04,0.5741,0.3747,32.8165,13.1482,0.1313
Navapatti,2022-05-01,11.7464,77.7853,-7.38,124,24.0,2.0,1.0,1,-7.9645,-7.362,-7.0465,-7.568833333333333,0.5845000000000002,79.25,1900.25,,2003.5,5,2022,-6.5785,2022-05,0.6739,0.4546,30.0597,20.5408,0.1954
Navapatti,2022-06-01,11.7464,77.7853,-6.5785,120,82.0,35.0,2.0,1,-7.38,-7.9645,-7.362,-7.307666666666667,0.8014999999999999,24.0,79.25,1900.25,185.25,6,2022,-7.071,2022-06,0.6061,0.4143,27.5395,20.6936,0.1874
Navapatti,2022-07-01,11.7464,77.7853,-7.071,68,53.0,55.0,2.0,1,-6.5785,-7.38,-7.9645,-7.009833333333333,-0.4924999999999997,82.0,24.0,79.25,159.0,7,2022,-3.274,2022-07,0.6459,0.4824,29.9615,20.5108,0.2003
Navapatti,2022-09-01,11.7464,77.7853,-3.274,102,15.25,26.0,2.0,1,-7.071,-6.5785,-7.38,-5.641166666666667,3.797,53.0,82.0,24.0,150.25,9,2022,-2.651,2022-09,0.522,0.3902,28.3032,24.0555,0.2373
Navapatti,2022-10-01,11.7464,77.7853,-2.651,123,126.5,64.0,2.0,1,-3.274,-7.071,-6.5785,-4.332,0.6230000000000002,15.25,53.0,82.0,194.75,10,2022,-2.9445,2022-10,0.6796,0.4749,27.1339,24.167,0.2514
Navapatti,2022-11-01,11.7464,77.7853,-2.9445,120,101.25,71.0,2.0,1,-2.651,-3.274,-7.071,-2.9565,-0.2935000000000003,126.5,15.25,53.0,243.0,11,2022,-3.013,2022-11,0.6793,0.4104,25.8819,23.1523,0.2496
Navapatti,2022-12-01,11.7464,77.7853,-3.013,121,51.0,67.0,2.0,1,-2.9445,-2.651,-3.274,-2.8695,-0.0684999999999997,101.25,126.5,15.25,278.75,12,2022,-3.381,2022-12,0.6563,0.3743,26.31,18.4829,0.2416
Navapatti,2023-01-01,11.7464,77.7853,-3.381,124,2.5,7.0,2.0,1,-3.013,-2.9445,-2.651,-3.112833333333333,-0.3680000000000003,51.0,101.25,126.5,154.75,1,2023,-6.6785,2023-01,0.6326,0.3439,25.5615,14.8027,0.1632
Navapatti,2023-02-01,11.7464,77.7853,-6.6785,112,5.0,4.0,1.0,1,-3.381,-3.013,-2.9445,-4.3575,-3.2974999999999994,2.5,51.0,101.25,58.5,2,2023,-7.253,2023-02,0.5146,0.2888,29.7316,10.5429,0.1193
Navapatti,2023-03-01,11.7464,77.7853,-7.253,120,48.75,17.0,2.0,1,-6.6785,-3.381,-3.013,-5.770833333333333,-0.5745000000000005,5.0,2.5,51.0,56.25,3,2023,-8.048,2023-03,0.5156,0.3016,32.0491,10.0163,0.1205
Navapatti,2023-04-01,11.7464,77.7853,-8.048,118,32.0,14.0,2.0,1,-7.253,-6.6785,-3.381,-7.3265,-0.7949999999999999,48.75,5.0,2.5,85.75,4,2023,-8.117,2023-04,0.5107,0.2984,33.8056,8.4572,0.1131
Navapatti,2023-05-01,11.7464,77.7853,-8.117,106,95.75,64.0,2.0,1,-8.048,-7.253,-6.6785,-7.806,-0.0690000000000008,32.0,48.75,5.0,176.5,5,2023,-8.492,2023-05,0.6522,0.4665,29.6943,19.6606,0.1718
Navapatti,2023-06-01,11.7464,77.7853,-8.492,120,35.5,20.0,2.0,1,-8.117,-8.048,-7.253,-8.219000000000001,-0.375,95.75,32.0,48.75,163.25,6,2023,-7.550499999999999,2023-06,0.6165,0.4122,30.9511,19.621,0.1582
Navapatti,2023-07-01,11.7464,77.7853,-7.550499999999999,124,51.25,60.0,2.0,1,-8.492,-8.117,-8.048,-8.053166666666668,0.9415000000000012,35.5,95.75,32.0,182.5,7,2023,-7.718999999999999,2023-07,0.5606,0.3976,31.2604,19.5796,0.1596
Navapatti,2023-08-01,11.7464,77.7853,-7.718999999999999,122,96.5,37.0,2.0,1,-7.550499999999999,-8.492,-8.117,-7.9205,-0.1684999999999998,51.25,35.5,95.75,183.25,8,2023,-7.5225,2023-08,0.5919,0.3546,32.2676,13.2241,0.1391
Navapatti,2023-09-01,11.7464,77.7853,-7.5225,118,262.5,90.0,2.0,1,-7.718999999999999,-7.550499999999999,-8.492,-7.597333333333332,0.1964999999999994,96.5,51.25,35.5,410.25,9,2023,-7.355,2023-09,0.6607,0.4896,28.8148,22.2461,0.2156
Navapatti,2023-10-01,11.7464,77.7853,-7.355,106,121.5,59.0,2.0,1,-7.5225,-7.718999999999999,-7.550499999999999,-7.532166666666666,0.1674999999999995,262.5,96.5,51.25,480.5,10,2023,-7.4215,2023-10,0.7223,0.4784,28.1569,22.7314,0.1696
Navapatti,2023-11-01,11.7464,77.7853,-7.4215,120,127.0,92.0,2.0,1,-7.355,-7.5225,-7.718999999999999,-7.433,-0.0664999999999995,121.5,262.5,96.5,511.0,11,2023,-7.6315,2023-11,0.6379,0.4433,25.5962,21.4827,0.2201
Navapatti,2023-12-01,11.7464,77.7853,-7.6315,122,4.5,9.0,2.0,1,-7.4215,-7.355,-7.5225,-7.469333333333334,-0.2099999999999999,127.0,121.5,262.5,253.0,12,2023,-7.724,2023-12,0.6136,0.3762,25.9244,14.8013,0.1659
Navapatti,2024-01-01,11.7464,77.7853,-7.724,122,21.25,20.0,2.0,1,-7.6315,-7.4215,-7.355,-7.592333333333333,-0.0925000000000002,4.5,127.0,121.5,152.75,1,2024,-7.637,2024-01,0.5596,0.3186,26.6688,14.5768,0.1358
Navapatti,2024-02-01,11.7464,77.7853,-7.637,116,,,,0,-7.724,-7.6315,-7.4215,-7.664166666666667,0.0869999999999997,21.25,4.5,127.0,25.75,2,2024,-7.987999999999999,2024-02,0.5045,0.2681,29.9135,8.9405,0.094
Navapatti,2024-03-01,11.7464,77.7853,-7.987999999999999,124,,,,0,-7.637,-7.724,-7.6315,-7.783,-0.3509999999999991,,21.25,4.5,21.25,3,2024,-6.2765,2024-03,0.4347,0.2166,33.6333,3.3718,0.0784
Navapatti,2024-04-01,11.7464,77.7853,-6.2765,120,6.0,2.0,1.0,1,-7.987999999999999,-7.637,-7.724,-7.300499999999999,1.7114999999999991,,,21.25,6.0,4,2024,-8.438,2024-04,0.4306,0.2423,35.2428,3.3723,0.0807
Navapatti,2024-05-01,11.7464,77.7853,-8.438,120,192.0,72.0,2.0,1,-6.2765,-7.987999999999999,-7.637,-7.5675,-2.1615,6.0,,,198.0,5,2024,-8.808,2024-05,0.5934,0.3779,30.1218,13.3054,0.1802
Navapatti,2024-06-01,11.7464,77.7853,-8.808,115,131.0,63.0,2.0,1,-8.438,-6.2765,-7.987999999999999,-7.840833333333333,-0.3699999999999992,192.0,6.0,,329.0,6,2024,-7.463,2024-06,0.701,0.485,28.5007,17.5981,0.1927
Navapatti,2024-07-01,11.7464,77.7853,-7.463,117,68.25,55.0,2.0,1,-8.808,-8.438,-6.2765,-8.236333333333334,1.3449999999999998,131.0,192.0,6.0,391.25,7,2024,-3.3235,2024-07,0.6053,0.4727,28.2639,20.6899,0.1789
Navapatti,2024-08-01,11.7464,77.7853,-3.3235,110,197.75,95.0,2.0,1,-7.463,-8.808,-8.438,-6.5315,4.1395,68.25,131.0,192.0,397.0,8,2024,-2.7935,2024-08,0.6613,0.4893,26.5196,22.8955,0.2217
Navapatti,2024-09-01,11.7464,77.7853,-2.7935,80,28.0,17.0,2.0,1,-3.3235,-7.463,-8.808,-4.526666666666666,0.5300000000000002,197.75,68.25,131.0,294.0,9,2024,-2.662,2024-09,0.583,0.3814,29.5637,23.1552,0.1556
Navapatti,2024-10-01,11.7464,77.7853,-2.662,123,207.75,113.0,2.0,1,-2.7935,-3.3235,-7.463,-2.926333333333333,0.1314999999999999,28.0,197.75,68.25,433.5,10,2024,-2.8535000000000004,2024-10,0.6972,0.498,27.1372,23.4415,0.252
Navapatti,2024-11-01,11.7464,77.7853,-2.8535000000000004,112,43.25,50.0,2.0,1,-2.662,-2.7935,-3.3235,-2.769666666666667,-0.1915000000000004,207.75,28.0,197.75,279.0,11,2024,-2.984,2024-11,0.6075,0.4001,24.2997,18.7562,0.2031
Navapatti,2024-12-01,11.7464,77.7853,-2.984,121,98.25,86.0,2.0,1,-2.8535000000000004,-2.662,-2.7935,-2.833166666666667,-0.1304999999999996,43.25,207.75,28.0,349.25,12,2024,-3.544,2024-12,0.6415,0.4023,24.8653,21.0609,0.2308
Navapatti,2025-01-01,11.7464,77.7853,-3.544,116,5.75,8.0,2.0,1,-2.984,-2.8535000000000004,-2.662,-3.127166666666666,-0.5599999999999996,98.25,43.25,207.75,147.25,1,2025,-7.017,2025-01,0.6201,0.3371,24.6481,15.4227,0.1598
Navapatti,2025-02-01,11.7464,77.7853,-7.017,112,,,,0,-3.544,-2.984,-2.8535000000000004,-4.515,-3.4730000000000008,5.75,98.25,43.25,104.0,2,2025,-7.694,2025-02,0.4724,0.2427,28.5983,8.8268,0.1079
Navapatti,2025-03-01,11.7464,77.7853,-7.694,120,13.25,21.0,2.0,1,-7.017,-3.544,-2.984,-6.085,-0.6769999999999996,,5.75,98.25,19.0,3,2025,-7.458,2025-03,0.4771,0.2821,31.0971,6.154,0.1041
Navapatti,2025-04-01,11.7464,77.7853,-7.458,114,14.0,7.0,2.0,1,-7.694,-7.017,-3.544,-7.389666666666667,0.2359999999999997,13.25,,5.75,27.25,4,2025,-7.8555,2025-04,0.5913,0.3332,30.7565,7.6675,0.1232
Navapatti,2025-05-01,11.7464,77.7853,-7.8555,112,216.0,75.0,2.0,1,-7.458,-7.694,-7.017,-7.669166666666666,-0.3974999999999999,14.0,13.25,,243.25,5,2025,-8.404,2025-05,0.6576,0.4163,28.8406,15.9901,0.1886
Navapatti,2025-06-01,11.7464,77.7853,-8.404,118,69.0,32.0,2.0,1,-7.8555,-7.458,-7.694,-7.905833333333334,-0.5484999999999998,216.0,14.0,13.25,299.0,6,2025,-3.533,2025-06,0.6751,0.4544,26.9194,19.4331,0.1764
Navapatti,2025-07-01,11.7464,77.7853,-3.533,101,16.25,15.0,2.0,1,-8.404,-7.8555,-7.458,-6.5975,4.871,69.0,216.0,14.0,301.25,7,2025,-3.128,2025-07,0.6042,0.3864,27.2646,16.8512,0.1532
Navapatti,2025-08-01,11.7464,77.7853,-3.128,95,84.25,46.0,2.0,1,-3.533,-8.404,-7.8555,-5.0216666666666665,0.4049999999999998,16.25,69.0,216.0,169.5,8,2025,-2.6745,2025-08,0.6591,0.501,27.5551,17.6657,0.1809
Navapatti,2025-09-01,11.7464,77.7853,-2.6745,110,59.75,37.0,2.0,1,-3.128,-3.533,-8.404,-3.111833333333333,0.4535,84.25,16.25,69.0,160.25,9,2025,-2.532,2025-09,0.662,0.5221,25.4495,20.5503,0.1917
Navapatti,2025-10-01,11.7464,77.7853,-2.532,56,107.25,86.0,2.0,1,-2.6745,-3.128,-3.533,-2.778166666666667,0.1425,59.75,84.25,16.25,251.25,10,2025,-2.472,2025-10,0.7178,0.4993,26.8371,22.8002,0.2576
Navapatti,2025-11-01,11.7464,77.7853,-2.472,103,279.75,64.0,2.0,1,-2.532,-2.6745,-3.128,-2.5595000000000003,0.06,107.25,59.75,84.25,446.75,11,2025,-2.5495,2025-11,0.7003,0.4875,25.3819,22.1892,0.1932
Pannavadi,2021-05-01,11.8728,77.7664,-9.2625,124,,,,0,-8.604,-7.538,0.318,-8.468166666666667,-0.6585000000000001,,,,,5,2021,-9.756,2021-05,0.3301,0.2135,37.2595,8.6601,0.1402
Pannavadi,2021-06-01,11.8728,77.7664,-9.756,120,,,,0,-9.2625,-8.604,-7.538,-9.2075,-0.4935000000000009,,,,,6,2021,-10.1655,2021-06,0.3409,0.198,37.9089,10.3247,0.1484
Pannavadi,2021-07-01,11.8728,77.7664,-10.1655,118,,,,0,-9.756,-9.2625,-8.604,-9.728,-0.4094999999999995,,,,,7,2021,-9.973,2021-07,0.3957,0.2505,32.0328,15.4103,0.2135
Pannavadi,2021-08-01,11.8728,77.7664,-9.973,125,,,,0,-10.1655,-9.756,-9.2625,-9.964833333333331,0.192499999999999,,,,,8,2021,-9.198,2021-08,0.3989,0.2721,35.5977,15.9265,0.169
Pannavadi,2021-09-01,11.8728,77.7664,-9.198,106,3.5,1.0,1.0,1,-9.973,-10.1655,-9.756,-9.778833333333331,0.7750000000000004,,,,3.5,9,2021,-7.324,2021-09,0.5556,0.3347,32.9894,19.748,0.2046
Pannavadi,2021-10-01,11.8728,77.7664,-7.324,124,24.0,8.0,1.0,1,-9.198,-9.973,-10.1655,-8.831666666666665,1.8740000000000008,3.5,,,27.5,10,2021,-4.5265,2021-10,0.573,0.3712,31.0593,21.467,0.2585
Pannavadi,2021-11-01,11.8728,77.7664,-4.5265,120,152.0,111.0,2.0,1,-7.324,-9.198,-9.973,-7.016166666666667,2.7974999999999994,24.0,3.5,,179.5,11,2021,-3.999,2021-11,0.3252,0.1984,29.2037,19.3963,0.3062
Pannavadi,2021-12-01,11.8728,77.7664,-3.999,124,6.5,2.0,1.0,1,-4.5265,-7.324,-9.198,-5.283166666666666,0.5275000000000007,152.0,24.0,3.5,182.5,12,2021,-4.964,2021-12,0.4336,0.2159,28.8269,17.7432,0.2397
Pannavadi,2022-01-01,11.8728,77.7664,-4.964,124,0.5,1.0,1.0,1,-3.999,-4.5265,-7.324,-4.4965,-0.9650000000000007,6.5,152.0,24.0,159.0,1,2022,-5.9990000000000006,2022-01,0.3604,0.2016,28.5709,16.9653,0.1692
Pannavadi,2022-02-01,11.8728,77.7664,-5.9990000000000006,112,,,,0,-4.964,-3.999,-4.5265,-4.987333333333333,-1.035,0.5,6.5,152.0,7.0,2,2022,-7.293,2022-02,0.3358,0.1888,32.2391,10.7747,0.1093
Pannavadi,2022-03-01,11.8728,77.7664,-7.293,124,1900.25,14.0,2.0,1,-5.9990000000000006,-4.964,-3.999,-6.085333333333334,-1.2939999999999996,,0.5,6.5,1900.75,3,2022,-8.047,2022-03,0.2881,0.1752,34.5813,7.333,0.1055
Pannavadi,2022-04-01,11.8728,77.7664,-8.047,119,79.25,38.0,2.0,1,-7.293,-5.9990000000000006,-4.964,-7.113,-0.7540000000000004,1900.25,,0.5,1979.5,4,2022,-4.606,2022-04,0.2932,0.1811,36.0708,8.1199,0.1233
Pannavadi,2022-05-01,11.8728,77.7664,-4.606,30,24.0,2.0,1.0,1,-8.047,-7.293,-5.9990000000000006,-6.648666666666667,3.4410000000000007,79.25,1900.25,,2003.5,5,2022,-5.354,2022-05,0.378,0.2186,32.9656,13.0398,0.1965
Pannavadi,2022-06-01,11.8728,77.7664,-5.354,120,82.0,35.0,2.0,1,-4.606,-8.047,-7.293,-6.0023333333333335,-0.7480000000000002,24.0,79.25,1900.25,185.25,6,2022,-5.917999999999999,2022-06,0.3633,0.2349,32.1636,15.7712,0.1839
Pannavadi,2022-07-01,11.8728,77.7664,-5.917999999999999,124,53.0,55.0,2.0,1,-5.354,-4.606,-8.047,-5.292666666666666,-0.5639999999999992,82.0,24.0,79.25,159.0,7,2022,-5.5075,2022-07,0.3566,0.2217,32.8084,19.0719,0.2033
Pannavadi,2022-08-01,11.8728,77.7664,-5.5075,124,214.75,92.0,2.0,1,-5.917999999999999,-5.354,-4.606,-5.593166666666666,0.410499999999999,53.0,82.0,24.0,349.75,8,2022,-3.6945,2022-08,0.395,0.2367,31.5199,21.6677,0.25
Pannavadi,2022-09-01,11.8728,77.7664,-3.6945,120,15.25,26.0,2.0,1,-5.5075,-5.917999999999999,-5.354,-5.04,1.8130000000000008,214.75,53.0,82.0,283.0,9,2022,-3.181,2022-09,0.3479,0.2294,31.8537,21.1201,0.2381
Pannavadi,2022-10-01,11.8728,77.7664,-3.181,124,126.5,64.0,2.0,1,-3.6945,-5.5075,-5.917999999999999,-4.127666666666667,0.5134999999999996,15.25,214.75,53.0,356.5,10,2022,-3.619,2022-10,0.4372,0.2344,28.7937,20.3526,0.254
Pannavadi,2022-11-01,11.8728,77.7664,-3.619,120,101.25,71.0,2.0,1,-3.181,-3.6945,-5.5075,-3.498166666666666,-0.4379999999999997,126.5,15.25,214.75,243.0,11,2022,-4.391,2022-11,0.4053,0.2213,28.5017,20.5935,0.244
Pannavadi,2022-12-01,11.8728,77.7664,-4.391,124,51.0,67.0,2.0,1,-3.619,-3.181,-3.6945,-3.730333333333333,-0.7720000000000002,101.25,126.5,15.25,278.75,12,2022,-5.3585,2022-12,0.3923,0.2022,28.1435,15.8397,0.233
Pannavadi,2023-01-01,11.8728,77.7664,-5.3585,116,2.5,7.0,2.0,1,-4.391,-3.619,-3.181,-4.456166666666666,-0.9675000000000002,51.0,101.25,126.5,154.75,1,2023,-6.231999999999999,2023-01,0.3852,0.2005,28.5751,11.6822,0.1488
Pannavadi,2023-02-01,11.8728,77.7664,-6.231999999999999,112,5.0,4.0,1.0,1,-5.3585,-4.391,-3.619,-5.327166666666667,-0.873499999999999,2.5,51.0,101.25,58.5,2,2023,-6.942,2023-02,0.2881,0.1737,32.6373,7.7666,0.109
Pannavadi,2023-03-01,11.8728,77.7664,-6.942,79,48.75,17.0,2.0,1,-6.231999999999999,-5.3585,-4.391,-6.177499999999999,-0.7100000000000009,5.0,2.5,51.0,56.25,3,2023,-7.913,2023-03,0.2864,0.1697,34.8636,6.7492,0.1147
Pannavadi,2023-04-01,11.8728,77.7664,-7.913,86,32.0,14.0,2.0,1,-6.942,-6.231999999999999,-5.3585,-7.029,-0.971,48.75,5.0,2.5,85.75,4,2023,-8.129000000000001,2023-04,0.2612,0.1582,37.4706,5.5975,0.1092
Pannavadi,2023-05-01,11.8728,77.7664,-8.129000000000001,108,95.75,64.0,2.0,1,-7.913,-6.942,-6.231999999999999,-7.661333333333334,-0.216000000000001,32.0,48.75,5.0,176.5,5,2023,-8.7845,2023-05,0.3201,0.2006,33.1283,12.9258,0.1687
Pannavadi,2023-06-01,11.8728,77.7664,-8.7845,120,35.5,20.0,2.0,1,-8.129000000000001,-7.913,-6.942,-8.275500000000001,-0.6554999999999982,95.75,32.0,48.75,163.25,6,2023,-9.4915,2023-06,0.2782,0.1788,36.994,11.1566,0.154
Pannavadi,2023-07-01,11.8728,77.7664,-9.4915,122,51.25,60.0,2.0,1,-8.7845,-8.129000000000001,-7.913,-8.801666666666668,-0.7070000000000007,35.5,95.75,32.0,182.5,7,2023,-9.866,2023-07,0.3073,0.2015,37.1271,10.1062,0.1583
Pannavadi,2023-08-01,11.8728,77.7664,-9.866,120,96.5,37.0,2.0,1,-9.4915,-8.7845,-8.129000000000001,-9.380666666666666,-0.3744999999999994,51.25,35.5,95.75,183.25,8,2023,-9.229,2023-08,0.368,0.2254,39.3087,8.4347,0.1275
Pannavadi,2023-09-01,11.8728,77.7664,-9.229,118,262.5,90.0,2.0,1,-9.866,-9.4915,-8.7845,-9.528833333333331,0.6370000000000005,96.5,51.25,35.5,410.25,9,2023,-8.575,2023-09,0.5341,0.3761,34.8793,16.0621,0.2074
Pannavadi,2023-10-01,11.8728,77.7664,-8.575,110,121.5,59.0,2.0,1,-9.229,-9.866,-9.4915,-9.223333333333333,0.6539999999999999,262.5,96.5,51.25,480.5,10,2023,-7.687,2023-10,0.5921,0.3818,32.4525,17.6283,0.1623
Pannavadi,2023-11-01,11.8728,77.7664,-7.687,120,127.0,92.0,2.0,1,-8.575,-9.229,-9.866,-8.497,0.887999999999999,121.5,262.5,96.5,511.0,11,2023,-8.003499999999999,2023-11,0.489,0.3346,29.4035,19.5038,0.2036
Pannavadi,2023-12-01,11.8728,77.7664,-8.003499999999999,122,4.5,9.0,2.0,1,-7.687,-8.575,-9.229,-8.0885,-0.3164999999999986,127.0,121.5,262.5,253.0,12,2023,-9.066,2023-12,0.5133,0.2964,29.9496,14.2263,0.1444
Pannavadi,2024-01-01,11.8728,77.7664,-9.066,124,21.25,20.0,2.0,1,-8.003499999999999,-7.687,-8.575,-8.252166666666666,-1.0625,4.5,127.0,121.5,152.75,1,2024,-9.9165,2024-01,0.405,0.2431,31.2099,10.5709,0.1157
Pannavadi,2024-02-01,11.8728,77.7664,-9.9165,114,,,,0,-9.066,-8.003499999999999,-7.687,-8.995333333333333,-0.8505000000000003,21.25,4.5,127.0,25.75,2,2024,-10.1955,2024-02,0.3367,0.2104,34.9849,6.7962,0.0819
Pannavadi,2024-03-01,11.8728,77.7664,-10.1955,124,,,,0,-9.9165,-9.066,-8.003499999999999,-9.726,-0.2789999999999999,,21.25,4.5,21.25,3,2024,-10.2495,2024-03,0.2769,0.1684,39.0669,2.7964,0.0664
Pannavadi,2024-04-01,11.8728,77.7664,-10.2495,118,6.0,2.0,1.0,1,-10.1955,-9.9165,-9.066,-10.1205,-0.054000000000002,,,21.25,6.0,4,2024,-9.9185,2024-04,0.258,0.16,42.3744,2.0742,0.0634
Pannavadi,2024-05-01,11.8728,77.7664,-9.9185,124,192.0,72.0,2.0,1,-10.2495,-10.1955,-9.9165,-10.121166666666667,0.3310000000000013,6.0,,,198.0,5,2024,-8.1295,2024-05,0.4066,0.2593,40.1919,7.8479,0.1692
Pannavadi,2024-06-01,11.8728,77.7664,-8.1295,120,131.0,63.0,2.0,1,-9.9185,-10.2495,-10.1955,-9.4325,1.7889999999999997,192.0,6.0,,329.0,6,2024,-8.3745,2024-06,0.5521,0.3945,33.8427,12.2095,0.1902
Pannavadi,2024-07-01,11.8728,77.7664,-8.3745,94,68.25,55.0,2.0,1,-8.1295,-9.9185,-10.2495,-8.8075,-0.2449999999999992,131.0,192.0,6.0,391.25,7,2024,-8.1565,2024-07,0.4452,0.2861,33.5243,15.3879,0.1755
Pannavadi,2024-08-01,11.8728,77.7664,-8.1565,104,197.75,95.0,2.0,1,-8.3745,-8.1295,-9.9185,-8.220166666666666,0.2179999999999999,68.25,131.0,192.0,397.0,8,2024,-8.695,2024-08,0.3339,0.212,30.6404,19.9144,0.2156
Pannavadi,2024-09-01,11.8728,77.7664,-8.695,121,28.0,17.0,2.0,1,-8.1565,-8.3745,-8.1295,-8.408666666666667,-0.5385000000000009,197.75,68.25,131.0,294.0,9,2024,-9.256,2024-09,0.3191,0.216,34.5688,16.3671,0.1415
Pannavadi,2024-10-01,11.8728,77.7664,-9.256,124,207.75,113.0,2.0,1,-8.695,-8.1565,-8.3745,-8.7025,-0.5609999999999999,28.0,197.75,68.25,433.5,10,2024,-7.861000000000001,2024-10,0.5123,0.3054,29.398,21.6626,0.2515
Pannavadi,2024-11-01,11.8728,77.7664,-7.861000000000001,110,43.25,50.0,2.0,1,-9.256,-8.695,-8.1565,-8.604,1.3949999999999996,207.75,28.0,197.75,279.0,11,2024,-7.208,2024-11,0.4392,0.2497,28.0637,18.1438,0.1954
Pannavadi,2024-12-01,11.8728,77.7664,-7.208,122,98.25,86.0,2.0,1,-7.861000000000001,-9.256,-8.695,-8.108333333333333,0.6530000000000005,43.25,207.75,28.0,349.25,12,2024,-7.6255,2024-12,0.4562,0.2345,26.822,19.48,0.2324
Pannavadi,2025-01-01,11.8728,77.7664,-7.6255,122,5.75,8.0,2.0,1,-7.208,-7.861000000000001,-9.256,-7.564833333333333,-0.4174999999999995,98.25,43.25,207.75,147.25,1,2025,-8.795,2025-01,0.3927,0.2125,27.1661,14.5085,0.1424
Pannavadi,2025-02-01,11.8728,77.7664,-8.795,112,,,,0,-7.6255,-7.208,-7.861000000000001,-7.876166666666666,-1.1695000000000002,5.75,98.25,43.25,104.0,2,2025,-9.728,2025-02,0.275,0.1598,31.0138,8.2526,0.0975
Pannavadi,2025-03-01,11.8728,77.7664,-9.728,122,13.25,21.0,2.0,1,-8.795,-7.6255,-7.208,-8.716166666666666,-0.9329999999999998,,5.75,98.25,19.0,3,2025,-9.985,2025-03,0.2613,0.1493,33.429,5.1462,0.0954
Pannavadi,2025-04-01,11.8728,77.7664,-9.985,115,14.0,7.0,2.0,1,-9.728,-8.795,-7.6255,-9.502666666666665,-0.2569999999999997,13.25,,5.75,27.25,4,2025,-9.3045,2025-04,0.3084,0.1697,33.2221,4.7556,0.1204
Pannavadi,2025-05-01,11.8728,77.7664,-9.3045,118,216.0,75.0,2.0,1,-9.985,-9.728,-8.795,-9.6725,0.6804999999999986,14.0,13.25,,243.25,5,2025,-5.447,2025-05,0.3325,0.2098,31.5579,10.1144,0.1978
Pannavadi,2025-06-01,11.8728,77.7664,-5.447,118,69.0,32.0,2.0,1,-9.3045,-9.985,-9.728,-8.2455,3.857500000000001,216.0,14.0,13.25,299.0,6,2025,-6.057,2025-06,0.3849,0.2175,31.1577,10.0858,0.1766
Pannavadi,2025-07-01,11.8728,77.7664,-6.057,101,16.25,15.0,2.0,1,-5.447,-9.3045,-9.985,-6.936166666666668,-0.6100000000000003,69.0,216.0,14.0,301.25,7,2025,-6.956,2025-07,0.356,0.1967,30.0645,11.023,0.1499
Pannavadi,2025-08-01,11.8728,77.7664,-6.956,95,84.25,46.0,2.0,1,-6.057,-5.447,-9.3045,-6.153333333333333,-0.899,16.25,69.0,216.0,169.5,8,2025,-6.720000000000001,2025-08,0.3416,0.2344,30.1464,17.0607,0.1785
Pannavadi,2025-09-01,11.8728,77.7664,-6.720000000000001,114,59.75,37.0,2.0,1,-6.956,-6.057,-5.447,-6.577666666666668,0.2359999999999997,84.25,16.25,69.0,160.25,9,2025,-3.766,2025-09,0.4344,0.2891,29.2217,18.1368,0.1924
Pannavadi,2025-10-01,11.8728,77.7664,-3.766,57,107.25,86.0,2.0,1,-6.720000000000001,-6.956,-6.057,-5.814,2.9540000000000006,59.75,84.25,16.25,251.25,10,2025,-4.4925,2025-10,0.5437,0.3391,28.2752,20.2418,0.2635
Pannavadi,2025-11-01,11.8728,77.7664,-4.4925,104,279.75,64.0,2.0,1,-3.766,-6.720000000000001,-6.956,-4.9928333333333335,-0.7264999999999997,107.25,59.75,84.25,446.75,11,2025,-5.512,2025-11,0.4367,0.2551,26.9217,19.4808,0.1803
Pappanaickanpatti,2021-05-01,11.7772,78.5689,-14.071000000000002,124,,,,0,-13.035,-12.609,-0.202,-13.238333333333337,-1.0360000000000014,,,,,5,2021,-14.958,2021-05,0.6871,0.4475,32.6421,16.6247,0.1562
Pappanaickanpatti,2021-06-01,11.7772,78.5689,-14.958,120,,,,0,-14.071000000000002,-13.035,-12.609,-14.021333333333333,-0.8869999999999987,,,,,6,2021,-15.24,2021-06,0.7569,0.414,32.4514,19.7325,0.172
Pappanaickanpatti,2021-07-01,11.7772,78.5689,-15.24,118,,,,0,-14.958,-14.071000000000002,-13.035,-14.756333333333336,-0.282,,,,,7,2021,-16.005,2021-07,0.6877,0.4453,29.5569,21.5288,0.2482
Pappanaickanpatti,2021-08-01,11.7772,78.5689,-16.005,123,,,,0,-15.24,-14.958,-14.071000000000002,-15.401000000000002,-0.7649999999999988,,,,,8,2021,-15.339,2021-08,0.7133,0.4939,29.3761,23.22,0.2199
Pappanaickanpatti,2021-09-01,11.7772,78.5689,-15.339,106,3.5,1.0,1.0,1,-16.005,-15.24,-14.958,-15.528,0.6659999999999986,,,,3.5,9,2021,-15.3345,2021-09,0.7656,0.5165,28.9645,24.7913,0.2498
Pappanaickanpatti,2021-10-01,11.7772,78.5689,-15.3345,124,24.0,8.0,1.0,1,-15.339,-16.005,-15.24,-15.5595,0.0045000000000001,3.5,,,27.5,10,2021,-13.1575,2021-10,0.7905,0.5446,27.5078,27.397,0.2949
Pappanaickanpatti,2021-11-01,11.7772,78.5689,-13.1575,120,152.0,111.0,2.0,1,-15.3345,-15.339,-16.005,-14.610333333333337,2.1770000000000014,24.0,3.5,,179.5,11,2021,-9.5125,2021-11,0.5316,0.358,23.7678,22.8597,0.3577
Pappanaickanpatti,2021-12-01,11.7772,78.5689,-9.5125,124,6.5,2.0,1.0,1,-13.1575,-15.3345,-15.339,-12.668166666666666,3.645,152.0,24.0,3.5,182.5,12,2021,-11.148,2021-12,0.7903,0.4986,24.8467,24.8108,0.3115
Pappanaickanpatti,2022-01-01,11.7772,78.5689,-11.148,124,0.5,1.0,1.0,1,-9.5125,-13.1575,-15.3345,-11.272666666666666,-1.6355000000000004,6.5,152.0,24.0,159.0,1,2022,-11.8805,2022-01,0.7458,0.4483,26.0022,24.7323,0.2415
Pappanaickanpatti,2022-02-01,11.7772,78.5689,-11.8805,110,,,,0,-11.148,-9.5125,-13.1575,-10.847,-0.7325000000000017,0.5,6.5,152.0,7.0,2,2022,-12.006,2022-02,0.683,0.3693,29.0961,18.6481,0.165
Pappanaickanpatti,2022-03-01,11.7772,78.5689,-12.006,124,1900.25,14.0,2.0,1,-11.8805,-11.148,-9.5125,-11.678166666666668,-0.1254999999999988,,0.5,6.5,1900.75,3,2022,-12.313,2022-03,0.5825,0.3055,30.9367,13.9369,0.1371
Pappanaickanpatti,2022-04-01,11.7772,78.5689,-12.313,117,79.25,38.0,2.0,1,-12.006,-11.8805,-11.148,-12.0665,-0.3070000000000004,1900.25,,0.5,1979.5,4,2022,-11.169,2022-04,0.6274,0.3574,33.0824,14.7991,0.1506
Pappanaickanpatti,2022-05-01,11.7772,78.5689,-11.169,29,24.0,2.0,1.0,1,-12.313,-12.006,-11.8805,-11.829333333333333,1.144,79.25,1900.25,,2003.5,5,2022,-12.0735,2022-05,0.7443,0.4437,29.8043,20.6037,0.1977
Pappanaickanpatti,2022-06-01,11.7772,78.5689,-12.0735,120,82.0,35.0,2.0,1,-11.169,-12.313,-12.006,-11.851833333333332,-0.9044999999999987,24.0,79.25,1900.25,185.25,6,2022,-12.445,2022-06,0.7476,0.4542,30.8708,21.5094,0.1955
Pappanaickanpatti,2022-07-01,11.7772,78.5689,-12.445,124,53.0,55.0,2.0,1,-12.0735,-11.169,-12.313,-11.895833333333334,-0.371500000000001,82.0,24.0,79.25,159.0,7,2022,-11.626,2022-07,0.6638,0.4274,29.0943,22.4361,0.2188
Pappanaickanpatti,2022-08-01,11.7772,78.5689,-11.626,124,214.75,92.0,2.0,1,-12.445,-12.0735,-11.169,-12.048166666666669,0.8189999999999991,53.0,82.0,24.0,349.75,8,2022,-12.4,2022-08,0.7624,0.4909,28.1863,26.4299,0.2633
Pappanaickanpatti,2022-09-01,11.7772,78.5689,-12.4,120,15.25,26.0,2.0,1,-11.626,-12.445,-12.0735,-12.156999999999998,-0.7739999999999974,214.75,53.0,82.0,283.0,9,2022,-12.604,2022-09,0.5374,0.3703,29.2821,29.0881,0.2568
Pappanaickanpatti,2022-10-01,11.7772,78.5689,-12.604,120,126.5,64.0,2.0,1,-12.4,-11.626,-12.445,-12.21,-0.2040000000000006,15.25,214.75,53.0,356.5,10,2022,-10.637,2022-10,0.763,0.5303,28.229,27.7988,0.2667
Pappanaickanpatti,2022-11-01,11.7772,78.5689,-10.637,119,101.25,71.0,2.0,1,-12.604,-12.4,-11.626,-11.880333333333333,1.9669999999999987,126.5,15.25,214.75,243.0,11,2022,-11.288,2022-11,0.7948,0.4834,25.45,26.7232,0.2709
Pappanaickanpatti,2022-12-01,11.7772,78.5689,-11.288,105,51.0,67.0,2.0,1,-10.637,-12.604,-12.4,-11.509666666666668,-0.6509999999999998,101.25,126.5,15.25,278.75,12,2022,-12.454,2022-12,0.7834,0.4238,25.7171,22.4783,0.2656
Pappanaickanpatti,2023-01-01,11.7772,78.5689,-12.454,104,2.5,7.0,2.0,1,-11.288,-10.637,-12.604,-11.459666666666667,-1.1660000000000004,51.0,101.25,126.5,154.75,1,2023,-13.238,2023-01,0.7253,0.3995,25.2604,18.1093,0.1932
Pappanaickanpatti,2023-02-01,11.7772,78.5689,-13.238,113,5.0,4.0,1.0,1,-12.454,-11.288,-10.637,-12.326666666666668,-0.7839999999999989,2.5,51.0,101.25,58.5,2,2023,-13.3385,2023-02,0.6167,0.3285,31.262,13.2677,0.1502
Pappanaickanpatti,2023-03-01,11.7772,78.5689,-13.3385,118,48.75,17.0,2.0,1,-13.238,-12.454,-11.288,-13.010166666666665,-0.1005000000000002,5.0,2.5,51.0,56.25,3,2023,-13.313,2023-03,0.5922,0.3387,31.1589,12.6911,0.1455
Pappanaickanpatti,2023-04-01,11.7772,78.5689,-13.313,118,32.0,14.0,2.0,1,-13.3385,-13.238,-12.454,-13.2965,0.0254999999999991,48.75,5.0,2.5,85.75,4,2023,-12.683,2023-04,0.6586,0.364,33.3395,12.3814,0.1285
Pappanaickanpatti,2023-05-01,11.7772,78.5689,-12.683,105,95.75,64.0,2.0,1,-13.313,-13.3385,-13.238,-13.1115,0.6300000000000008,32.0,48.75,5.0,176.5,5,2023,-13.988,2023-05,0.7335,0.4907,29.6891,25.5559,0.1848
Pappanaickanpatti,2023-06-01,11.7772,78.5689,-13.988,117,35.5,20.0,2.0,1,-12.683,-13.313,-13.3385,-13.328,-1.3049999999999995,95.75,32.0,48.75,163.25,6,2023,-15.306,2023-06,0.6999,0.45,28.714,24.1156,0.1745
Pappanaickanpatti,2023-07-01,11.7772,78.5689,-15.306,124,51.25,60.0,2.0,1,-13.988,-12.683,-13.313,-13.992333333333336,-1.3180000000000014,35.5,95.75,32.0,182.5,7,2023,-15.54,2023-07,0.6995,0.4557,29.5669,20.0705,0.185
Pappanaickanpatti,2023-08-01,11.7772,78.5689,-15.54,124,96.5,37.0,2.0,1,-15.306,-13.988,-12.683,-14.944666666666668,-0.2339999999999982,51.25,35.5,95.75,183.25,8,2023,-16.464,2023-08,0.7399,0.4151,30.0353,18.9822,0.1902
Pappanaickanpatti,2023-09-01,11.7772,78.5689,-16.464,120,262.5,90.0,2.0,1,-15.54,-15.306,-13.988,-15.77,-0.9239999999999996,96.5,51.25,35.5,410.25,9,2023,-17.4105,2023-09,0.7411,0.4833,30.1212,24.1202,0.2563
Pappanaickanpatti,2023-10-01,11.7772,78.5689,-17.4105,108,121.5,59.0,2.0,1,-16.464,-15.54,-15.306,-16.471500000000002,-0.9465000000000005,262.5,96.5,51.25,480.5,10,2023,-17.216,2023-10,0.7863,0.4395,28.0857,24.0687,0.2059
Pappanaickanpatti,2023-11-01,11.7772,78.5689,-17.216,120,127.0,92.0,2.0,1,-17.4105,-16.464,-15.54,-17.030166666666663,0.1944999999999979,121.5,262.5,96.5,511.0,11,2023,-17.058,2023-11,0.6981,0.4059,25.212,23.5688,0.2592
Pappanaickanpatti,2023-12-01,11.7772,78.5689,-17.058,120,4.5,9.0,2.0,1,-17.216,-17.4105,-16.464,-17.228166666666667,0.1580000000000012,127.0,121.5,262.5,253.0,12,2023,-17.398,2023-12,0.7766,0.4012,24.5601,18.9306,0.216
Pappanaickanpatti,2024-01-01,11.7772,78.5689,-17.398,120,21.25,20.0,2.0,1,-17.058,-17.216,-17.4105,-17.224,-0.3399999999999998,4.5,127.0,121.5,152.75,1,2024,-17.0975,2024-01,0.6783,0.3471,27.0311,16.729,0.1811
Pappanaickanpatti,2024-02-01,11.7772,78.5689,-17.0975,116,,,,0,-17.398,-17.058,-17.216,-17.1845,0.3004999999999995,21.25,4.5,127.0,25.75,2,2024,-16.381,2024-02,0.573,0.2958,29.9985,10.433,0.122
Pappanaickanpatti,2024-03-01,11.7772,78.5689,-16.381,124,,,,0,-17.0975,-17.398,-17.058,-16.95883333333333,0.7164999999999999,,21.25,4.5,21.25,3,2024,-16.878999999999998,2024-03,0.4666,0.2342,34.4017,5.7807,0.0934
Pappanaickanpatti,2024-04-01,11.7772,78.5689,-16.878999999999998,120,6.0,2.0,1.0,1,-16.381,-17.0975,-17.398,-16.785833333333333,-0.4979999999999975,,,21.25,6.0,4,2024,-17.794,2024-04,0.4134,0.2339,37.0624,3.4428,0.0806
Pappanaickanpatti,2024-05-01,11.7772,78.5689,-17.794,122,192.0,72.0,2.0,1,-16.878999999999998,-16.381,-17.0975,-17.018,-0.9150000000000028,6.0,,,198.0,5,2024,-15.6145,2024-05,0.5765,0.321,32.0776,11.0308,0.1878
Pappanaickanpatti,2024-06-01,11.7772,78.5689,-15.6145,120,131.0,63.0,2.0,1,-17.794,-16.878999999999998,-16.381,-16.7625,2.179500000000001,192.0,6.0,,329.0,6,2024,-18.091,2024-06,0.7464,0.5003,29.0091,18.5625,0.2284
Pappanaickanpatti,2024-07-01,11.7772,78.5689,-18.091,120,68.25,55.0,2.0,1,-15.6145,-17.794,-16.878999999999998,-17.166500000000003,-2.476500000000001,131.0,192.0,6.0,391.25,7,2024,-16.437,2024-07,0.6644,0.4572,29.5343,22.896,0.1855
Pappanaickanpatti,2024-08-01,11.7772,78.5689,-16.437,97,197.75,95.0,2.0,1,-18.091,-15.6145,-17.794,-16.714166666666667,1.654,68.25,131.0,192.0,397.0,8,2024,-15.0975,2024-08,0.7727,0.5157,28.0508,26.341,0.2529
Pappanaickanpatti,2024-09-01,11.7772,78.5689,-15.0975,116,28.0,17.0,2.0,1,-16.437,-18.091,-15.6145,-16.541833333333333,1.339500000000001,197.75,68.25,131.0,294.0,9,2024,-12.855,2024-09,0.7894,0.4524,28.786,26.5987,0.1869
Pappanaickanpatti,2024-10-01,11.7772,78.5689,-12.855,121,207.75,113.0,2.0,1,-15.0975,-16.437,-18.091,-14.7965,2.2425,28.0,197.75,68.25,433.5,10,2024,-11.368,2024-10,0.8128,0.5543,26.3861,30.6806,0.2651
Pappanaickanpatti,2024-11-01,11.7772,78.5689,-11.368,114,43.25,50.0,2.0,1,-12.855,-15.0975,-16.437,-13.106833333333334,1.487,207.75,28.0,197.75,279.0,11,2024,-4.044,2024-11,0.5414,0.4159,23.184,21.4858,0.2325
Pappanaickanpatti,2024-12-01,11.7772,78.5689,-4.044,121,98.25,86.0,2.0,1,-11.368,-12.855,-15.0975,-9.422333333333333,7.324000000000001,43.25,207.75,28.0,349.25,12,2024,-6.7545,2024-12,0.8011,0.5281,23.3936,24.9226,0.2776
Pappanaickanpatti,2025-01-01,11.7772,78.5689,-6.7545,118,5.75,8.0,2.0,1,-4.044,-11.368,-12.855,-7.388833333333333,-2.710500000000001,98.25,43.25,207.75,147.25,1,2025,-8.5505,2025-01,0.7548,0.4403,23.2019,22.0989,0.2078
Pappanaickanpatti,2025-02-01,11.7772,78.5689,-8.5505,112,,,,0,-6.7545,-4.044,-11.368,-6.4496666666666655,-1.7959999999999994,5.75,98.25,43.25,104.0,2,2025,-9.4255,2025-02,0.7034,0.3743,27.2877,18.8795,0.1391
Pappanaickanpatti,2025-03-01,11.7772,78.5689,-9.4255,112,13.25,21.0,2.0,1,-8.5505,-6.7545,-4.044,-8.2435,-0.875,,5.75,98.25,19.0,3,2025,-10.036,2025-03,0.6352,0.3763,30.3444,13.0576,0.1279
Pappanaickanpatti,2025-04-01,11.7772,78.5689,-10.036,63,14.0,7.0,2.0,1,-9.4255,-8.5505,-6.7545,-9.337333333333332,-0.6105,13.25,,5.75,27.25,4,2025,-15.1155,2025-04,0.6246,0.3514,29.3901,10.8273,0.1222
Pappanaickanpatti,2025-11-01,11.7772,78.5689,-15.1155,8,279.75,64.0,2.0,1,-10.036,-9.4255,-8.5505,-11.525666666666666,-5.079500000000001,14.0,13.25,,307.0,11,2025,-15.062,2025-11,0.7976,0.5397,25.2374,26.3006,0.2255
Periyakadampatty,2024-06-01,11.723386,77.992244,-5.75,120,131.0,63.0,2.0,1,-5.79,-5.515,-5.18,-5.685,0.04,192.0,6.0,,329.0,6,2024,-5.795,2024-06,0.5728,0.3837,35.3766,12.098,0.2187
Periyakadampatty,2024-07-01,11.723386,77.992244,-5.795,124,68.25,55.0,2.0,1,-5.75,-5.79,-5.515,-5.778333333333333,-0.0449999999999999,131.0,192.0,6.0,391.25,7,2024,-5.83,2024-07,0.5367,0.3452,34.3987,13.5475,0.1946
Periyakadampatty,2024-08-01,11.723386,77.992244,-5.83,104,197.75,95.0,2.0,1,-5.795,-5.75,-5.79,-5.791666666666667,-0.0350000000000001,68.25,131.0,192.0,397.0,8,2024,-5.32,2024-08,0.5989,0.3801,31.906,17.0185,0.2444
Periyakadampatty,2024-09-01,11.723386,77.992244,-5.32,116,28.0,17.0,2.0,1,-5.83,-5.795,-5.75,-5.648333333333333,0.5099999999999998,197.75,68.25,131.0,294.0,9,2024,-4.67,2024-09,0.5038,0.3134,35.7122,13.9397,0.1832
Periyakadampatty,2024-10-01,11.723386,77.992244,-4.67,124,207.75,113.0,2.0,1,-5.32,-5.83,-5.795,-5.273333333333333,0.6500000000000004,28.0,197.75,68.25,433.5,10,2024,-4.02,2024-10,0.6894,0.5251,30.3588,19.6969,0.2699
Periyakadampatty,2024-11-01,11.723386,77.992244,-4.02,116,43.25,50.0,2.0,1,-4.67,-5.32,-5.83,-4.67,0.6500000000000004,207.75,28.0,197.75,279.0,11,2024,-3.395,2024-11,0.5472,0.3584,28.6423,14.4585,0.2309
Periyakadampatty,2024-12-01,11.723386,77.992244,-3.395,124,98.25,86.0,2.0,1,-4.02,-4.67,-5.32,-4.028333333333333,0.6249999999999996,43.25,207.75,28.0,349.25,12,2024,-3.09,2024-12,0.6717,0.4385,27.4553,18.2387,0.2663
Periyakadampatty,2025-01-01,11.723386,77.992244,-3.09,124,5.75,8.0,2.0,1,-3.395,-4.02,-4.67,-3.5016666666666665,0.3050000000000001,98.25,43.25,207.75,147.25,1,2025,-3.065,2025-01,0.5679,0.3625,28.4469,12.8537,0.1962
Periyakadampatty,2025-02-01,11.723386,77.992244,-3.065,40,,,,0,-3.09,-3.395,-4.02,-3.1833333333333336,0.0249999999999999,5.75,98.25,43.25,104.0,2,2025,-3.46,2025-02,0.4385,0.2499,32.6106,7.5153,0.1303
Periyakadampatty,2025-03-01,11.723386,77.992244,-3.46,121,13.25,21.0,2.0,1,-3.065,-3.09,-3.395,-3.205,-0.395,,5.75,98.25,19.0,3,2025,-3.62,2025-03,0.4055,0.2551,35.6214,5.0958,0.1176
Periyakadampatty,2025-04-01,11.723386,77.992244,-3.62,104,14.0,7.0,2.0,1,-3.46,-3.065,-3.09,-3.3816666666666664,-0.1600000000000001,13.25,,5.75,27.25,4,2025,-3.86,2025-04,0.4451,0.2705,35.6678,4.7082,0.1361
Periyakadampatty,2025-05-01,11.723386,77.992244,-3.86,108,216.0,75.0,2.0,1,-3.62,-3.46,-3.065,-3.6466666666666665,-0.2399999999999997,14.0,13.25,,243.25,5,2025,-3.355,2025-05,0.5424,0.3222,33.6817,9.3824,0.2096
Periyakadampatty,2025-06-01,11.723386,77.992244,-3.355,82,69.0,32.0,2.0,1,-3.86,-3.62,-3.46,-3.611666666666667,0.5049999999999999,216.0,14.0,13.25,299.0,6,2025,-3.22,2025-06,0.5906,0.3861,30.3482,11.6601,0.2031
Periyakadampatty,2025-07-01,11.723386,77.992244,-3.22,36,16.25,15.0,2.0,1,-3.355,-3.86,-3.62,-3.478333333333333,0.1349999999999998,69.0,216.0,14.0,301.25,7,2025,-3.185,2025-07,0.5894,0.3284,32.3853,12.3899,0.1759
Periyakadampatty,2025-08-01,11.723386,77.992244,-3.185,104,84.25,46.0,2.0,1,-3.22,-3.355,-3.86,-3.253333333333334,0.0350000000000001,16.25,69.0,216.0,169.5,8,2025,-3.04,2025-08,0.517,0.3754,33.4794,14.2449,0.1991
Periyakadampatty,2025-09-01,11.723386,77.992244,-3.04,113,59.75,37.0,2.0,1,-3.185,-3.22,-3.355,-3.148333333333333,0.145,84.25,16.25,69.0,160.25,9,2025,-2.94,2025-09,0.5948,0.4048,30.2918,15.0884,0.2168
Pillukurichi,2021-04-01,11.6397,77.7819,-2.671,121,,,,0,-2.134,17.511000000000003,13.775,4.235333333333334,-0.5369999999999999,,,,,4,2021,-3.01,2021-04,0.4972,0.3222,36.0186,8.6741,0.1366
Pillukurichi,2021-05-01,11.6397,77.7819,-3.01,124,,,,0,-2.671,-2.134,17.511000000000003,-2.605,-0.3389999999999999,,,,,5,2021,-4.162,2021-05,0.5768,0.3843,35.136,12.6348,0.1516
Pillukurichi,2021-06-01,11.6397,77.7819,-4.162,120,,,,0,-3.01,-2.671,-2.134,-3.281,-1.152,,,,,6,2021,-4.924,2021-06,0.6006,0.3704,35.7938,13.1916,0.1543
Pillukurichi,2021-07-01,11.6397,77.7819,-4.924,112,,,,0,-4.162,-3.01,-2.671,-4.032,-0.7619999999999996,,,,,7,2021,-2.705,2021-07,0.5362,0.3661,32.891,14.3733,0.21
Pillukurichi,2021-08-01,11.6397,77.7819,-2.705,125,,,,0,-4.924,-4.162,-3.01,-3.9303333333333335,2.2189999999999994,,,,,8,2021,-1.8905,2021-08,0.5615,0.4036,33.4988,14.7252,0.1781
Pillukurichi,2021-09-01,11.6397,77.7819,-1.8905,102,3.5,1.0,1.0,1,-2.705,-4.924,-4.162,-3.1731666666666665,0.8145000000000002,,,,3.5,9,2021,-0.977,2021-09,0.6036,0.3745,32.5114,15.69,0.2176
Pillukurichi,2021-10-01,11.6397,77.7819,-0.977,91,24.0,8.0,1.0,1,-1.8905,-2.705,-4.924,-1.8575,0.9135,3.5,,,27.5,10,2021,-2.1845,2021-10,0.6294,0.4359,31.2698,19.114,0.2726
Pillukurichi,2022-03-01,11.6397,77.7819,-2.1845,64,1900.25,14.0,2.0,1,-0.977,-1.8905,-2.705,-1.684,-1.2075,24.0,3.5,,1927.75,3,2022,-2.6555,2022-03,0.4249,0.2632,36.6449,7.0624,0.1131
Pillukurichi,2022-04-01,11.6397,77.7819,-2.6555,120,79.25,38.0,2.0,1,-2.1845,-0.977,-1.8905,-1.939,-0.4710000000000001,1900.25,24.0,3.5,2003.5,4,2022,-1.823,2022-04,0.4957,0.3171,36.3333,9.6961,0.1377
Pillukurichi,2022-05-01,11.6397,77.7819,-1.823,125,24.0,2.0,1.0,1,-2.6555,-2.1845,-0.977,-2.221,0.8325,79.25,1900.25,24.0,2003.5,5,2022,-1.351,2022-05,0.6187,0.4004,32.5214,15.0026,0.2028
Pillukurichi,2022-06-01,11.6397,77.7819,-1.351,121,82.0,35.0,2.0,1,-1.823,-2.6555,-2.1845,-1.9431666666666667,0.472,24.0,79.25,1900.25,185.25,6,2022,-1.396,2022-06,0.6442,0.4348,32.149,16.6534,0.1944
Pillukurichi,2022-07-01,11.6397,77.7819,-1.396,124,53.0,55.0,2.0,1,-1.351,-1.823,-2.6555,-1.5233333333333334,-0.0449999999999999,82.0,24.0,79.25,159.0,7,2022,-0.9085,2022-07,0.6182,0.4449,31.5966,17.1276,0.2062
Pillukurichi,2022-08-01,11.6397,77.7819,-0.9085,124,214.75,92.0,2.0,1,-1.396,-1.351,-1.823,-1.2185,0.4874999999999998,53.0,82.0,24.0,349.75,8,2022,-0.901,2022-08,0.6037,0.4131,30.9144,19.1821,0.2482
Pillukurichi,2022-09-01,11.6397,77.7819,-0.901,120,15.25,26.0,2.0,1,-0.9085,-1.396,-1.351,-1.0685,0.0075,214.75,53.0,82.0,283.0,9,2022,-0.659,2022-09,0.4828,0.3268,32.7649,19.8757,0.2451
Pillukurichi,2022-10-01,11.6397,77.7819,-0.659,125,126.5,64.0,2.0,1,-0.901,-0.9085,-1.396,-0.8228333333333334,0.242,15.25,214.75,53.0,356.5,10,2022,-1.101,2022-10,0.5873,0.4005,29.1294,19.2844,0.2593
Pillukurichi,2022-11-01,11.6397,77.7819,-1.101,120,101.25,71.0,2.0,1,-0.659,-0.901,-0.9085,-0.887,-0.4419999999999999,126.5,15.25,214.75,243.0,11,2022,-1.028,2022-11,0.6138,0.3807,28.441,19.7438,0.2586
Pillukurichi,2022-12-01,11.6397,77.7819,-1.028,126,51.0,67.0,2.0,1,-1.101,-0.659,-0.901,-0.9293333333333336,0.0729999999999999,101.25,126.5,15.25,278.75,12,2022,-1.25,2022-12,0.6321,0.3738,28.6116,16.2958,0.2506
Pillukurichi,2023-01-01,11.6397,77.7819,-1.25,125,2.5,7.0,2.0,1,-1.028,-1.101,-0.659,-1.1263333333333334,-0.2219999999999999,51.0,101.25,126.5,154.75,1,2023,-2.073,2023-01,0.5965,0.3576,29.1119,11.8518,0.1714
Pillukurichi,2023-02-01,11.6397,77.7819,-2.073,113,5.0,4.0,1.0,1,-1.25,-1.028,-1.101,-1.4503333333333333,-0.823,2.5,51.0,101.25,58.5,2,2023,-2.205,2023-02,0.4406,0.2909,33.1773,7.1296,0.1262
Pillukurichi,2023-03-01,11.6397,77.7819,-2.205,125,48.75,17.0,2.0,1,-2.073,-1.25,-1.028,-1.8426666666666665,-0.1320000000000001,5.0,2.5,51.0,56.25,3,2023,-2.983,2023-03,0.4425,0.2613,36.1583,6.4316,0.1256
Pillukurichi,2023-04-01,11.6397,77.7819,-2.983,121,32.0,14.0,2.0,1,-2.205,-2.073,-1.25,-2.420333333333333,-0.778,48.75,5.0,2.5,85.75,4,2023,-2.532,2023-04,0.464,0.2652,37.5616,6.3806,0.12
Pillukurichi,2023-05-01,11.6397,77.7819,-2.532,44,95.75,64.0,2.0,1,-2.983,-2.205,-2.073,-2.5733333333333337,0.451,32.0,48.75,5.0,176.5,5,2023,-3.181,2023-05,0.602,0.4186,32.6712,16.1448,0.1773
Pillukurichi,2023-06-01,11.6397,77.7819,-3.181,48,35.5,20.0,2.0,1,-2.532,-2.983,-2.205,-2.8986666666666667,-0.649,95.75,32.0,48.75,163.25,6,2023,-3.2405,2023-06,0.6163,0.3977,33.4171,16.2974,0.164
Pillukurichi,2023-07-01,11.6397,77.7819,-3.2405,124,51.25,60.0,2.0,1,-3.181,-2.532,-2.983,-2.9845,-0.0594999999999998,35.5,95.75,32.0,182.5,7,2023,-3.815,2023-07,0.5971,0.4212,32.4776,15.0272,0.1652
Pillukurichi,2023-08-01,11.6397,77.7819,-3.815,29,96.5,37.0,2.0,1,-3.2405,-3.181,-2.532,-3.4121666666666663,-0.5745,51.25,35.5,95.75,183.25,8,2023,-3.337,2023-08,0.582,0.3629,34.8913,11.871,0.1471
Pillukurichi,2023-09-01,11.6397,77.7819,-3.337,121,262.5,90.0,2.0,1,-3.815,-3.2405,-3.181,-3.464166666666667,0.4779999999999997,96.5,51.25,35.5,410.25,9,2023,-2.098,2023-09,0.6046,0.4081,32.1638,15.1434,0.2219
Pillukurichi,2023-10-01,11.6397,77.7819,-2.098,124,121.5,59.0,2.0,1,-3.337,-3.815,-3.2405,-3.083333333333333,1.2390000000000003,262.5,96.5,51.25,480.5,10,2023,-1.512,2023-10,0.6133,0.4032,31.4459,15.5008,0.1782
Pillukurichi,2023-11-01,11.6397,77.7819,-1.512,120,127.0,92.0,2.0,1,-2.098,-3.337,-3.815,-2.3156666666666665,0.5859999999999999,121.5,262.5,96.5,511.0,11,2023,-1.8505,2023-11,0.6119,0.3874,29.4869,16.7873,0.233
Pillukurichi,2023-12-01,11.6397,77.7819,-1.8505,126,4.5,9.0,2.0,1,-1.512,-2.098,-3.337,-1.8201666666666665,-0.3385,127.0,121.5,262.5,253.0,12,2023,-1.915,2023-12,0.6222,0.3974,29.3237,11.917,0.1791
Pillukurichi,2024-01-01,11.6397,77.7819,-1.915,125,21.25,20.0,2.0,1,-1.8505,-1.512,-2.098,-1.7591666666666663,-0.0645,4.5,127.0,121.5,152.75,1,2024,-2.1180000000000003,2024-01,0.5179,0.3354,29.653,10.6553,0.1475
Pillukurichi,2024-02-01,11.6397,77.7819,-2.1180000000000003,116,,,,0,-1.915,-1.8505,-1.512,-1.9611666666666665,-0.2030000000000003,21.25,4.5,127.0,25.75,2,2024,-2.97,2024-02,0.4761,0.2914,33.3773,7.7399,0.1024
Pillukurichi,2024-03-01,11.6397,77.7819,-2.97,124,,,,0,-2.1180000000000003,-1.915,-1.8505,-2.3343333333333334,-0.8519999999999994,,21.25,4.5,21.25,3,2024,-3.016,2024-03,0.4409,0.2582,36.4755,4.8607,0.0851
Pillukurichi,2024-04-01,11.6397,77.7819,-3.016,120,6.0,2.0,1.0,1,-2.97,-2.1180000000000003,-1.915,-2.701333333333333,-0.0460000000000002,,,21.25,6.0,4,2024,-3.497,2024-04,0.4513,0.2769,37.8943,4.8429,0.0871
Pillukurichi,2024-05-01,11.6397,77.7819,-3.497,126,192.0,72.0,2.0,1,-3.016,-2.97,-2.1180000000000003,-3.161,-0.4809999999999998,6.0,,,198.0,5,2024,-2.945,2024-05,0.5537,0.3583,33.6262,11.6808,0.1869
Pillukurichi,2024-06-01,11.6397,77.7819,-2.945,120,131.0,63.0,2.0,1,-3.497,-3.016,-2.97,-3.1526666666666663,0.552,192.0,6.0,,329.0,6,2024,-2.966,2024-06,0.6503,0.4385,33.0046,15.3253,0.2013
Pillukurichi,2024-07-01,11.6397,77.7819,-2.966,124,68.25,55.0,2.0,1,-2.945,-3.497,-3.016,-3.136,-0.0210000000000003,131.0,192.0,6.0,391.25,7,2024,-1.484,2024-07,0.6067,0.4554,30.98,15.8642,0.1862
Pillukurichi,2024-08-01,11.6397,77.7819,-1.484,124,197.75,95.0,2.0,1,-2.966,-2.945,-3.497,-2.465,1.4820000000000002,68.25,131.0,192.0,397.0,8,2024,-1.431,2024-08,0.6599,0.4308,29.0669,19.3049,0.2281
Pillukurichi,2024-09-01,11.6397,77.7819,-1.431,121,28.0,17.0,2.0,1,-1.484,-2.966,-2.945,-1.960333333333333,0.0529999999999999,197.75,68.25,131.0,294.0,9,2024,-1.4275,2024-09,0.5589,0.3697,32.4639,16.5299,0.1615
Pillukurichi,2024-10-01,11.6397,77.7819,-1.4275,124,207.75,113.0,2.0,1,-1.431,-1.484,-2.966,-1.4474999999999998,0.0035,28.0,197.75,68.25,433.5,10,2024,-1.4380000000000002,2024-10,0.6478,0.4444,29.6774,19.8805,0.2597
Pillukurichi,2024-11-01,11.6397,77.7819,-1.4380000000000002,120,43.25,50.0,2.0,1,-1.4275,-1.431,-1.484,-1.4321666666666666,-0.0105000000000001,207.75,28.0,197.75,279.0,11,2024,-1.426,2024-11,0.5896,0.4256,27.5653,15.3901,0.2126
Pillukurichi,2024-12-01,11.6397,77.7819,-1.426,124,98.25,86.0,2.0,1,-1.4380000000000002,-1.4275,-1.431,-1.4304999999999997,0.0120000000000002,43.25,207.75,28.0,349.25,12,2024,-1.4095,2024-12,0.665,0.4274,27.5789,19.1283,0.2384
Pulluthikuttai,2021-06-01,11.7708,78.4278,-7.564500000000001,120,,,,0,-7.353,-7.329499999999999,-7.253,-7.415666666666667,-0.2115000000000009,,,,,6,2021,-6.629,2021-06,0.7104,0.3833,33.0584,17.7486,0.1721
Pulluthikuttai,2021-07-01,11.7708,78.4278,-6.629,116,,,,0,-7.564500000000001,-7.353,-7.329499999999999,-7.182166666666667,0.9355000000000012,,,,,7,2021,-7.769,2021-07,0.7152,0.5211,29.0726,22.2279,0.2481
Pulluthikuttai,2021-08-01,11.7708,78.4278,-7.769,123,,,,0,-6.629,-7.564500000000001,-7.353,-7.320833333333333,-1.1400000000000006,,,,,8,2021,-7.7715,2021-08,0.7092,0.4909,28.4517,20.0232,0.2194
Pulluthikuttai,2021-09-01,11.7708,78.4278,-7.7715,106,3.5,1.0,1.0,1,-7.769,-6.629,-7.564500000000001,-7.389833333333333,-0.0024999999999995,,,,3.5,9,2021,-7.9285,2021-09,0.72,0.5031,27.5182,21.1392,0.2513
Pulluthikuttai,2021-10-01,11.7708,78.4278,-7.9285,124,24.0,8.0,1.0,1,-7.7715,-7.769,-6.629,-7.823,-0.157,3.5,,,27.5,10,2021,-7.665,2021-10,0.7507,0.5073,27.0853,24.0071,0.2936
Pulluthikuttai,2021-11-01,11.7708,78.4278,-7.665,120,152.0,111.0,2.0,1,-7.9285,-7.7715,-7.769,-7.788333333333333,0.2634999999999996,24.0,3.5,,179.5,11,2021,-6.015499999999999,2021-11,0.4954,0.3443,27.3056,22.1575,0.3561
Pulluthikuttai,2021-12-01,11.7708,78.4278,-6.015499999999999,124,6.5,2.0,1.0,1,-7.665,-7.9285,-7.7715,-7.202999999999999,1.6495000000000006,152.0,24.0,3.5,182.5,12,2021,-7.1615,2021-12,0.7278,0.4613,25.6524,23.7647,0.3048
Pulluthikuttai,2022-01-01,11.7708,78.4278,-7.1615,124,0.5,1.0,1.0,1,-6.015499999999999,-7.665,-7.9285,-6.947333333333333,-1.1460000000000008,6.5,152.0,24.0,159.0,1,2022,-7.5885,2022-01,0.7294,0.4317,26.1219,23.7222,0.2362
Pulluthikuttai,2022-02-01,11.7708,78.4278,-7.5885,110,,,,0,-7.1615,-6.015499999999999,-7.665,-6.921833333333333,-0.4269999999999996,0.5,6.5,152.0,7.0,2,2022,-7.8695,2022-02,0.6564,0.3604,29.7243,17.3609,0.1603
Pulluthikuttai,2022-03-01,11.7708,78.4278,-7.8695,124,1900.25,14.0,2.0,1,-7.5885,-7.1615,-6.015499999999999,-7.539833333333334,-0.2810000000000006,,0.5,6.5,1900.75,3,2022,-8.034,2022-03,0.5586,0.2968,32.4768,12.539,0.1334
Pulluthikuttai,2022-04-01,11.7708,78.4278,-8.034,113,79.25,38.0,2.0,1,-7.8695,-7.5885,-7.1615,-7.830666666666667,-0.1645000000000003,1900.25,,0.5,1979.5,4,2022,-7.297000000000001,2022-04,0.5869,0.3353,33.5116,13.8094,0.1488
Pulluthikuttai,2022-05-01,11.7708,78.4278,-7.297000000000001,32,24.0,2.0,1.0,1,-8.034,-7.8695,-7.5885,-7.7335,0.7370000000000001,79.25,1900.25,,2003.5,5,2022,-8.8145,2022-05,0.6854,0.391,31.153,17.5615,0.1971
Pulluthikuttai,2022-06-01,11.7708,78.4278,-8.8145,120,82.0,35.0,2.0,1,-7.297000000000001,-8.034,-7.8695,-8.048499999999999,-1.5175,24.0,79.25,1900.25,185.25,6,2022,-9.3115,2022-06,0.6924,0.3656,31.7734,17.5382,0.1938
Pulluthikuttai,2022-07-01,11.7708,78.4278,-9.3115,124,53.0,55.0,2.0,1,-8.8145,-7.297000000000001,-8.034,-8.474333333333334,-0.4969999999999981,82.0,24.0,79.25,159.0,7,2022,-9.2,2022-07,0.6324,0.4535,29.3781,19.087,0.221
Pulluthikuttai,2022-08-01,11.7708,78.4278,-9.2,124,214.75,92.0,2.0,1,-9.3115,-8.8145,-7.297000000000001,-9.108666666666666,0.1114999999999994,53.0,82.0,24.0,349.75,8,2022,-9.0315,2022-08,0.7129,0.4608,29.0055,26.507,0.2627
Pulluthikuttai,2022-09-01,11.7708,78.4278,-9.0315,120,15.25,26.0,2.0,1,-9.2,-9.3115,-8.8145,-9.181,0.1684999999999981,214.75,53.0,82.0,283.0,9,2022,-9.177,2022-09,0.5578,0.3861,31.2499,26.6237,0.257
Pulluthikuttai,2022-10-01,11.7708,78.4278,-9.177,122,126.5,64.0,2.0,1,-9.0315,-9.2,-9.3115,-9.136166666666668,-0.1454999999999984,15.25,214.75,53.0,356.5,10,2022,-8.883,2022-10,0.7611,0.5359,28.3582,26.4826,0.2689
Pulluthikuttai,2022-11-01,11.7708,78.4278,-8.883,119,101.25,71.0,2.0,1,-9.177,-9.0315,-9.2,-9.030499999999998,0.2940000000000005,126.5,15.25,214.75,243.0,11,2022,-8.907,2022-11,0.7835,0.4731,26.3547,25.6704,0.2694
Pulluthikuttai,2022-12-01,11.7708,78.4278,-8.907,113,51.0,67.0,2.0,1,-8.883,-9.177,-9.0315,-8.988999999999999,-0.0240000000000009,101.25,126.5,15.25,278.75,12,2022,-9.0085,2022-12,0.7907,0.3956,26.1111,20.6934,0.2627
Pulluthikuttai,2023-01-01,11.7708,78.4278,-9.0085,114,2.5,7.0,2.0,1,-8.907,-8.883,-9.177,-8.932833333333333,-0.1014999999999997,51.0,101.25,126.5,154.75,1,2023,-9.0475,2023-01,0.7131,0.4001,26.2529,18.7555,0.1917
Pulluthikuttai,2023-02-01,11.7708,78.4278,-9.0475,112,5.0,4.0,1.0,1,-9.0085,-8.907,-8.883,-8.987666666666668,-0.0389999999999997,2.5,51.0,101.25,58.5,2,2023,-8.2485,2023-02,0.5886,0.3198,31.0025,12.3686,0.1457
Pulluthikuttai,2023-03-01,11.7708,78.4278,-8.2485,110,48.75,17.0,2.0,1,-9.0475,-9.0085,-8.907,-8.768166666666666,0.7989999999999995,5.0,2.5,51.0,56.25,3,2023,-10.843,2023-03,0.5305,0.3129,31.9497,9.9885,0.141
Pulluthikuttai,2023-04-01,11.7708,78.4278,-10.843,110,32.0,14.0,2.0,1,-8.2485,-9.0475,-9.0085,-9.379666666666669,-2.5945,48.75,5.0,2.5,85.75,4,2023,-10.7445,2023-04,0.5154,0.2593,34.76,7.1341,0.1247
Pulluthikuttai,2023-05-01,11.7708,78.4278,-10.7445,108,95.75,64.0,2.0,1,-10.843,-8.2485,-9.0475,-9.945333333333332,0.0984999999999995,32.0,48.75,5.0,176.5,5,2023,-10.83,2023-05,0.7013,0.4644,29.5989,22.9164,0.1845
Pulluthikuttai,2023-06-01,11.7708,78.4278,-10.83,121,35.5,20.0,2.0,1,-10.7445,-10.843,-8.2485,-10.805833333333334,-0.0854999999999996,95.75,32.0,48.75,163.25,6,2023,-11.023,2023-06,0.7097,0.457,30.8121,22.0594,0.1738
Pulluthikuttai,2023-07-01,11.7708,78.4278,-11.023,124,51.25,60.0,2.0,1,-10.83,-10.7445,-10.843,-10.865833333333333,-0.1929999999999996,35.5,95.75,32.0,182.5,7,2023,-11.062,2023-07,0.7057,0.4595,30.0992,20.9214,0.1844
Pulluthikuttai,2023-08-01,11.7708,78.4278,-11.062,124,96.5,37.0,2.0,1,-11.023,-10.83,-10.7445,-10.971666666666666,-0.0389999999999997,51.25,35.5,95.75,183.25,8,2023,-11.411,2023-08,0.7373,0.4244,30.5064,19.8051,0.1884
Pulluthikuttai,2023-09-01,11.7708,78.4278,-11.411,118,262.5,90.0,2.0,1,-11.062,-11.023,-10.83,-11.165333333333333,-0.3490000000000002,96.5,51.25,35.5,410.25,9,2023,-11.2995,2023-09,0.748,0.499,29.6114,24.4244,0.257
Pulluthikuttai,2023-10-01,11.7708,78.4278,-11.2995,112,121.5,59.0,2.0,1,-11.411,-11.062,-11.023,-11.2575,0.1114999999999994,262.5,96.5,51.25,480.5,10,2023,-11.2435,2023-10,0.7915,0.4694,28.3113,26.1357,0.2064
Pulluthikuttai,2023-11-01,11.7708,78.4278,-11.2435,120,127.0,92.0,2.0,1,-11.2995,-11.411,-11.062,-11.318,0.0559999999999991,121.5,262.5,96.5,511.0,11,2023,-10.9645,2023-11,0.6969,0.4403,26.5352,23.9158,0.2553
Pulluthikuttai,2023-12-01,11.7708,78.4278,-10.9645,122,4.5,9.0,2.0,1,-11.2435,-11.2995,-11.411,-11.169166666666667,0.2790000000000017,127.0,121.5,262.5,253.0,12,2023,-10.997,2023-12,0.7698,0.4137,25.6817,18.7794,0.2102
Pulluthikuttai,2024-01-01,11.7708,78.4278,-10.997,124,21.25,20.0,2.0,1,-10.9645,-11.2435,-11.2995,-11.068333333333332,-0.0325000000000006,4.5,127.0,121.5,152.75,1,2024,-11.002,2024-01,0.6752,0.377,27.9147,18.2848,0.173
Pulluthikuttai,2024-02-01,11.7708,78.4278,-11.002,115,,,,0,-10.997,-10.9645,-11.2435,-10.987833333333334,-0.0050000000000007,21.25,4.5,127.0,25.75,2,2024,-11.515,2024-02,0.5635,0.3027,30.8515,10.6721,0.1153
Pulluthikuttai,2024-03-01,11.7708,78.4278,-11.515,123,,,,0,-11.002,-10.997,-10.9645,-11.171333333333337,-0.5129999999999999,,21.25,4.5,21.25,3,2024,-12.6565,2024-03,0.4707,0.2379,34.5714,5.2634,0.0879
Pulluthikuttai,2024-04-01,11.7708,78.4278,-12.6565,120,6.0,2.0,1.0,1,-11.515,-11.002,-10.997,-11.7245,-1.1415000000000006,,,21.25,6.0,4,2024,-12.92,2024-04,0.4404,0.2248,36.9702,3.4272,0.0782
Pulluthikuttai,2024-05-01,11.7708,78.4278,-12.92,116,192.0,72.0,2.0,1,-12.6565,-11.515,-11.002,-12.363833333333332,-0.2634999999999987,6.0,,,198.0,5,2024,-12.094,2024-05,0.5479,0.341,30.0781,13.4925,0.19
Pulluthikuttai,2024-06-01,11.7708,78.4278,-12.094,13,131.0,63.0,2.0,1,-12.92,-12.6565,-11.515,-12.556833333333332,0.8260000000000005,192.0,6.0,,329.0,6,2024,-11.701,2024-06,0.7255,0.4621,29.5045,18.9541,0.232
Pulluthikuttai,2024-07-01,11.7708,78.4278,-11.701,11,68.25,55.0,2.0,1,-12.094,-12.92,-12.6565,-12.238333333333332,0.3929999999999989,131.0,192.0,6.0,391.25,7,2024,-10.6415,2024-07,0.6314,0.4465,28.4638,21.0998,0.1904
Pulluthikuttai,2024-08-01,11.7708,78.4278,-10.6415,44,197.75,95.0,2.0,1,-11.701,-12.094,-12.92,-11.478833333333334,1.0595,68.25,131.0,192.0,397.0,8,2024,-9.633,2024-08,0.772,0.5443,27.8126,26.1104,0.2529
Pulluthikuttai,2024-09-01,11.7708,78.4278,-9.633,120,28.0,17.0,2.0,1,-10.6415,-11.701,-12.094,-10.658499999999998,1.0085000000000015,197.75,68.25,131.0,294.0,9,2024,-8.6745,2024-09,0.8055,0.463,28.2864,26.2899,0.1876
Pulluthikuttai,2024-10-01,11.7708,78.4278,-8.6745,122,207.75,113.0,2.0,1,-9.633,-10.6415,-11.701,-9.649666666666668,0.958499999999999,28.0,197.75,68.25,433.5,10,2024,-6.609,2024-10,0.8058,0.5635,26.6253,28.6893,0.2664
Pulluthikuttai,2024-11-01,11.7708,78.4278,-6.609,113,43.25,50.0,2.0,1,-8.6745,-9.633,-10.6415,-8.3055,2.0655,207.75,28.0,197.75,279.0,11,2024,-5.83,2024-11,0.4635,0.3704,24.2912,20.7366,0.2312
Pulluthikuttai,2024-12-01,11.7708,78.4278,-5.83,123,98.25,86.0,2.0,1,-6.609,-8.6745,-9.633,-7.037833333333334,0.7789999999999999,43.25,207.75,28.0,349.25,12,2024,-7.1465,2024-12,0.7673,0.5257,23.8526,23.2423,0.2748
Pulluthikuttai,2025-01-01,11.7708,78.4278,-7.1465,120,5.75,8.0,2.0,1,-5.83,-6.609,-8.6745,-6.5285,-1.3164999999999996,98.25,43.25,207.75,147.25,1,2025,-7.8645,2025-01,0.7304,0.4056,24.0347,21.8354,0.2038
Pulluthikuttai,2025-02-01,11.7708,78.4278,-7.8645,112,,,,0,-7.1465,-5.83,-6.609,-6.947,-0.718,5.75,98.25,43.25,104.0,2,2025,-7.6625,2025-02,0.6941,0.3696,27.58,18.1525,0.1345
Pulluthikuttai,2025-03-01,11.7708,78.4278,-7.6625,120,13.25,21.0,2.0,1,-7.8645,-7.1465,-5.83,-7.557833333333332,0.2019999999999999,,5.75,98.25,19.0,3,2025,-8.011,2025-03,0.6327,0.3616,30.3813,11.6794,0.1209
Pulluthikuttai,2025-04-01,11.7708,78.4278,-8.011,63,14.0,7.0,2.0,1,-7.6625,-7.8645,-7.1465,-7.845999999999999,-0.3484999999999996,13.25,,5.75,27.25,4,2025,-9.196,2025-04,0.6418,0.3699,29.1612,9.7122,0.1184
Pulluthikuttai,2025-11-01,11.7708,78.4278,-9.196,3,279.75,64.0,2.0,1,-8.011,-7.6625,-7.8645,-8.289833333333332,-1.1850000000000005,14.0,13.25,,307.0,11,2025,-9.077,2025-11,0.7957,0.5603,24.6534,26.329,0.2212
Rajapalayam (TN-MWS01),2022-07-01,11.43,78.8133,-3.989,98,53.0,55.0,2.0,1,-3.8375,-3.7005,-3.597,-3.842333333333334,-0.1514999999999999,82.0,24.0,79.25,159.0,7,2022,-2.9375,2022-07,0.3909,0.2304,39.9317,8.831,0.2026
Rajapalayam (TN-MWS01),2022-08-01,11.43,78.8133,-2.9375,96,214.75,92.0,2.0,1,-3.989,-3.8375,-3.7005,-3.588,1.0515,53.0,82.0,24.0,349.75,8,2022,-2.906,2022-08,0.4453,0.2487,40.9554,13.337,0.2394
Rajapalayam (TN-MWS01),2022-09-01,11.43,78.8133,-2.906,102,15.25,26.0,2.0,1,-2.9375,-3.989,-3.8375,-3.2775,0.0315000000000003,214.75,53.0,82.0,283.0,9,2022,-1.954,2022-09,0.3981,0.2701,41.02,15.6902,0.2376
Rajapalayam (TN-MWS01),2022-10-01,11.43,78.8133,-1.954,97,126.5,64.0,2.0,1,-2.906,-2.9375,-3.989,-2.599166666666666,0.9519999999999996,15.25,214.75,53.0,356.5,10,2022,-0.9615,2022-10,0.7143,0.5546,31.3987,20.7363,0.2516
Rajapalayam (TN-MWS01),2022-11-01,11.43,78.8133,-0.9615,48,101.25,71.0,2.0,1,-1.954,-2.906,-2.9375,-1.9405,0.9925,126.5,15.25,214.75,243.0,11,2022,-1.025,2022-11,0.6824,0.4837,29.8662,20.9104,0.2656
Rajapalayam (TN-MWS01),2022-12-01,11.43,78.8133,-1.025,92,51.0,67.0,2.0,1,-0.9615,-1.954,-2.906,-1.3135,-0.0634999999999998,101.25,126.5,15.25,278.75,12,2022,-1.382,2022-12,0.5634,0.3001,30.1473,15.1592,0.2647
Rajapalayam (TN-MWS01),2023-01-01,11.43,78.8133,-1.382,105,2.5,7.0,2.0,1,-1.025,-0.9615,-1.954,-1.1228333333333331,-0.357,51.0,101.25,126.5,154.75,1,2023,-1.844,2023-01,0.498,0.278,30.265,7.6789,0.1925
Rajapalayam (TN-MWS01),2023-02-01,11.43,78.8133,-1.844,88,5.0,4.0,1.0,1,-1.382,-1.025,-0.9615,-1.4169999999999998,-0.4620000000000002,2.5,51.0,101.25,58.5,2,2023,-2.3325,2023-02,0.4605,0.3019,34.35,6.6232,0.1638
Rajapalayam (TN-MWS01),2023-03-01,11.43,78.8133,-2.3325,100,48.75,17.0,2.0,1,-1.844,-1.382,-1.025,-1.8528333333333336,-0.4884999999999999,5.0,2.5,51.0,56.25,3,2023,-2.8265,2023-03,0.4371,0.2823,36.8829,7.4662,0.1382
Rajapalayam (TN-MWS01),2023-04-01,11.43,78.8133,-2.8265,96,32.0,14.0,2.0,1,-2.3325,-1.844,-1.382,-2.3343333333333334,-0.4940000000000002,48.75,5.0,2.5,85.75,4,2023,-2.724,2023-04,0.4138,0.2419,42.3516,5.467,0.125
Rajapalayam (TN-MWS01),2023-05-01,11.43,78.8133,-2.724,90,95.75,64.0,2.0,1,-2.8265,-2.3325,-1.844,-2.627666666666667,0.1025,32.0,48.75,5.0,176.5,5,2023,-3.223,2023-05,0.4284,0.2629,38.6543,12.3491,0.1842
Rajapalayam (TN-MWS01),2023-06-01,11.43,78.8133,-3.223,94,35.5,20.0,2.0,1,-2.724,-2.8265,-2.3325,-2.9245,-0.4989999999999996,95.75,32.0,48.75,163.25,6,2023,-3.521,2023-06,0.4068,0.235,39.7976,10.876,0.1686
Rajapalayam (TN-MWS01),2023-07-01,11.43,78.8133,-3.521,99,51.25,60.0,2.0,1,-3.223,-2.724,-2.8265,-3.156,-0.298,35.5,95.75,32.0,182.5,7,2023,-3.5375,2023-07,0.3452,0.1985,40.1754,6.9926,0.1704
Rajapalayam (TN-MWS01),2023-08-01,11.43,78.8133,-3.5375,84,96.5,37.0,2.0,1,-3.521,-3.223,-2.724,-3.4271666666666665,-0.0165000000000001,51.25,35.5,95.75,183.25,8,2023,-3.3905,2023-08,0.4289,0.2595,41.286,6.6247,0.1922
Rajapalayam (TN-MWS01),2024-02-01,11.43,78.8133,-3.3905,54,,,,0,-3.5375,-3.521,-3.223,-3.483,0.1470000000000002,96.5,51.25,35.5,147.75,2,2024,-3.9035,2024-02,0.4434,0.3159,33.4534,6.491,0.1307
Rajapalayam (TN-MWS01),2024-03-01,11.43,78.8133,-3.9035,122,,,,0,-3.3905,-3.5375,-3.521,-3.6105,-0.5130000000000003,,96.5,51.25,96.5,3,2024,-4.675,2024-03,0.4002,0.287,38.703,5.2763,0.1002
Rajapalayam (TN-MWS01),2024-04-01,11.43,78.8133,-4.675,114,6.0,2.0,1.0,1,-3.9035,-3.3905,-3.5375,-3.9896666666666665,-0.7714999999999996,,,96.5,6.0,4,2024,-5.195,2024-04,0.3269,0.2272,42.9914,2.8959,0.0868
Rajapalayam (TN-MWS01),2024-05-01,11.43,78.8133,-5.195,124,192.0,72.0,2.0,1,-4.675,-3.9035,-3.3905,-4.591166666666667,-0.5200000000000005,6.0,,,198.0,5,2024,-4.594,2024-05,0.3626,0.2055,37.6757,7.0289,0.1732
Rajapalayam (TN-MWS01),2024-06-01,11.43,78.8133,-4.594,120,131.0,63.0,2.0,1,-5.195,-4.675,-3.9035,-4.821333333333333,0.601,192.0,6.0,,329.0,6,2024,-4.9155,2024-06,0.4704,0.2976,38.7661,9.6393,0.2168
Rajapalayam (TN-MWS01),2024-07-01,11.43,78.8133,-4.9155,120,68.25,55.0,2.0,1,-4.594,-5.195,-4.675,-4.9015,-0.3214999999999994,131.0,192.0,6.0,391.25,7,2024,-4.848,2024-07,0.3626,0.1981,41.9325,9.066,0.1658
Rajapalayam (TN-MWS01),2024-08-01,11.43,78.8133,-4.848,121,197.75,95.0,2.0,1,-4.9155,-4.594,-5.195,-4.785833333333334,0.0674999999999999,68.25,131.0,192.0,397.0,8,2024,-4.4615,2024-08,0.4523,0.2607,36.7595,12.1983,0.2312
Rajapalayam (TN-MWS01),2024-09-01,11.43,78.8133,-4.4615,112,28.0,17.0,2.0,1,-4.848,-4.9155,-4.594,-4.741666666666667,0.3864999999999998,197.75,68.25,131.0,294.0,9,2024,-4.291,2024-09,0.5766,0.3801,38.7941,12.1428,0.1569
Rajapalayam (TN-MWS01),2024-10-01,11.43,78.8133,-4.291,120,207.75,113.0,2.0,1,-4.4615,-4.848,-4.9155,-4.5335,0.1704999999999996,28.0,197.75,68.25,433.5,10,2024,-3.3200000000000003,2024-10,0.7478,0.5746,30.0244,20.4208,0.2536
Rajapalayam (TN-MWS01),2024-11-01,11.43,78.8133,-3.3200000000000003,118,43.25,50.0,2.0,1,-4.291,-4.4615,-4.848,-4.024166666666667,0.971,207.75,28.0,197.75,279.0,11,2024,-1.1095000000000002,2024-11,0.5244,0.352,29.1827,16.6664,0.2443
Rajapalayam (TN-MWS01),2024-12-01,11.43,78.8133,-1.1095000000000002,122,98.25,86.0,2.0,1,-3.3200000000000003,-4.291,-4.4615,-2.9068333333333336,2.2105,43.25,207.75,28.0,349.25,12,2024,-1.362,2024-12,0.5628,0.3422,27.8353,17.6274,0.2875
Rajapalayam (TN-MWS01),2025-01-01,11.43,78.8133,-1.362,120,5.75,8.0,2.0,1,-1.1095000000000002,-3.3200000000000003,-4.291,-1.9305000000000003,-0.2524999999999999,98.25,43.25,207.75,147.25,1,2025,-1.9745,2025-01,0.5295,0.3532,28.167,14.4905,0.2277
Rajapalayam (TN-MWS01),2025-02-01,11.43,78.8133,-1.9745,112,,,,0,-1.362,-1.1095000000000002,-3.3200000000000003,-1.482,-0.6124999999999998,5.75,98.25,43.25,104.0,2,2025,-2.546,2025-02,0.4526,0.2781,31.6599,6.44,0.1629
Rajapalayam (TN-MWS01),2025-03-01,11.43,78.8133,-2.546,107,13.25,21.0,2.0,1,-1.9745,-1.362,-1.1095000000000002,-1.9608333333333332,-0.5714999999999999,,5.75,98.25,19.0,3,2025,-2.9770000000000003,2025-03,0.4726,0.3206,35.4138,8.0478,0.1458
Rajapalayam (TN-MWS01),2025-04-01,11.43,78.8133,-2.9770000000000003,62,14.0,7.0,2.0,1,-2.546,-1.9745,-1.362,-2.499166666666667,-0.4310000000000005,13.25,,5.75,27.25,4,2025,-1.169,2025-04,0.4556,0.2885,36.5415,6.2929,0.1272
Rajapalayam (TN-MWS01),2025-11-01,11.43,78.8133,-1.169,13,279.75,64.0,2.0,1,-2.9770000000000003,-2.546,-1.9745,-2.2306666666666666,1.8080000000000005,14.0,13.25,,307.0,11,2025,-1.21,2025-11,0.7206,0.4659,28.4825,18.8787,0.2441
Ramagudal,2021-05-01,11.4892,77.7175,-5.118,124,,,,0,-4.954,-4.199999999999999,0.341,-4.7573333333333325,-0.1640000000000006,,,,,5,2021,-5.195,2021-05,0.5123,0.3507,36.8031,10.4061,0.1564
Ramagudal,2021-06-01,11.4892,77.7175,-5.195,120,,,,0,-5.118,-4.954,-4.199999999999999,-5.089,-0.0769999999999999,,,,,6,2021,-5.3625,2021-06,0.5161,0.3105,37.867,10.1783,0.1532
Ramagudal,2021-07-01,11.4892,77.7175,-5.3625,118,,,,0,-5.195,-5.118,-4.954,-5.2251666666666665,-0.1674999999999995,,,,,7,2021,-5.283,2021-07,0.4925,0.3118,36.0804,11.7729,0.2048
Ramagudal,2021-08-01,11.4892,77.7175,-5.283,123,,,,0,-5.3625,-5.195,-5.118,-5.280166666666667,0.0794999999999994,,,,,8,2021,-3.729,2021-08,0.5567,0.3737,36.2035,13.9237,0.1804
Ramagudal,2021-09-01,11.4892,77.7175,-3.729,107,3.5,1.0,1.0,1,-5.283,-5.3625,-5.195,-4.7915,1.5540000000000005,,,,3.5,9,2021,-2.273,2021-09,0.5811,0.3726,33.5849,13.8578,0.2104
Ramagudal,2021-10-01,11.4892,77.7175,-2.273,124,24.0,8.0,1.0,1,-3.729,-5.283,-5.3625,-3.7616666666666663,1.4560000000000004,3.5,,,27.5,10,2021,-0.617,2021-10,0.6394,0.4439,31.6602,18.4763,0.2805
Ramagudal,2021-11-01,11.4892,77.7175,-0.617,113,152.0,111.0,2.0,1,-2.273,-3.729,-5.283,-2.2063333333333333,1.6559999999999997,24.0,3.5,,179.5,11,2021,-4.402,2021-11,0.3534,0.2669,29.1176,18.924,0.3345
Ramagudal,2022-06-01,11.4892,77.7175,-4.402,38,82.0,35.0,2.0,1,-0.617,-2.273,-3.729,-2.4306666666666668,-3.785,152.0,24.0,3.5,258.0,6,2022,-4.6145,2022-06,0.6038,0.3628,34.0376,14.6112,0.1938
Ramagudal,2022-07-01,11.4892,77.7175,-4.6145,124,53.0,55.0,2.0,1,-4.402,-0.617,-2.273,-3.2111666666666667,-0.2124999999999994,82.0,152.0,24.0,287.0,7,2022,-4.259,2022-07,0.5404,0.3644,34.2386,14.4572,0.2057
Ramagudal,2022-08-01,11.4892,77.7175,-4.259,124,214.75,92.0,2.0,1,-4.6145,-4.402,-0.617,-4.425166666666667,0.3554999999999992,53.0,82.0,152.0,349.75,8,2022,-3.018,2022-08,0.5511,0.3656,32.6638,17.2482,0.2483
Ramagudal,2022-09-01,11.4892,77.7175,-3.018,101,15.25,26.0,2.0,1,-4.259,-4.6145,-4.402,-3.9638333333333335,1.2410000000000003,214.75,53.0,82.0,283.0,9,2022,-2.74,2022-09,0.5221,0.3609,33.792,19.0193,0.2484
Ramagudal,2022-10-01,11.4892,77.7175,-2.74,92,126.5,64.0,2.0,1,-3.018,-4.259,-4.6145,-3.339,0.2779999999999996,15.25,214.75,53.0,356.5,10,2022,-2.0085,2022-10,0.5884,0.3951,29.8333,18.6543,0.263
Ramagudal,2022-11-01,11.4892,77.7175,-2.0085,102,101.25,71.0,2.0,1,-2.74,-3.018,-4.259,-2.588833333333333,0.7315000000000005,126.5,15.25,214.75,243.0,11,2022,-2.2685,2022-11,0.634,0.3997,28.788,19.8696,0.2616
Ramagudal,2022-12-01,11.4892,77.7175,-2.2685,122,51.0,67.0,2.0,1,-2.0085,-2.74,-3.018,-2.339,-0.2600000000000002,101.25,126.5,15.25,278.75,12,2022,-2.986,2022-12,0.6395,0.3814,29.3874,16.2575,0.255
Ramagudal,2023-01-01,11.4892,77.7175,-2.986,111,2.5,7.0,2.0,1,-2.2685,-2.0085,-2.74,-2.421,-0.7175000000000002,51.0,101.25,126.5,154.75,1,2023,-3.7705,2023-01,0.5546,0.3308,29.1507,10.8766,0.1721
Ramagudal,2023-02-01,11.4892,77.7175,-3.7705,112,5.0,4.0,1.0,1,-2.986,-2.2685,-2.0085,-3.0083333333333333,-0.7845,2.5,51.0,101.25,58.5,2,2023,-4.202,2023-02,0.4315,0.2767,33.4525,6.3479,0.1257
Ramagudal,2023-03-01,11.4892,77.7175,-4.202,118,48.75,17.0,2.0,1,-3.7705,-2.986,-2.2685,-3.6528333333333336,-0.4314999999999998,5.0,2.5,51.0,56.25,3,2023,-4.8485,2023-03,0.4378,0.2567,35.9801,6.0086,0.1225
Ramagudal,2023-04-01,11.4892,77.7175,-4.8485,114,32.0,14.0,2.0,1,-4.202,-3.7705,-2.986,-4.273666666666666,-0.6464999999999996,48.75,5.0,2.5,85.75,4,2023,-4.0555,2023-04,0.4768,0.2842,37.0992,6.245,0.1243
Ramagudal,2023-05-01,11.4892,77.7175,-4.0555,104,95.75,64.0,2.0,1,-4.8485,-4.202,-3.7705,-4.368666666666667,0.7929999999999993,32.0,48.75,5.0,176.5,5,2023,-4.484,2023-05,0.5649,0.3958,33.7869,14.4025,0.1774
Ramagudal,2023-06-01,11.4892,77.7175,-4.484,120,35.5,20.0,2.0,1,-4.0555,-4.8485,-4.202,-4.462666666666666,-0.4284999999999996,95.75,32.0,48.75,163.25,6,2023,-4.898,2023-06,0.5095,0.3298,36.3964,11.9933,0.164
Ramagudal,2023-07-01,11.4892,77.7175,-4.898,122,51.25,60.0,2.0,1,-4.484,-4.0555,-4.8485,-4.479166666666667,-0.4139999999999997,35.5,95.75,32.0,182.5,7,2023,-5.1435,2023-07,0.4717,0.315,36.6407,9.8504,0.1677
Ramagudal,2023-08-01,11.4892,77.7175,-5.1435,124,96.5,37.0,2.0,1,-4.898,-4.484,-4.0555,-4.841833333333333,-0.2454999999999998,51.25,35.5,95.75,183.25,8,2023,-4.59,2023-08,0.4942,0.3153,37.4271,8.7388,0.1565
Ramagudal,2023-09-01,11.4892,77.7175,-4.59,120,262.5,90.0,2.0,1,-5.1435,-4.898,-4.484,-4.877166666666667,0.5534999999999997,96.5,51.25,35.5,410.25,9,2023,-4.4245,2023-09,0.5647,0.3776,34.2424,12.2404,0.2189
Ramagudal,2023-10-01,11.4892,77.7175,-4.4245,106,121.5,59.0,2.0,1,-4.59,-5.1435,-4.898,-4.719333333333333,0.1654999999999997,262.5,96.5,51.25,480.5,10,2023,-3.2485,2023-10,0.6088,0.4179,32.8184,14.1328,0.188
Ramagudal,2023-11-01,11.4892,77.7175,-3.2485,120,127.0,92.0,2.0,1,-4.4245,-4.59,-5.1435,-4.087666666666666,1.1760000000000002,121.5,262.5,96.5,511.0,11,2023,-4.5255,2023-11,0.6195,0.3964,30.0396,15.9027,0.2517
Ramagudal,2023-12-01,11.4892,77.7175,-4.5255,120,4.5,9.0,2.0,1,-3.2485,-4.4245,-4.59,-4.066166666666667,-1.277,127.0,121.5,262.5,253.0,12,2023,-5.4145,2023-12,0.6128,0.419,29.8298,11.6114,0.1952
Ramagudal,2024-01-01,11.4892,77.7175,-5.4145,124,21.25,20.0,2.0,1,-4.5255,-3.2485,-4.4245,-4.396166666666667,-0.8890000000000002,4.5,127.0,121.5,152.75,1,2024,-5.417,2024-01,0.5117,0.322,30.5765,9.8384,0.1615
Ramagudal,2024-02-01,11.4892,77.7175,-5.417,114,,,,0,-5.4145,-4.5255,-3.2485,-5.119,-0.0024999999999995,21.25,4.5,127.0,25.75,2,2024,-5.457,2024-02,0.4568,0.2825,33.7057,6.9649,0.1112
Ramagudal,2024-03-01,11.4892,77.7175,-5.457,124,,,,0,-5.417,-5.4145,-4.5255,-5.4295,-0.04,,21.25,4.5,21.25,3,2024,-5.723,2024-03,0.4078,0.2455,36.9135,3.9067,0.0922
Ramagudal,2024-04-01,11.4892,77.7175,-5.723,120,6.0,2.0,1.0,1,-5.457,-5.417,-5.4145,-5.532333333333333,-0.266,,,21.25,6.0,4,2024,-5.527,2024-04,0.3953,0.252,39.321,3.5107,0.0949
Ramagudal,2024-05-01,11.4892,77.7175,-5.527,120,192.0,72.0,2.0,1,-5.723,-5.457,-5.417,-5.569,0.1959999999999997,6.0,,,198.0,5,2024,-4.891,2024-05,0.4947,0.3185,33.7062,8.7868,0.1911
Ramagudal,2024-06-01,11.4892,77.7175,-4.891,120,131.0,63.0,2.0,1,-5.527,-5.723,-5.457,-5.380333333333333,0.6360000000000001,192.0,6.0,,329.0,6,2024,-5.022,2024-06,0.5856,0.382,34.0449,12.6051,0.2048
Ramagudal,2024-07-01,11.4892,77.7175,-5.022,118,68.25,55.0,2.0,1,-4.891,-5.527,-5.723,-5.146666666666667,-0.1310000000000002,131.0,192.0,6.0,391.25,7,2024,-4.4905,2024-07,0.4819,0.349,33.1304,12.1182,0.1889
Ramagudal,2024-08-01,11.4892,77.7175,-4.4905,108,197.75,95.0,2.0,1,-5.022,-4.891,-5.527,-4.801166666666667,0.5315000000000003,68.25,131.0,192.0,397.0,8,2024,-4.325,2024-08,0.5695,0.3814,32.2063,17.406,0.2304
Ramagudal,2024-09-01,11.4892,77.7175,-4.325,113,28.0,17.0,2.0,1,-4.4905,-5.022,-4.891,-4.6125,0.1654999999999997,197.75,68.25,131.0,294.0,9,2024,-2.8405,2024-09,0.501,0.3119,35.6488,12.7316,0.1586
Ramagudal,2024-10-01,11.4892,77.7175,-2.8405,124,207.75,113.0,2.0,1,-4.325,-4.4905,-5.022,-3.8853333333333335,1.4845000000000002,28.0,197.75,68.25,433.5,10,2024,-2.641,2024-10,0.6371,0.4432,30.1651,18.9409,0.2662
Ramagudal,2024-11-01,11.4892,77.7175,-2.641,113,43.25,50.0,2.0,1,-2.8405,-4.325,-4.4905,-3.2688333333333333,0.1995,207.75,28.0,197.75,279.0,11,2024,-2.54,2024-11,0.5971,0.4027,26.6954,15.3049,0.2229
Ramagudal,2024-12-01,11.4892,77.7175,-2.54,123,98.25,86.0,2.0,1,-2.641,-2.8405,-4.325,-2.673833333333333,0.1009999999999999,43.25,207.75,28.0,349.25,12,2024,-3.3185,2024-12,0.6726,0.4285,27.1492,18.0718,0.2312
Ramagudal,2025-01-01,11.4892,77.7175,-3.3185,122,5.75,8.0,2.0,1,-2.54,-2.641,-2.8405,-2.8331666666666666,-0.7785000000000002,98.25,43.25,207.75,147.25,1,2025,-3.887,2025-01,0.5868,0.3901,27.501,12.3821,0.1612
Ramagudal,2025-02-01,11.4892,77.7175,-3.887,112,,,,0,-3.3185,-2.54,-2.641,-3.2485,-0.5684999999999998,5.75,98.25,43.25,104.0,2,2025,-4.251,2025-02,0.4441,0.2733,31.1347,7.7695,0.1113
Ramagudal,2025-03-01,11.4892,77.7175,-4.251,124,13.25,21.0,2.0,1,-3.887,-3.3185,-2.54,-3.8188333333333335,-0.3639999999999994,,5.75,98.25,19.0,3,2025,-4.484,2025-03,0.4438,0.2714,33.9536,5.5316,0.1126
Ramanaickanpalayam,2021-04-01,11.6281,78.5597,-4.1475,118,,,,0,-4.01,-0.445,-1.638,-2.8675,-0.1375000000000001,,,,,4,2021,-4.5275,2021-04,0.5191,0.3385,37.3148,9.9512,0.126
Ramanaickanpalayam,2021-05-01,11.6281,78.5597,-4.5275,124,,,,0,-4.1475,-4.01,-0.445,-4.228333333333333,-0.3799999999999999,,,,,5,2021,-5.099,2021-05,0.5197,0.3444,38.4544,10.2122,0.1548
Ramanaickanpalayam,2021-06-01,11.6281,78.5597,-5.099,120,,,,0,-4.5275,-4.1475,-4.01,-4.591333333333334,-0.5715000000000003,,,,,6,2021,-5.1975,2021-06,0.5644,0.3417,37.2866,10.5793,0.1724
Ramanaickanpalayam,2021-07-01,11.6281,78.5597,-5.1975,118,,,,0,-5.099,-4.5275,-4.1475,-4.941333333333333,-0.0984999999999995,,,,,7,2021,-5.11,2021-07,0.5966,0.4103,31.8098,13.9931,0.2485
Ramanaickanpalayam,2021-08-01,11.6281,78.5597,-5.11,123,,,,0,-5.1975,-5.099,-4.5275,-5.1355,0.0874999999999994,,,,,8,2021,-5.111000000000001,2021-08,0.6189,0.4062,34.7418,14.1401,0.2215
Ramanaickanpalayam,2021-09-01,11.6281,78.5597,-5.111000000000001,106,3.5,1.0,1.0,1,-5.11,-5.1975,-5.099,-5.139500000000001,-0.0010000000000003,,,,3.5,9,2021,-4.151,2021-09,0.7032,0.4533,33.8428,16.0399,0.2467
Ramanaickanpalayam,2021-10-01,11.6281,78.5597,-4.151,124,24.0,8.0,1.0,1,-5.111000000000001,-5.11,-5.1975,-4.790666666666667,0.9600000000000009,3.5,,,27.5,10,2021,-2.8115,2021-10,0.7113,0.5118,30.6102,19.5932,0.2935
Ramanaickanpalayam,2021-11-01,11.6281,78.5597,-2.8115,120,152.0,111.0,2.0,1,-4.151,-5.111000000000001,-5.11,-4.0245,1.3395,24.0,3.5,,179.5,11,2021,-2.7905,2021-11,0.5689,0.3731,27.4061,18.2712,0.3597
Ramanaickanpalayam,2021-12-01,11.6281,78.5597,-2.7905,124,6.5,2.0,1.0,1,-2.8115,-4.151,-5.111000000000001,-3.251,0.0209999999999999,152.0,24.0,3.5,182.5,12,2021,-3.276,2021-12,0.6702,0.4208,29.5073,17.4352,0.3122
Ramanaickanpalayam,2022-01-01,11.6281,78.5597,-3.276,124,0.5,1.0,1.0,1,-2.7905,-2.8115,-4.151,-2.9593333333333334,-0.4855,6.5,152.0,24.0,159.0,1,2022,-3.8125,2022-01,0.5839,0.356,30.7797,17.8751,0.2397
Ramanaickanpalayam,2022-02-01,11.6281,78.5597,-3.8125,108,,,,0,-3.276,-2.7905,-2.8115,-3.293,-0.5365000000000002,0.5,6.5,152.0,7.0,2,2022,-4.276,2022-02,0.5055,0.305,33.4629,9.3092,0.1652
Ramanaickanpalayam,2022-03-01,11.6281,78.5597,-4.276,124,1900.25,14.0,2.0,1,-3.8125,-3.276,-2.7905,-3.7881666666666662,-0.4634999999999998,,0.5,6.5,1900.75,3,2022,-4.765,2022-03,0.4895,0.2854,35.4502,9.6335,0.136
Ramanaickanpalayam,2022-04-01,11.6281,78.5597,-4.765,115,79.25,38.0,2.0,1,-4.276,-3.8125,-3.276,-4.2845,-0.4889999999999999,1900.25,,0.5,1979.5,4,2022,-4.842499999999999,2022-04,0.4991,0.3144,37.6374,9.7983,0.149
Ramanaickanpalayam,2022-05-01,11.6281,78.5597,-4.842499999999999,30,24.0,2.0,1.0,1,-4.765,-4.276,-3.8125,-4.627833333333332,-0.0774999999999996,79.25,1900.25,,2003.5,5,2022,-4.753,2022-05,0.5862,0.3645,34.7816,11.5519,0.1985
Ramanaickanpalayam,2022-06-01,11.6281,78.5597,-4.753,120,82.0,35.0,2.0,1,-4.842499999999999,-4.765,-4.276,-4.786833333333333,0.0894999999999992,24.0,79.25,1900.25,185.25,6,2022,-4.698,2022-06,0.5834,0.3954,35.5823,12.4921,0.1954
Ramanaickanpalayam,2022-07-01,11.6281,78.5597,-4.698,124,53.0,55.0,2.0,1,-4.753,-4.842499999999999,-4.765,-4.764499999999999,0.0549999999999997,82.0,24.0,79.25,159.0,7,2022,-4.836,2022-07,0.5707,0.3986,34.8492,13.3673,0.2233
Ramanaickanpalayam,2022-08-01,11.6281,78.5597,-4.836,122,214.75,92.0,2.0,1,-4.698,-4.753,-4.842499999999999,-4.762333333333334,-0.1379999999999999,53.0,82.0,24.0,349.75,8,2022,-4.719,2022-08,0.613,0.3887,35.0295,16.3986,0.2603
Ramanaickanpalayam,2022-09-01,11.6281,78.5597,-4.719,120,15.25,26.0,2.0,1,-4.836,-4.698,-4.753,-4.751,0.1169999999999999,214.75,53.0,82.0,283.0,9,2022,-4.4395,2022-09,0.4573,0.3186,35.1054,17.3385,0.2555
Ramanaickanpalayam,2022-10-01,11.6281,78.5597,-4.4395,120,126.5,64.0,2.0,1,-4.719,-4.836,-4.698,-4.664833333333333,0.2795000000000005,15.25,214.75,53.0,356.5,10,2022,-3.383,2022-10,0.6695,0.4901,30.7877,19.7136,0.2657
Ramanaickanpalayam,2022-11-01,11.6281,78.5597,-3.383,120,101.25,71.0,2.0,1,-4.4395,-4.719,-4.836,-4.1805,1.0564999999999998,126.5,15.25,214.75,243.0,11,2022,-3.504,2022-11,0.6675,0.444,30.0292,19.873,0.2677
Ramanaickanpalayam,2022-12-01,11.6281,78.5597,-3.504,122,51.0,67.0,2.0,1,-3.383,-4.4395,-4.719,-3.7755,-0.1209999999999995,101.25,126.5,15.25,278.75,12,2022,-3.765,2022-12,0.6398,0.3754,28.6248,15.7951,0.2625
Ramanaickanpalayam,2023-01-01,11.6281,78.5597,-3.765,111,2.5,7.0,2.0,1,-3.504,-3.383,-4.4395,-3.5506666666666664,-0.2610000000000005,51.0,101.25,126.5,154.75,1,2023,-4.302,2023-01,0.5757,0.3385,30.6313,10.0335,0.1915
Ramanaickanpalayam,2023-02-01,11.6281,78.5597,-4.302,112,5.0,4.0,1.0,1,-3.765,-3.504,-3.383,-3.8569999999999993,-0.5369999999999995,2.5,51.0,101.25,58.5,2,2023,-4.936999999999999,2023-02,0.4947,0.3001,34.0786,7.5203,0.1484
Ramanaickanpalayam,2023-03-01,11.6281,78.5597,-4.936999999999999,118,48.75,17.0,2.0,1,-4.302,-3.765,-3.504,-4.334666666666666,-0.6349999999999998,5.0,2.5,51.0,56.25,3,2023,-5.605499999999999,2023-03,0.515,0.3122,35.6671,9.2806,0.1415
Ramanaickanpalayam,2023-04-01,11.6281,78.5597,-5.605499999999999,116,32.0,14.0,2.0,1,-4.936999999999999,-4.302,-3.765,-4.9481666666666655,-0.6684999999999999,48.75,5.0,2.5,85.75,4,2023,-5.964,2023-04,0.5047,0.3053,38.2877,7.8297,0.1242
Ramanaickanpalayam,2023-05-01,11.6281,78.5597,-5.964,107,95.75,64.0,2.0,1,-5.605499999999999,-4.936999999999999,-4.302,-5.502166666666667,-0.3585000000000011,32.0,48.75,5.0,176.5,5,2023,-6.217499999999999,2023-05,0.5584,0.3763,34.8773,14.6231,0.184
Ramanaickanpalayam,2023-06-01,11.6281,78.5597,-6.217499999999999,120,35.5,20.0,2.0,1,-5.964,-5.605499999999999,-4.936999999999999,-5.928999999999999,-0.2534999999999989,95.75,32.0,48.75,163.25,6,2023,-7.0005,2023-06,0.5364,0.3271,36.7207,13.1471,0.1739
Ramanaickanpalayam,2023-07-01,11.6281,78.5597,-7.0005,122,51.25,60.0,2.0,1,-6.217499999999999,-5.964,-5.605499999999999,-6.393999999999999,-0.7830000000000004,35.5,95.75,32.0,182.5,7,2023,-7.208,2023-07,0.523,0.3494,35.9406,10.9131,0.1828
Ramanaickanpalayam,2023-08-01,11.6281,78.5597,-7.208,124,96.5,37.0,2.0,1,-7.0005,-6.217499999999999,-5.964,-6.808666666666666,-0.2075000000000004,51.25,35.5,95.75,183.25,8,2023,-6.5405,2023-08,0.6057,0.3905,34.8064,11.0873,0.1907
Ramanaickanpalayam,2023-09-01,11.6281,78.5597,-6.5405,118,262.5,90.0,2.0,1,-7.208,-7.0005,-6.217499999999999,-6.916333333333333,0.6675000000000004,96.5,51.25,35.5,410.25,9,2023,-5.3145,2023-09,0.6808,0.4869,33.4546,17.5293,0.2577
Ramanaickanpalayam,2023-10-01,11.6281,78.5597,-5.3145,110,121.5,59.0,2.0,1,-6.5405,-7.208,-7.0005,-6.354333333333333,1.226,262.5,96.5,51.25,480.5,10,2023,-3.6535,2023-10,0.6989,0.4996,32.8961,17.4122,0.2032
Ramanaickanpalayam,2023-11-01,11.6281,78.5597,-3.6535,120,127.0,92.0,2.0,1,-5.3145,-6.5405,-7.208,-5.169499999999999,1.6609999999999996,121.5,262.5,96.5,511.0,11,2023,-3.763,2023-11,0.6799,0.4844,28.4934,19.5973,0.2568
Ramanaickanpalayam,2023-12-01,11.6281,78.5597,-3.763,122,4.5,9.0,2.0,1,-3.6535,-5.3145,-6.5405,-4.243666666666667,-0.1094999999999997,127.0,121.5,262.5,253.0,12,2023,-4.3065,2023-12,0.6463,0.4025,29.7926,15.0222,0.209
Ramanaickanpalayam,2024-01-01,11.6281,78.5597,-4.3065,120,21.25,20.0,2.0,1,-3.763,-3.6535,-5.3145,-3.907666666666666,-0.5434999999999999,4.5,127.0,121.5,152.75,1,2024,-5.2055,2024-01,0.5387,0.3175,30.9039,10.0634,0.1728
Ramanaickanpalayam,2024-02-01,11.6281,78.5597,-5.2055,116,,,,0,-4.3065,-3.763,-3.6535,-4.425,-0.899,21.25,4.5,127.0,25.75,2,2024,-6.3825,2024-02,0.4819,0.2986,33.9432,7.1995,0.1145
Ramanaickanpalayam,2024-03-01,11.6281,78.5597,-6.3825,124,,,,0,-5.2055,-4.3065,-3.763,-5.298166666666667,-1.1770000000000005,,21.25,4.5,21.25,3,2024,-7.5045,2024-03,0.4489,0.2763,37.9266,5.9716,0.0874
Ramanaickanpalayam,2024-04-01,11.6281,78.5597,-7.5045,120,6.0,2.0,1.0,1,-6.3825,-5.2055,-4.3065,-6.364166666666667,-1.122,,,21.25,6.0,4,2024,-8.061,2024-04,0.4013,0.275,40.5555,4.226,0.0771
Ramanaickanpalayam,2024-05-01,11.6281,78.5597,-8.061,125,192.0,72.0,2.0,1,-7.5045,-6.3825,-5.2055,-7.316,-0.5564999999999998,6.0,,,198.0,5,2024,-7.15,2024-05,0.4993,0.3266,33.3283,9.5318,0.1875
Ramanaickanpalayam,2024-06-01,11.6281,78.5597,-7.15,118,131.0,63.0,2.0,1,-8.061,-7.5045,-6.3825,-7.571833333333333,0.9109999999999996,192.0,6.0,,329.0,6,2024,-7.516999999999999,2024-06,0.619,0.4398,33.6394,13.359,0.2332
Ramanaickanpalayam,2024-07-01,11.6281,78.5597,-7.516999999999999,120,68.25,55.0,2.0,1,-7.15,-8.061,-7.5045,-7.576,-0.3669999999999991,131.0,192.0,6.0,391.25,7,2024,-6.8155,2024-07,0.5802,0.3981,34.7003,13.6574,0.1875
Ramanaickanpalayam,2024-08-01,11.6281,78.5597,-6.8155,112,197.75,95.0,2.0,1,-7.516999999999999,-7.15,-8.061,-7.160833333333334,0.7014999999999993,68.25,131.0,192.0,397.0,8,2024,-7.2905,2024-08,0.6505,0.4286,31.9641,16.1275,0.2517
Ramanaickanpalayam,2024-09-01,11.6281,78.5597,-7.2905,120,28.0,17.0,2.0,1,-6.8155,-7.516999999999999,-7.15,-7.2076666666666656,-0.4749999999999996,197.75,68.25,131.0,294.0,9,2024,-7.462,2024-09,0.6495,0.402,34.6202,14.6977,0.1868
Ramanaickanpalayam,2024-10-01,11.6281,78.5597,-7.462,124,207.75,113.0,2.0,1,-7.2905,-6.8155,-7.516999999999999,-7.189333333333333,-0.1714999999999999,28.0,197.75,68.25,433.5,10,2024,-4.282,2024-10,0.7035,0.4857,29.9284,19.7385,0.2623
Ramanaickanpalayam,2024-11-01,11.6281,78.5597,-4.282,118,43.25,50.0,2.0,1,-7.462,-7.2905,-6.8155,-6.344833333333334,3.18,207.75,28.0,197.75,279.0,11,2024,-3.0565,2024-11,0.3345,0.264,28.6245,16.3787,0.2289
Ramanaickanpalayam,2024-12-01,11.6281,78.5597,-3.0565,120,98.25,86.0,2.0,1,-4.282,-7.462,-7.2905,-4.9335,1.2255000000000005,43.25,207.75,28.0,349.25,12,2024,-3.5805,2024-12,0.6586,0.4394,27.3577,18.3793,0.2704
Ramanaickanpalayam,2025-01-01,11.6281,78.5597,-3.5805,116,5.75,8.0,2.0,1,-3.0565,-4.282,-7.462,-3.639666666666667,-0.524,98.25,43.25,207.75,147.25,1,2025,-4.0065,2025-01,0.5944,0.3562,28.5262,14.9776,0.2009
Ramanaickanpalayam,2025-02-01,11.6281,78.5597,-4.0065,112,,,,0,-3.5805,-3.0565,-4.282,-3.547833333333333,-0.4260000000000001,5.75,98.25,43.25,104.0,2,2025,-4.6305,2025-02,0.4994,0.3076,31.0662,8.037,0.1341
Ramanaickanpalayam,2025-03-01,11.6281,78.5597,-4.6305,106,13.25,21.0,2.0,1,-4.0065,-3.5805,-3.0565,-4.0725,-0.6239999999999997,,5.75,98.25,19.0,3,2025,-5.01,2025-03,0.5246,0.3534,33.6171,8.9956,0.1221
Ramanaickanpalayam,2025-04-01,11.6281,78.5597,-5.01,59,14.0,7.0,2.0,1,-4.6305,-4.0065,-3.5805,-4.549,-0.3795000000000001,13.25,,5.75,27.25,4,2025,-6.204,2025-04,0.5442,0.3567,33.2091,8.5651,0.1198
Ramanaickanpalayam,2025-11-01,11.6281,78.5597,-6.204,11,279.75,64.0,2.0,1,-5.01,-4.6305,-4.0065,-5.2815,-1.194,14.0,13.25,,307.0,11,2025,-5.375,2025-11,0.7009,0.498,28.2344,18.0866,0.2212
Samuthiram_1,2024-06-01,11.653048,77.907282,-40.625,120,131.0,63.0,2.0,1,-56.01,-52.66,-46.94,-49.76499999999999,15.384999999999998,192.0,6.0,,329.0,6,2024,-27.235,2024-06,0.5964,0.4213,35.4127,13.1058,0.218
Samuthiram_1,2024-07-01,11.653048,77.907282,-27.235,124,68.25,55.0,2.0,1,-40.625,-56.01,-52.66,-41.29,13.39,131.0,192.0,6.0,391.25,7,2024,-13.91,2024-07,0.6306,0.4283,33.1031,16.2423,0.1944
Samuthiram_1,2024-08-01,11.653048,77.907282,-13.91,112,197.75,95.0,2.0,1,-27.235,-40.625,-56.01,-27.25666666666667,13.325,68.25,131.0,192.0,397.0,8,2024,-11.43,2024-08,0.6123,0.3784,31.4905,17.7679,0.2431
Samuthiram_1,2024-09-01,11.653048,77.907282,-11.43,116,28.0,17.0,2.0,1,-13.91,-27.235,-40.625,-17.525000000000002,2.4800000000000004,197.75,68.25,131.0,294.0,9,2024,-11.45,2024-09,0.5155,0.3011,36.8103,13.1703,0.1808
Samuthiram_1,2024-10-01,11.653048,77.907282,-11.45,124,207.75,113.0,2.0,1,-11.43,-13.91,-27.235,-12.263333333333334,-0.0199999999999995,28.0,197.75,68.25,433.5,10,2024,-11.46,2024-10,0.6496,0.4357,31.4299,19.1654,0.2691
Samuthiram_1,2024-11-01,11.653048,77.907282,-11.46,116,43.25,50.0,2.0,1,-11.45,-11.43,-13.91,-11.446666666666667,-0.0100000000000015,207.75,28.0,197.75,279.0,11,2024,-11.465,2024-11,0.6728,0.5282,29.4543,14.7162,0.2296
Samuthiram_1,2024-12-01,11.653048,77.907282,-11.465,120,98.25,86.0,2.0,1,-11.46,-11.45,-11.43,-11.458333333333334,-0.004999999999999,43.25,207.75,28.0,349.25,12,2024,-11.48,2024-12,0.6806,0.4725,27.8375,18.2713,0.2633
Samuthiram_1,2025-01-01,11.653048,77.907282,-11.48,124,5.75,8.0,2.0,1,-11.465,-11.46,-11.45,-11.468333333333334,-0.0150000000000005,98.25,43.25,207.75,147.25,1,2025,-11.48,2025-01,0.5959,0.3908,28.4928,14.1013,0.1925
Samuthiram_1,2025-02-01,11.653048,77.907282,-11.48,112,,,,0,-11.48,-11.465,-11.46,-11.475,0.0,5.75,98.25,43.25,104.0,2,2025,-11.47,2025-02,0.4398,0.2517,33.139,8.2518,0.1283
Samuthiram_1,2025-03-01,11.653048,77.907282,-11.47,120,13.25,21.0,2.0,1,-11.48,-11.48,-11.465,-11.476666666666668,0.0099999999999997,,5.75,98.25,19.0,3,2025,-11.44,2025-03,0.4058,0.2315,35.6445,4.9277,0.1177
Samuthiram_1,2025-04-01,11.653048,77.907282,-11.44,96,14.0,7.0,2.0,1,-11.47,-11.48,-11.48,-11.463333333333331,0.0300000000000011,13.25,,5.75,27.25,4,2025,-11.42,2025-04,0.4687,0.2793,34.6979,4.9271,0.1355
Samuthiram_1,2025-05-01,11.653048,77.907282,-11.42,108,216.0,75.0,2.0,1,-11.44,-11.47,-11.48,-11.443333333333332,0.0199999999999995,14.0,13.25,,243.25,5,2025,-11.43,2025-05,0.5188,0.3098,36.4465,9.3506,0.2072
Samuthiram_1,2025-06-01,11.653048,77.907282,-11.43,117,69.0,32.0,2.0,1,-11.42,-11.44,-11.47,-11.43,-0.0099999999999997,216.0,14.0,13.25,299.0,6,2025,-11.43,2025-06,0.5753,0.3803,32.4405,11.7368,0.1991
Samuthiram_1,2025-07-01,11.653048,77.907282,-11.43,101,16.25,15.0,2.0,1,-11.43,-11.42,-11.44,-11.426666666666668,0.0,69.0,216.0,14.0,301.25,7,2025,-11.43,2025-07,0.6006,0.3324,32.8901,11.7065,0.1739
Samuthiram_1,2025-08-01,11.653048,77.907282,-11.43,99,84.25,46.0,2.0,1,-11.43,-11.43,-11.42,-11.43,0.0,16.25,69.0,216.0,169.5,8,2025,-11.44,2025-08,0.5447,0.3995,32.7702,14.574,0.1979
Samuthiram_1,2025-09-01,11.653048,77.907282,-11.44,116,59.75,37.0,2.0,1,-11.43,-11.43,-11.43,-11.433333333333332,-0.0099999999999997,84.25,16.25,69.0,160.25,9,2025,-11.45,2025-09,0.5882,0.441,30.2623,15.921,0.2149
Samuthiram_1,2025-10-01,11.653048,77.907282,-11.45,21,107.25,86.0,2.0,1,-11.44,-11.43,-11.43,-11.439999999999998,-0.0099999999999997,59.75,84.25,16.25,251.25,10,2025,-11.49,2025-10,0.6681,0.4474,29.288,19.7027,0.2722
Samuthiram_1,2025-11-01,11.653048,77.907282,-11.49,25,279.75,64.0,2.0,1,-11.45,-11.44,-11.43,-11.46,-0.0400000000000009,107.25,59.75,84.25,446.75,11,2025,-11.48,2025-11,0.6859,0.4961,29.0812,20.028,0.218
Sanarpatti,2021-06-01,11.7319,77.8669,-17.535,120,,,,0,-17.1875,-17.3385,-17.073999999999998,-17.353666666666665,-0.3475000000000001,,,,,6,2021,-17.74,2021-06,0.5795,0.3386,36.8418,10.9136,0.1663
Sanarpatti,2021-07-01,11.7319,77.8669,-17.74,19,,,,0,-17.535,-17.1875,-17.3385,-17.487499999999997,-0.2049999999999983,,,,,7,2021,-18.130000000000003,2021-07,0.4851,0.3425,30.441,13.0115,0.226
Sanarpatti,2021-08-01,11.7319,77.8669,-18.130000000000003,106,,,,0,-17.74,-17.535,-17.1875,-17.801666666666666,-0.3900000000000041,,,,,8,2021,-18.0155,2021-08,0.5551,0.3758,32.7451,14.3198,0.1901
Sanarpatti,2021-09-01,11.7319,77.8669,-18.0155,120,3.5,1.0,1.0,1,-18.130000000000003,-17.74,-17.535,-17.961833333333335,0.1145000000000031,,,,3.5,9,2021,-17.869,2021-09,0.6371,0.438,32.5536,16.4428,0.2329
Sanarpatti,2021-10-01,11.7319,77.8669,-17.869,15,24.0,8.0,1.0,1,-18.0155,-18.130000000000003,-17.74,-18.004833333333334,0.1464999999999996,3.5,,,27.5,10,2021,-15.343,2021-10,0.653,0.4977,29.5346,19.7822,0.2797
Sanarpatti,2021-11-01,11.7319,77.8669,-15.343,31,152.0,111.0,2.0,1,-17.869,-18.0155,-18.130000000000003,-17.075833333333335,2.526,24.0,3.5,,179.5,11,2021,-10.543,2021-11,0.3665,0.2613,28.1277,18.9979,0.3355
Sanarpatti,2022-05-01,11.7319,77.8669,-10.543,2,24.0,2.0,1.0,1,-15.343,-17.869,-18.0155,-14.585,4.800000000000001,152.0,24.0,3.5,200.0,5,2022,-9.749,2022-05,0.5771,0.3844,34.4207,12.8482,0.2125
Sanarpatti,2022-06-01,11.7319,77.8669,-9.749,1,82.0,35.0,2.0,1,-10.543,-15.343,-17.869,-11.878333333333332,0.7939999999999987,24.0,152.0,24.0,258.0,6,2022,-4.689,2022-06,0.6213,0.4064,31.1996,14.9087,0.2057
Sanarpatti,2022-10-01,11.7319,77.8669,-4.689,10,126.5,64.0,2.0,1,-9.749,-10.543,-15.343,-8.327,5.0600000000000005,82.0,24.0,152.0,232.5,10,2022,-4.246,2022-10,0.6496,0.47,29.146,19.8146,0.2756
Sanarpatti,2022-12-01,11.7319,77.8669,-4.246,117,51.0,67.0,2.0,1,-4.689,-9.749,-10.543,-6.228000000000001,0.4429999999999996,126.5,82.0,24.0,259.5,12,2022,-4.2565,2022-12,0.5838,0.3522,28.9681,15.0635,0.2669
Sanarpatti,2023-01-01,11.7319,77.8669,-4.2565,112,2.5,7.0,2.0,1,-4.246,-4.689,-9.749,-4.397166666666667,-0.0104999999999995,51.0,126.5,82.0,180.0,1,2023,-4.395,2023-01,0.5739,0.3195,29.3756,9.9644,0.1953
Sanarpatti,2023-02-01,11.7319,77.8669,-4.395,110,5.0,4.0,1.0,1,-4.2565,-4.246,-4.689,-4.299166666666667,-0.1384999999999996,2.5,51.0,126.5,58.5,2,2023,-4.773,2023-02,0.4484,0.2704,33.9098,6.82,0.1428
Sanarpatti,2023-03-01,11.7319,77.8669,-4.773,120,48.75,17.0,2.0,1,-4.395,-4.2565,-4.246,-4.474833333333333,-0.3780000000000001,5.0,2.5,51.0,56.25,3,2023,-5.157,2023-03,0.4498,0.2754,36.0372,6.4334,0.1367
Sanarpatti,2023-04-01,11.7319,77.8669,-5.157,118,32.0,14.0,2.0,1,-4.773,-4.395,-4.2565,-4.775,-0.3840000000000003,48.75,5.0,2.5,85.75,4,2023,-5.231,2023-04,0.4415,0.2555,38.2873,5.858,0.1256
Sanarpatti,2023-05-01,11.7319,77.8669,-5.231,109,95.75,64.0,2.0,1,-5.157,-4.773,-4.395,-5.053666666666667,-0.0739999999999998,32.0,48.75,5.0,176.5,5,2023,-5.599,2023-05,0.5401,0.3646,33.4084,13.7203,0.1882
Sanarpatti,2023-06-01,11.7319,77.8669,-5.599,119,35.5,20.0,2.0,1,-5.231,-5.157,-4.773,-5.329000000000001,-0.3680000000000003,95.75,32.0,48.75,163.25,6,2023,-5.75,2023-06,0.5429,0.3467,35.7799,13.125,0.1738
Sanarpatti,2023-07-01,11.7319,77.8669,-5.75,124,51.25,60.0,2.0,1,-5.599,-5.231,-5.157,-5.526666666666667,-0.1509999999999998,35.5,95.75,32.0,182.5,7,2023,-6.0035,2023-07,0.5207,0.3461,35.3048,11.9955,0.1745
Sanarpatti,2023-08-01,11.7319,77.8669,-6.0035,124,96.5,37.0,2.0,1,-5.75,-5.599,-5.231,-5.784166666666667,-0.2534999999999998,51.25,35.5,95.75,183.25,8,2023,-5.7475000000000005,2023-08,0.5175,0.3081,36.6666,9.2842,0.1567
Sanarpatti,2023-09-01,11.7319,77.8669,-5.7475000000000005,120,262.5,90.0,2.0,1,-6.0035,-5.75,-5.599,-5.833666666666666,0.2559999999999993,96.5,51.25,35.5,410.25,9,2023,-5.2885,2023-09,0.6068,0.4308,32.8193,15.2507,0.2368
Sanarpatti,2023-10-01,11.7319,77.8669,-5.2885,106,121.5,59.0,2.0,1,-5.7475000000000005,-6.0035,-5.75,-5.679833333333334,0.4590000000000005,262.5,96.5,51.25,480.5,10,2023,-4.9555,2023-10,0.6919,0.4976,30.5397,17.8973,0.1865
Sanarpatti,2023-11-01,11.7319,77.8669,-4.9555,120,127.0,92.0,2.0,1,-5.2885,-5.7475000000000005,-6.0035,-5.3305,0.3330000000000002,121.5,262.5,96.5,511.0,11,2023,-4.964,2023-11,0.6419,0.44,27.9336,18.5517,0.2364
Sanarpatti,2023-12-01,11.7319,77.8669,-4.964,124,4.5,9.0,2.0,1,-4.9555,-5.2885,-5.7475000000000005,-5.069333333333334,-0.0085000000000006,127.0,121.5,262.5,253.0,12,2023,-5.147,2023-12,0.6264,0.3945,29.1717,12.3144,0.1826
Sanarpatti,2024-01-01,11.7319,77.8669,-5.147,43,21.25,20.0,2.0,1,-4.964,-4.9555,-5.2885,-5.022166666666666,-0.1829999999999998,4.5,127.0,121.5,152.75,1,2024,-5.477,2024-01,0.5049,0.3085,30.3777,10.1203,0.1487
Sanarpatti,2024-02-01,11.7319,77.8669,-5.477,55,,,,0,-5.147,-4.964,-4.9555,-5.196000000000001,-0.33,21.25,4.5,127.0,25.75,2,2024,-5.7865,2024-02,0.4327,0.2527,33.9285,6.0183,0.1054
Sanarpatti,2024-03-01,11.7319,77.8669,-5.7865,124,,,,0,-5.477,-5.147,-4.964,-5.470166666666667,-0.3094999999999999,,21.25,4.5,21.25,3,2024,-6.6995000000000005,2024-03,0.3891,0.2259,37.0226,3.5037,0.0871
Sanarpatti,2024-04-01,11.7319,77.8669,-6.6995000000000005,120,6.0,2.0,1.0,1,-5.7865,-5.477,-5.147,-5.987666666666667,-0.9130000000000004,,,21.25,6.0,4,2024,-7.6315,2024-04,0.3743,0.2276,39.3905,3.1078,0.0872
Sanarpatti,2024-05-01,11.7319,77.8669,-7.6315,122,192.0,72.0,2.0,1,-6.6995000000000005,-5.7865,-5.477,-6.7058333333333335,-0.9319999999999996,6.0,,,198.0,5,2024,-7.653499999999999,2024-05,0.4994,0.3133,33.8952,9.7695,0.1909
Sanarpatti,2024-06-01,11.7319,77.8669,-7.653499999999999,120,131.0,63.0,2.0,1,-7.6315,-6.6995000000000005,-5.7865,-7.328166666666667,-0.0219999999999993,192.0,6.0,,329.0,6,2024,-7.8135,2024-06,0.6466,0.4663,32.1036,13.9138,0.2144
Sanarpatti,2024-07-01,11.7319,77.8669,-7.8135,94,68.25,55.0,2.0,1,-7.653499999999999,-7.6315,-6.6995000000000005,-7.6995,-0.160000000000001,131.0,192.0,6.0,391.25,7,2024,-6.9815000000000005,2024-07,0.598,0.4244,30.8115,16.4457,0.1941
Sanarpatti,2024-08-01,11.7319,77.8669,-6.9815000000000005,112,197.75,95.0,2.0,1,-7.8135,-7.653499999999999,-7.6315,-7.482833333333335,0.8319999999999999,68.25,131.0,192.0,397.0,8,2024,-6.381,2024-08,0.6468,0.4246,29.5501,18.5323,0.2412
Sanarpatti,2024-09-01,11.7319,77.8669,-6.381,119,28.0,17.0,2.0,1,-6.9815000000000005,-7.8135,-7.653499999999999,-7.058666666666667,0.6005000000000003,197.75,68.25,131.0,294.0,9,2024,-6.0245,2024-09,0.5414,0.3474,33.8504,15.5331,0.1802
Sanarpatti,2024-10-01,11.7319,77.8669,-6.0245,124,207.75,113.0,2.0,1,-6.381,-6.9815000000000005,-7.8135,-6.4623333333333335,0.3565000000000005,28.0,197.75,68.25,433.5,10,2024,-5.6835,2024-10,0.6939,0.5328,29.5853,20.3186,0.2687
Sanarpatti,2024-11-01,11.7319,77.8669,-5.6835,118,43.25,50.0,2.0,1,-6.0245,-6.381,-6.9815000000000005,-6.0296666666666665,0.3409999999999993,207.75,28.0,197.75,279.0,11,2024,-5.538,2024-11,0.5886,0.4284,28.3594,14.9191,0.2293
Sanarpatti,2024-12-01,11.7319,77.8669,-5.538,75,98.25,86.0,2.0,1,-5.6835,-6.0245,-6.381,-5.748666666666668,0.1455000000000001,43.25,207.75,28.0,349.25,12,2024,-5.829,2024-12,0.6599,0.4068,26.8005,18.0444,0.2605
Sanarpatti,2025-06-01,11.7319,77.8669,-5.829,31,69.0,32.0,2.0,1,-5.538,-5.6835,-6.0245,-5.6835,-0.2909999999999995,98.25,43.25,207.75,210.5,6,2025,-5.7675,2025-06,0.6312,0.4285,28.2796,13.86,0.1997
Sanarpatti,2025-07-01,11.7319,77.8669,-5.7675,100,16.25,15.0,2.0,1,-5.829,-5.538,-5.6835,-5.7115,0.0614999999999996,69.0,98.25,43.25,183.5,7,2025,-5.472,2025-07,0.6251,0.3629,29.9923,12.8705,0.1725
Sanarpatti,2025-08-01,11.7319,77.8669,-5.472,99,84.25,46.0,2.0,1,-5.7675,-5.829,-5.538,-5.6895,0.2954999999999996,16.25,69.0,98.25,169.5,8,2025,-4.9805,2025-08,0.5874,0.4451,30.3866,15.0154,0.1969
Sanarpatti,2025-09-01,11.7319,77.8669,-4.9805,102,59.75,37.0,2.0,1,-5.472,-5.7675,-5.829,-5.406666666666666,0.4915000000000002,84.25,16.25,69.0,160.25,9,2025,-3.945,2025-09,0.6347,0.5067,27.859,16.5822,0.2125
Sanarpatti,2025-10-01,11.7319,77.8669,-3.945,56,107.25,86.0,2.0,1,-4.9805,-5.472,-5.7675,-4.799166666666667,1.0355000000000003,59.75,84.25,16.25,251.25,10,2025,-3.999,2025-10,0.7018,0.5004,27.7587,19.7852,0.272
Sanarpatti,2025-11-01,11.7319,77.8669,-3.999,103,279.75,64.0,2.0,1,-3.945,-4.9805,-5.472,-4.308166666666667,-0.0540000000000002,107.25,59.75,84.25,446.75,11,2025,-4.65,2025-11,0.7141,0.5316,26.9555,20.0061,0.2182
Sandhiyur,2021-04-01,11.5669,78.1414,-6.7915,116,,,,0,-6.334,5.2835,2.314,-2.614,-0.4575000000000004,,,,,4,2021,-7.3655,2021-04,0.446,0.251,35.5977,5.6477,0.1389
Sandhiyur,2021-05-01,11.5669,78.1414,-7.3655,124,,,,0,-6.7915,-6.334,5.2835,-6.830333333333333,-0.5739999999999998,,,,,5,2021,-7.856,2021-05,0.5164,0.324,37.8978,8.4062,0.1529
Sandhiyur,2021-06-01,11.5669,78.1414,-7.856,120,,,,0,-7.3655,-6.7915,-6.334,-7.337666666666666,-0.4904999999999999,,,,,6,2021,-7.674,2021-06,0.5626,0.3665,36.1494,10.9325,0.1679
Sandhiyur,2021-07-01,11.5669,78.1414,-7.674,114,,,,0,-7.856,-7.3655,-6.7915,-7.631833333333333,0.1819999999999995,,,,,7,2021,-6.303,2021-07,0.5758,0.4241,31.5354,14.2936,0.2306
Sandhiyur,2021-08-01,11.5669,78.1414,-6.303,15,,,,0,-7.674,-7.856,-7.3655,-7.277666666666666,1.3710000000000004,,,,,8,2021,-7.918,2021-08,0.6517,0.4054,34.3167,13.946,0.1991
Sandhiyur,2021-09-01,11.5669,78.1414,-7.918,51,3.5,1.0,1.0,1,-6.303,-7.674,-7.856,-7.298333333333335,-1.6150000000000002,,,,3.5,9,2021,-7.679,2021-09,0.6601,0.416,32.8161,15.2384,0.2349
Sandhiyur,2021-10-01,11.5669,78.1414,-7.679,45,24.0,8.0,1.0,1,-7.918,-6.303,-7.674,-7.3,0.2389999999999998,3.5,,,27.5,10,2021,-4.224,2021-10,0.6554,0.4705,30.7623,17.7758,0.2831
Sandhiyur,2021-11-01,11.5669,78.1414,-4.224,62,152.0,111.0,2.0,1,-7.679,-7.918,-6.303,-6.606999999999999,3.455,24.0,3.5,,179.5,11,2021,-3.872,2021-11,0.3869,0.2634,29.2981,18.5211,0.3421
Sandhiyur,2021-12-01,11.5669,78.1414,-3.872,13,6.5,2.0,1.0,1,-4.224,-7.679,-7.918,-5.258333333333334,0.3520000000000003,152.0,24.0,3.5,182.5,12,2021,-3.865,2021-12,0.6228,0.3787,29.411,16.5078,0.2769
Sandhiyur,2022-01-01,11.5669,78.1414,-3.865,2,0.5,1.0,1.0,1,-3.872,-4.224,-7.679,-3.987,0.0069999999999996,6.5,152.0,24.0,159.0,1,2022,-3.694,2022-01,0.5377,0.3345,30.6823,14.8975,0.2041
Sandhiyur,2022-02-01,11.5669,78.1414,-3.694,51,,,,0,-3.865,-3.872,-4.224,-3.810333333333334,0.1710000000000002,0.5,6.5,152.0,7.0,2,2022,-4.2575,2022-02,0.4568,0.2722,34.4342,8.7642,0.1369
Sandhiyur,2022-03-01,11.5669,78.1414,-4.2575,122,1900.25,14.0,2.0,1,-3.694,-3.865,-3.872,-3.9388333333333336,-0.5635000000000003,,0.5,6.5,1900.75,3,2022,-4.569,2022-03,0.4502,0.2897,35.3166,7.6555,0.1239
Sandhiyur,2022-04-01,11.5669,78.1414,-4.569,115,79.25,38.0,2.0,1,-4.2575,-3.694,-3.865,-4.1735,-0.3114999999999996,1900.25,,0.5,1979.5,4,2022,-4.589499999999999,2022-04,0.524,0.348,36.0792,10.0485,0.1492
Sandhiyur,2022-05-01,11.5669,78.1414,-4.589499999999999,32,24.0,2.0,1.0,1,-4.569,-4.2575,-3.694,-4.472,-0.0204999999999992,79.25,1900.25,,2003.5,5,2022,-4.654999999999999,2022-05,0.5846,0.385,34.2861,12.9431,0.2032
Sandhiyur,2022-06-01,11.5669,78.1414,-4.654999999999999,120,82.0,35.0,2.0,1,-4.589499999999999,-4.569,-4.2575,-4.6045,-0.0655000000000001,24.0,79.25,1900.25,185.25,6,2022,-4.958,2022-06,0.5723,0.3838,34.469,13.7563,0.1898
Sandhiyur,2022-07-01,11.5669,78.1414,-4.958,124,53.0,55.0,2.0,1,-4.654999999999999,-4.589499999999999,-4.569,-4.734166666666666,-0.3030000000000008,82.0,24.0,79.25,159.0,7,2022,-4.005000000000001,2022-07,0.5593,0.3836,31.2652,14.0677,0.2203
Sandhiyur,2022-08-01,11.5669,78.1414,-4.005000000000001,124,214.75,92.0,2.0,1,-4.958,-4.654999999999999,-4.589499999999999,-4.539333333333333,0.9529999999999994,53.0,82.0,24.0,349.75,8,2022,-2.952,2022-08,0.6496,0.4112,30.9511,18.3496,0.2559
Sandhiyur,2022-09-01,11.5669,78.1414,-2.952,121,15.25,26.0,2.0,1,-4.005000000000001,-4.958,-4.654999999999999,-3.971666666666667,1.0530000000000008,214.75,53.0,82.0,283.0,9,2022,-2.464,2022-09,0.5297,0.3853,33.5643,18.9512,0.254
Sandhiyur,2022-10-01,11.5669,78.1414,-2.464,117,126.5,64.0,2.0,1,-2.952,-4.005000000000001,-4.958,-3.140333333333334,0.488,15.25,214.75,53.0,356.5,10,2022,-1.7745,2022-10,0.6251,0.4476,30.2181,19.0972,0.2727
Sandhiyur,2022-11-01,11.5669,78.1414,-1.7745,62,101.25,71.0,2.0,1,-2.464,-2.952,-4.005000000000001,-2.3968333333333334,0.6895,126.5,15.25,214.75,243.0,11,2022,-0.99,2022-11,0.6421,0.3822,29.296,18.8264,0.2653
Sandhiyur,2022-12-01,11.5669,78.1414,-0.99,118,51.0,67.0,2.0,1,-1.7745,-2.464,-2.952,-1.7428333333333337,0.7845,101.25,126.5,15.25,278.75,12,2022,-0.6174999999999999,2022-12,0.6071,0.3453,30.2098,14.4071,0.2532
Sandhiyur,2023-01-01,11.5669,78.1414,-0.6174999999999999,104,2.5,7.0,2.0,1,-0.99,-1.7745,-2.464,-1.1273333333333333,0.3725,51.0,101.25,126.5,154.75,1,2023,-0.3165,2023-01,0.5299,0.307,30.5211,8.7798,0.1798
Sandhiyur,2023-02-01,11.5669,78.1414,-0.3165,110,5.0,4.0,1.0,1,-0.6174999999999999,-0.99,-1.7745,-0.6413333333333333,0.3009999999999999,2.5,51.0,101.25,58.5,2,2023,-0.217,2023-02,0.4299,0.2649,33.732,6.4166,0.1316
Sandhiyur,2023-03-01,11.5669,78.1414,-0.217,120,48.75,17.0,2.0,1,-0.3165,-0.6174999999999999,-0.99,-0.3836666666666666,0.0995,5.0,2.5,51.0,56.25,3,2023,0.5105,2023-03,0.4643,0.2772,36.0158,6.2855,0.1327
Sandhiyur,2023-04-01,11.5669,78.1414,0.5105,118,32.0,14.0,2.0,1,-0.217,-0.3165,-0.6174999999999999,-0.0076666666666666,0.7274999999999999,48.75,5.0,2.5,85.75,4,2023,1.712,2023-04,0.493,0.2842,37.5139,6.0524,0.1261
Sandhiyur,2023-05-01,11.5669,78.1414,1.712,108,95.75,64.0,2.0,1,0.5105,-0.217,-0.3165,0.6685,1.2015,32.0,48.75,5.0,176.5,5,2023,2.193,2023-05,0.5623,0.3965,33.1964,15.4014,0.1787
Sandhiyur,2023-06-01,11.5669,78.1414,2.193,118,35.5,20.0,2.0,1,1.712,0.5105,-0.217,1.471833333333333,0.4810000000000001,95.75,32.0,48.75,163.25,6,2023,2.8235,2023-06,0.5582,0.3681,35.8488,12.243,0.1669
Sandhiyur,2023-07-01,11.5669,78.1414,2.8235,124,51.25,60.0,2.0,1,2.193,1.712,0.5105,2.242833333333333,0.6305000000000001,35.5,95.75,32.0,182.5,7,2023,3.408,2023-07,0.5461,0.3456,34.4938,11.1154,0.1764
Sandhiyur,2023-08-01,11.5669,78.1414,3.408,120,96.5,37.0,2.0,1,2.8235,2.193,1.712,2.8081666666666667,0.5844999999999998,51.25,35.5,95.75,183.25,8,2023,4.772,2023-08,0.6034,0.367,34.3394,10.104,0.1723
Sandhiyur,2023-09-01,11.5669,78.1414,4.772,118,262.5,90.0,2.0,1,3.408,2.8235,2.193,3.667833333333333,1.3640000000000003,96.5,51.25,35.5,410.25,9,2023,5.658,2023-09,0.6208,0.4255,33.5176,15.2533,0.2447
Sandhiyur,2023-10-01,11.5669,78.1414,5.658,57,121.5,59.0,2.0,1,4.772,3.408,2.8235,4.612666666666667,0.8860000000000001,262.5,96.5,51.25,480.5,10,2023,-6.483,2023-10,0.6367,0.4228,32.1205,14.8414,0.1956
Sandhiyur,2024-01-01,11.5669,78.1414,-6.483,34,21.25,20.0,2.0,1,5.658,4.772,3.408,1.3156666666666668,-12.141,121.5,262.5,96.5,405.25,1,2024,-5.3575,2024-01,0.4616,0.2859,31.2057,7.3918,0.1528
Sandhiyur,2024-02-01,11.5669,78.1414,-5.3575,116,,,,0,-6.483,5.658,4.772,-2.060833333333333,1.1254999999999995,21.25,121.5,262.5,142.75,2,2024,-3.909,2024-02,0.4112,0.2459,34.4236,5.7973,0.1091
Sandhiyur,2024-03-01,11.5669,78.1414,-3.909,122,,,,0,-5.3575,-6.483,5.658,-5.249833333333334,1.4485,,21.25,121.5,21.25,3,2024,-3.249,2024-03,0.3719,0.2185,37.0126,3.0749,0.0879
Sandhiyur,2024-04-01,11.5669,78.1414,-3.249,118,6.0,2.0,1.0,1,-3.909,-5.3575,-6.483,-4.171833333333333,0.6599999999999997,,,21.25,6.0,4,2024,-2.7925,2024-04,0.356,0.2175,39.9662,2.4174,0.0854
Sandhiyur,2024-05-01,11.5669,78.1414,-2.7925,124,192.0,72.0,2.0,1,-3.249,-3.909,-5.3575,-3.3168333333333337,0.4565000000000001,6.0,,,198.0,5,2024,0.236,2024-05,0.4806,0.2964,33.6799,8.9638,0.1971
Sandhiyur,2024-06-01,11.5669,78.1414,0.236,35,131.0,63.0,2.0,1,-2.7925,-3.249,-3.909,-1.9351666666666671,3.0285,192.0,6.0,,329.0,6,2024,-2.627,2024-06,0.6091,0.4093,31.8078,12.6555,0.2319
Sandhiyur,2024-07-01,11.5669,78.1414,-2.627,82,68.25,55.0,2.0,1,0.236,-2.7925,-3.249,-1.7278333333333336,-2.8629999999999995,131.0,192.0,6.0,391.25,7,2024,-2.654,2024-07,0.5742,0.411,32.0394,13.1624,0.1954
Sandhiyur,2024-08-01,11.5669,78.1414,-2.654,124,197.75,95.0,2.0,1,-2.627,0.236,-2.7925,-1.6816666666666669,-0.0270000000000001,68.25,131.0,192.0,397.0,8,2024,-2.621,2024-08,0.6672,0.4711,30.4946,17.84,0.2467
Sandhiyur,2024-09-01,11.5669,78.1414,-2.621,120,28.0,17.0,2.0,1,-2.654,-2.627,0.236,-2.6340000000000003,0.0329999999999999,197.75,68.25,131.0,294.0,9,2024,-2.6635,2024-09,0.5682,0.3794,34.0193,14.9131,0.1808
Sandhiyur,2024-10-01,11.5669,78.1414,-2.6635,124,207.75,113.0,2.0,1,-2.621,-2.654,-2.627,-2.6461666666666672,-0.0424999999999999,28.0,197.75,68.25,433.5,10,2024,-2.6295,2024-10,0.6709,0.4485,29.3432,18.7584,0.2641
Sandhiyur,2024-11-01,11.5669,78.1414,-2.6295,120,43.25,50.0,2.0,1,-2.6635,-2.621,-2.654,-2.6380000000000003,0.0339999999999998,207.75,28.0,197.75,279.0,11,2024,-3.334,2024-11,0.3949,0.3019,28.5346,13.5935,0.2234
Sandhiyur,2024-12-01,11.5669,78.1414,-3.334,120,98.25,86.0,2.0,1,-2.6295,-2.6635,-2.621,-2.875666666666667,-0.7044999999999995,43.25,207.75,28.0,349.25,12,2024,-3.177,2024-12,0.6571,0.4505,27.3171,17.6918,0.2701
Sandhiyur,2025-01-01,11.5669,78.1414,-3.177,122,5.75,8.0,2.0,1,-3.334,-2.6295,-2.6635,-3.0468333333333337,0.1569999999999995,98.25,43.25,207.75,147.25,1,2025,-3.353,2025-01,0.5846,0.3713,27.3918,12.773,0.1951
Sandhiyur,2025-02-01,11.5669,78.1414,-3.353,112,,,,0,-3.177,-3.334,-2.6295,-3.2880000000000003,-0.1759999999999997,5.75,98.25,43.25,104.0,2,2025,-3.507,2025-02,0.4732,0.2639,31.1579,8.0363,0.1264
Sandhiyur,2025-03-01,11.5669,78.1414,-3.507,110,13.25,21.0,2.0,1,-3.353,-3.177,-3.334,-3.345666666666667,-0.1539999999999999,,5.75,98.25,19.0,3,2025,-3.964,2025-03,0.441,0.2653,33.9117,5.48,0.115
Sandhiyur,2025-04-01,11.5669,78.1414,-3.964,116,14.0,7.0,2.0,1,-3.507,-3.353,-3.177,-3.608,-0.4570000000000003,13.25,,5.75,27.25,4,2025,-3.949,2025-04,0.5106,0.3144,33.5182,6.0751,0.1275
Sandhiyur,2025-05-01,11.5669,78.1414,-3.949,116,216.0,75.0,2.0,1,-3.964,-3.507,-3.353,-3.806666666666666,0.0150000000000001,14.0,13.25,,243.25,5,2025,-2.9125,2025-05,0.5832,0.3611,31.3464,9.9455,0.2055
Sandhiyur,2025-06-01,11.5669,78.1414,-2.9125,118,69.0,32.0,2.0,1,-3.949,-3.964,-3.507,-3.6085000000000007,1.0364999999999998,216.0,14.0,13.25,299.0,6,2025,-2.374,2025-06,0.6216,0.4197,29.4223,11.0433,0.1909
Sandhiyur,2025-07-01,11.5669,78.1414,-2.374,101,16.25,15.0,2.0,1,-2.9125,-3.949,-3.964,-3.0785,0.5385,69.0,216.0,14.0,301.25,7,2025,-2.109,2025-07,0.6403,0.3864,29.6335,11.9479,0.172
Sandhiyur,2025-08-01,11.5669,78.1414,-2.109,95,84.25,46.0,2.0,1,-2.374,-2.9125,-3.949,-2.4651666666666667,0.2650000000000001,16.25,69.0,216.0,169.5,8,2025,-1.689,2025-08,0.6308,0.496,29.9169,14.7651,0.1966
Sandhiyur,2025-09-01,11.5669,78.1414,-1.689,112,59.75,37.0,2.0,1,-2.109,-2.374,-2.9125,-2.0573333333333337,0.4199999999999999,84.25,16.25,69.0,160.25,9,2025,-0.587,2025-09,0.639,0.4497,29.2655,16.3888,0.2183
Sandhiyur,2025-10-01,11.5669,78.1414,-0.587,25,107.25,86.0,2.0,1,-1.689,-2.109,-2.374,-1.461666666666667,1.102,59.75,84.25,16.25,251.25,10,2025,-0.292,2025-10,0.6504,0.4914,28.6119,19.2168,0.2624
Sandhiyur,2025-11-01,11.5669,78.1414,-0.292,103,279.75,64.0,2.0,1,-0.587,-1.689,-2.109,-0.8560000000000003,0.295,107.25,59.75,84.25,446.75,11,2025,-0.551,2025-11,0.6602,0.4636,28.215,18.1722,0.2075
Sendarapatti,2021-06-01,11.4369,78.5114,-5.585,120,,,,0,-12.1925,-8.657499999999999,-5.6515,-8.811666666666666,6.607499999999999,,,,,6,2021,-5.5385,2021-06,0.5816,0.3459,35.9281,12.3039,0.1701
Sendarapatti,2021-07-01,11.4369,78.5114,-5.5385,114,,,,0,-5.585,-12.1925,-8.657499999999999,-7.7719999999999985,0.0464999999999999,,,,,7,2021,-7.886,2021-07,0.6496,0.4277,31.057,16.4868,0.2479
Sendarapatti,2021-08-01,11.4369,78.5114,-7.886,125,,,,0,-5.5385,-5.585,-12.1925,-6.3365,-2.3475,,,,,8,2021,-11.4875,2021-08,0.6119,0.3887,36.6187,15.0774,0.2178
Sendarapatti,2021-09-01,11.4369,78.5114,-11.4875,106,3.5,1.0,1.0,1,-7.886,-5.5385,-5.585,-8.304,-3.6015000000000006,,,,3.5,9,2021,-12.287,2021-09,0.6892,0.414,34.0659,15.7763,0.2278
Sendarapatti,2021-10-01,11.4369,78.5114,-12.287,124,24.0,8.0,1.0,1,-11.4875,-7.886,-5.5385,-10.5535,-0.7994999999999983,3.5,,,27.5,10,2021,-6.371499999999999,2021-10,0.7116,0.4912,31.5546,19.9049,0.2961
Sendarapatti,2021-11-01,11.4369,78.5114,-6.371499999999999,120,152.0,111.0,2.0,1,-12.287,-11.4875,-7.886,-10.048666666666668,5.9155,24.0,3.5,,179.5,11,2021,-6.1435,2021-11,0.5249,0.3384,28.0548,19.3639,0.3679
Sendarapatti,2021-12-01,11.4369,78.5114,-6.1435,124,6.5,2.0,1.0,1,-6.371499999999999,-12.287,-11.4875,-8.267333333333333,0.2279999999999997,152.0,24.0,3.5,182.5,12,2021,-6.271,2021-12,0.6894,0.4281,28.6227,18.629,0.3281
Sendarapatti,2022-01-01,11.4369,78.5114,-6.271,19,0.5,1.0,1.0,1,-6.1435,-6.371499999999999,-12.287,-6.262,-0.1275000000000004,6.5,152.0,24.0,159.0,1,2022,-7.281,2022-01,0.6033,0.3502,30.0575,18.5904,0.247
Sendarapatti,2022-05-01,11.4369,78.5114,-7.281,27,24.0,2.0,1.0,1,-6.271,-6.1435,-6.371499999999999,-6.565166666666666,-1.0099999999999998,0.5,6.5,152.0,31.0,5,2022,-7.533,2022-05,0.5933,0.3476,35.0468,11.9362,0.192
Sendarapatti,2022-06-01,11.4369,78.5114,-7.533,120,82.0,35.0,2.0,1,-7.281,-6.271,-6.1435,-7.028333333333333,-0.2520000000000006,24.0,0.5,6.5,106.5,6,2022,-7.625500000000001,2022-06,0.6164,0.348,35.2997,12.4855,0.1922
Sendarapatti,2022-07-01,11.4369,78.5114,-7.625500000000001,124,53.0,55.0,2.0,1,-7.533,-7.281,-6.271,-7.479833333333333,-0.0925000000000002,82.0,24.0,0.5,159.0,7,2022,-7.084,2022-07,0.5831,0.3927,33.4842,13.5379,0.2258
Sendarapatti,2022-08-01,11.4369,78.5114,-7.084,122,214.75,92.0,2.0,1,-7.625500000000001,-7.533,-7.281,-7.414166666666667,0.541500000000001,53.0,82.0,24.0,349.75,8,2022,-7.3815,2022-08,0.6452,0.4083,33.8938,17.9446,0.2539
Sendarapatti,2022-09-01,11.4369,78.5114,-7.3815,120,15.25,26.0,2.0,1,-7.084,-7.625500000000001,-7.533,-7.363666666666667,-0.2975000000000003,214.75,53.0,82.0,283.0,9,2022,-6.355,2022-09,0.4474,0.2923,34.4418,17.935,0.2573
Sendarapatti,2022-10-01,11.4369,78.5114,-6.355,120,126.5,64.0,2.0,1,-7.3815,-7.084,-7.625500000000001,-6.940166666666667,1.0264999999999995,15.25,214.75,53.0,356.5,10,2022,-4.743,2022-10,0.7018,0.5029,30.2954,20.9752,0.2726
Sendarapatti,2022-11-01,11.4369,78.5114,-4.743,117,101.25,71.0,2.0,1,-6.355,-7.3815,-7.084,-6.159833333333334,1.612,126.5,15.25,214.75,243.0,11,2022,-5.789,2022-11,0.6306,0.4206,28.8477,21.0321,0.2806
Sendarapatti,2022-12-01,11.4369,78.5114,-5.789,123,51.0,67.0,2.0,1,-4.743,-6.355,-7.3815,-5.629,-1.0459999999999994,101.25,126.5,15.25,278.75,12,2022,-6.8875,2022-12,0.6386,0.3513,28.7882,16.1034,0.2709
Sendarapatti,2023-01-01,11.4369,78.5114,-6.8875,110,2.5,7.0,2.0,1,-5.789,-4.743,-6.355,-5.8065,-1.0985000000000005,51.0,101.25,126.5,154.75,1,2023,-7.425000000000001,2023-01,0.5919,0.3304,29.1737,10.7266,0.1892
Sendarapatti,2023-02-01,11.4369,78.5114,-7.425000000000001,110,5.0,4.0,1.0,1,-6.8875,-5.789,-4.743,-6.700500000000001,-0.5375000000000005,2.5,51.0,101.25,58.5,2,2023,-7.801,2023-02,0.5076,0.2916,33.3526,8.3814,0.1447
Sendarapatti,2023-03-01,11.4369,78.5114,-7.801,124,48.75,17.0,2.0,1,-7.425000000000001,-6.8875,-5.789,-7.371166666666667,-0.3759999999999994,5.0,2.5,51.0,56.25,3,2023,-8.984,2023-03,0.4954,0.2822,34.9966,9.047,0.138
Sendarapatti,2023-04-01,11.4369,78.5114,-8.984,85,32.0,14.0,2.0,1,-7.801,-7.425000000000001,-6.8875,-8.07,-1.1829999999999998,48.75,5.0,2.5,85.75,4,2023,-6.644,2023-04,0.5137,0.2855,37.2533,7.8682,0.1285
Sendarapatti,2023-05-01,11.4369,78.5114,-6.644,15,95.75,64.0,2.0,1,-8.984,-7.801,-7.425000000000001,-7.809666666666668,2.34,32.0,48.75,5.0,176.5,5,2023,-7.266,2023-05,0.6222,0.4087,32.8588,16.8998,0.1834
Sendarapatti,2023-06-01,11.4369,78.5114,-7.266,120,35.5,20.0,2.0,1,-6.644,-8.984,-7.801,-7.631333333333333,-0.6219999999999999,95.75,32.0,48.75,163.25,6,2023,-7.8025,2023-06,0.5597,0.3271,35.7195,14.495,0.1673
Sendarapatti,2023-07-01,11.4369,78.5114,-7.8025,124,51.25,60.0,2.0,1,-7.266,-6.644,-8.984,-7.2375,-0.5365000000000002,35.5,95.75,32.0,182.5,7,2023,-8.3025,2023-07,0.5057,0.3185,36.1145,11.2269,0.1728
Sendarapatti,2023-08-01,11.4369,78.5114,-8.3025,124,96.5,37.0,2.0,1,-7.8025,-7.266,-6.644,-7.790333333333334,-0.5,51.25,35.5,95.75,183.25,8,2023,-5.186,2023-08,0.6261,0.4141,34.4804,11.8213,0.18
Sendarapatti,2023-09-01,11.4369,78.5114,-5.186,118,262.5,90.0,2.0,1,-8.3025,-7.8025,-7.266,-7.097000000000001,3.1165000000000003,96.5,51.25,35.5,410.25,9,2023,-6.252,2023-09,0.6781,0.4622,33.1628,17.7219,0.2557
Sendarapatti,2023-10-01,11.4369,78.5114,-6.252,110,121.5,59.0,2.0,1,-5.186,-8.3025,-7.8025,-6.580166666666667,-1.0659999999999998,262.5,96.5,51.25,480.5,10,2023,-4.656,2023-10,0.6912,0.4556,32.4283,17.808,0.1989
Sendarapatti,2023-11-01,11.4369,78.5114,-4.656,120,127.0,92.0,2.0,1,-6.252,-5.186,-8.3025,-5.364666666666667,1.596,121.5,262.5,96.5,511.0,11,2023,-5.99,2023-11,0.6686,0.4196,27.0125,19.6016,0.2706
Sendarapatti,2023-12-01,11.4369,78.5114,-5.99,122,4.5,9.0,2.0,1,-4.656,-6.252,-5.186,-5.632666666666666,-1.3340000000000003,127.0,121.5,262.5,253.0,12,2023,-6.4315,2023-12,0.6982,0.3919,27.9101,15.6521,0.2121
Sendarapatti,2024-01-01,11.4369,78.5114,-6.4315,124,21.25,20.0,2.0,1,-5.99,-4.656,-6.252,-5.6925,-0.4414999999999995,4.5,127.0,121.5,152.75,1,2024,-6.667,2024-01,0.6032,0.3481,28.8952,11.976,0.1778
Sendarapatti,2024-02-01,11.4369,78.5114,-6.667,116,,,,0,-6.4315,-5.99,-4.656,-6.362833333333334,-0.2355,21.25,4.5,127.0,25.75,2,2024,-6.964,2024-02,0.5076,0.3005,31.9728,8.7636,0.1246
Sendarapatti,2024-03-01,11.4369,78.5114,-6.964,124,,,,0,-6.667,-6.4315,-5.99,-6.6875,-0.2970000000000006,,21.25,4.5,21.25,3,2024,-7.361499999999999,2024-03,0.4544,0.2583,37.0675,5.9667,0.1034
Sendarapatti,2024-04-01,11.4369,78.5114,-7.361499999999999,120,6.0,2.0,1.0,1,-6.964,-6.667,-6.4315,-6.9975,-0.3974999999999991,,,21.25,6.0,4,2024,-7.9925,2024-04,0.3943,0.2473,39.9112,3.8005,0.0926
Sendarapatti,2024-05-01,11.4369,78.5114,-7.9925,122,192.0,72.0,2.0,1,-7.361499999999999,-6.964,-6.667,-7.439333333333333,-0.6310000000000002,6.0,,,198.0,5,2024,-8.7055,2024-05,0.5229,0.2896,35.2539,9.0319,0.1904
Sendarapatti,2024-06-01,11.4369,78.5114,-8.7055,120,131.0,63.0,2.0,1,-7.9925,-7.361499999999999,-6.964,-8.019833333333333,-0.713000000000001,192.0,6.0,,329.0,6,2024,-9.701,2024-06,0.6754,0.4594,33.3961,16.1671,0.2387
Sendarapatti,2024-07-01,11.4369,78.5114,-9.701,120,68.25,55.0,2.0,1,-8.7055,-7.9925,-7.361499999999999,-8.799666666666667,-0.9954999999999998,131.0,192.0,6.0,391.25,7,2024,-10.551,2024-07,0.5651,0.357,29.787,15.1256,0.1817
Sendarapatti,2024-08-01,11.4369,78.5114,-10.551,112,197.75,95.0,2.0,1,-9.701,-8.7055,-7.9925,-9.652500000000002,-0.8499999999999996,68.25,131.0,192.0,397.0,8,2024,-6.167,2024-08,0.6956,0.4688,30.4231,17.7905,0.2471
Sendarapatti,2024-09-01,11.4369,78.5114,-6.167,117,28.0,17.0,2.0,1,-10.551,-9.701,-8.7055,-8.806333333333333,4.384,197.75,68.25,131.0,294.0,9,2024,-6.474,2024-09,0.6631,0.3889,33.7566,16.4005,0.1748
Sendarapatti,2024-10-01,11.4369,78.5114,-6.474,123,207.75,113.0,2.0,1,-6.167,-10.551,-9.701,-7.730666666666667,-0.3070000000000004,28.0,197.75,68.25,433.5,10,2024,-5.904,2024-10,0.7361,0.4991,29.0943,20.6243,0.2767
Sendarapatti,2024-11-01,11.4369,78.5114,-5.904,114,43.25,50.0,2.0,1,-6.474,-6.167,-10.551,-6.181666666666668,0.5700000000000003,207.75,28.0,197.75,279.0,11,2024,-3.823,2024-11,0.3893,0.3205,26.9793,18.4566,0.2491
Sendarapatti,2024-12-01,11.4369,78.5114,-3.823,123,98.25,86.0,2.0,1,-5.904,-6.474,-6.167,-5.400333333333333,2.081,43.25,207.75,28.0,349.25,12,2024,-4.65,2024-12,0.7253,0.4935,26.5927,19.5311,0.2903
Sendarapatti,2025-01-01,11.4369,78.5114,-4.65,116,5.75,8.0,2.0,1,-3.823,-5.904,-6.474,-4.792333333333334,-0.8270000000000004,98.25,43.25,207.75,147.25,1,2025,-6.038,2025-01,0.638,0.4088,26.4495,15.8124,0.217
Sendarapatti,2025-02-01,11.4369,78.5114,-6.038,112,,,,0,-4.65,-3.823,-5.904,-4.837000000000001,-1.388,5.75,98.25,43.25,104.0,2,2025,-6.448,2025-02,0.5482,0.3021,30.2447,9.749,0.1376
Sendarapatti,2025-03-01,11.4369,78.5114,-6.448,109,13.25,21.0,2.0,1,-6.038,-4.65,-3.823,-5.712000000000001,-0.4100000000000001,,5.75,98.25,19.0,3,2025,-6.776,2025-03,0.5208,0.29,33.8162,8.7716,0.1251
Sendarapatti,2025-04-01,11.4369,78.5114,-6.776,60,14.0,7.0,2.0,1,-6.448,-6.038,-4.65,-6.4206666666666665,-0.3279999999999994,13.25,,5.75,27.25,4,2025,-5.3815,2025-04,0.5457,0.3159,33.4279,7.7534,0.1323
Singipuram,2021-06-01,11.6333,78.4158,-32.569,120,,,,0,-12.383500000000002,-8.76,-6.134,-17.90416666666667,-20.1855,,,,,6,2021,-8.152,2021-06,0.53,0.3335,37.8048,10.0993,0.1734
Singipuram,2021-07-01,11.6333,78.4158,-8.152,116,,,,0,-32.569,-12.383500000000002,-8.76,-17.701500000000003,24.417,,,,,7,2021,-7.436,2021-07,0.5904,0.3977,32.4525,13.9346,0.2486
Singipuram,2021-08-01,11.6333,78.4158,-7.436,125,,,,0,-8.152,-32.569,-12.383500000000002,-16.052333333333333,0.7159999999999993,,,,,8,2021,-8.146,2021-08,0.5953,0.395,36.3636,13.9023,0.2208
Singipuram,2021-09-01,11.6333,78.4158,-8.146,106,3.5,1.0,1.0,1,-7.436,-8.152,-32.569,-7.911333333333334,-0.7100000000000009,,,,3.5,9,2021,-8.386,2021-09,0.664,0.4272,34.1854,15.4821,0.2493
Singipuram,2021-10-01,11.6333,78.4158,-8.386,59,24.0,8.0,1.0,1,-8.146,-7.436,-8.152,-7.989333333333334,-0.2399999999999984,3.5,,,27.5,10,2021,-0.8395,2021-10,0.6812,0.4947,31.4767,19.1697,0.2937
Singipuram,2021-11-01,11.6333,78.4158,-0.8395,2,152.0,111.0,2.0,1,-8.386,-8.146,-7.436,-5.790500000000001,7.546499999999999,24.0,3.5,,179.5,11,2021,-1.3795,2021-11,0.5774,0.3728,29.8105,18.6884,0.3573
Singipuram,2021-12-01,11.6333,78.4158,-1.3795,124,6.5,2.0,1.0,1,-0.8395,-8.386,-8.146,-3.535,-0.5399999999999999,152.0,24.0,3.5,182.5,12,2021,-2.301,2021-12,0.649,0.4002,29.5428,16.9863,0.3043
Singipuram,2022-01-01,11.6333,78.4158,-2.301,124,0.5,1.0,1.0,1,-1.3795,-0.8395,-8.386,-1.5066666666666666,-0.9215000000000002,6.5,152.0,24.0,159.0,1,2022,-3.4805,2022-01,0.5511,0.3259,31.3388,16.1468,0.2364
Singipuram,2022-02-01,11.6333,78.4158,-3.4805,112,,,,0,-2.301,-1.3795,-0.8395,-2.387,-1.1795,0.5,6.5,152.0,7.0,2,2022,-5.0655,2022-02,0.4782,0.2796,34.8502,9.2146,0.1614
Singipuram,2022-03-01,11.6333,78.4158,-5.0655,124,1900.25,14.0,2.0,1,-3.4805,-2.301,-1.3795,-3.6156666666666655,-1.585,,0.5,6.5,1900.75,3,2022,-5.546,2022-03,0.4349,0.261,36.8206,8.1888,0.1351
Singipuram,2022-04-01,11.6333,78.4158,-5.546,119,79.25,38.0,2.0,1,-5.0655,-3.4805,-2.301,-4.697333333333333,-0.4805000000000001,1900.25,,0.5,1979.5,4,2022,-5.809,2022-04,0.4832,0.3025,37.5141,9.3334,0.1497
Singipuram,2022-05-01,11.6333,78.4158,-5.809,31,24.0,2.0,1.0,1,-5.546,-5.0655,-3.4805,-5.4735000000000005,-0.2629999999999999,79.25,1900.25,,2003.5,5,2022,-6.4625,2022-05,0.5434,0.3385,36.4224,10.7747,0.1987
Singipuram,2022-06-01,11.6333,78.4158,-6.4625,120,82.0,35.0,2.0,1,-5.809,-5.546,-5.0655,-5.939166666666668,-0.6535000000000002,24.0,79.25,1900.25,185.25,6,2022,-6.846,2022-06,0.5437,0.3365,36.384,11.7749,0.1943
Singipuram,2022-07-01,11.6333,78.4158,-6.846,124,53.0,55.0,2.0,1,-6.4625,-5.809,-5.546,-6.3725,-0.3834999999999997,82.0,24.0,79.25,159.0,7,2022,-6.8565000000000005,2022-07,0.576,0.421,34.3595,13.4031,0.2253
Singipuram,2022-08-01,11.6333,78.4158,-6.8565000000000005,122,214.75,92.0,2.0,1,-6.846,-6.4625,-5.809,-6.721666666666667,-0.0105000000000003,53.0,82.0,24.0,349.75,8,2022,-6.182,2022-08,0.603,0.3827,35.8183,16.682,0.2611
Singipuram,2022-09-01,11.6333,78.4158,-6.182,121,15.25,26.0,2.0,1,-6.8565000000000005,-6.846,-6.4625,-6.628166666666668,0.6745000000000001,214.75,53.0,82.0,283.0,9,2022,-5.4245,2022-09,0.5075,0.3571,35.4316,17.7504,0.2575
Singipuram,2022-10-01,11.6333,78.4158,-5.4245,124,126.5,64.0,2.0,1,-6.182,-6.8565000000000005,-6.846,-6.154333333333334,0.7575000000000003,15.25,214.75,53.0,356.5,10,2022,-2.705,2022-10,0.651,0.4696,30.3417,19.4976,0.2701
Singipuram,2022-11-01,11.6333,78.4158,-2.705,119,101.25,71.0,2.0,1,-5.4245,-6.182,-6.8565000000000005,-4.7705,2.7195,126.5,15.25,214.75,243.0,11,2022,-2.78,2022-11,0.6355,0.4036,30.0846,19.583,0.2694
Singipuram,2022-12-01,11.6333,78.4158,-2.78,121,51.0,67.0,2.0,1,-2.705,-5.4245,-6.182,-3.6365,-0.0749999999999997,101.25,126.5,15.25,278.75,12,2022,-4.1240000000000006,2022-12,0.611,0.3395,30.1077,14.8875,0.2623
Singipuram,2023-01-01,11.6333,78.4158,-4.1240000000000006,106,2.5,7.0,2.0,1,-2.78,-2.705,-5.4245,-3.203,-1.3440000000000007,51.0,101.25,126.5,154.75,1,2023,-5.7195,2023-01,0.5407,0.3157,30.7359,8.7933,0.1924
Singipuram,2023-02-01,11.6333,78.4158,-5.7195,112,5.0,4.0,1.0,1,-4.1240000000000006,-2.78,-2.705,-4.207833333333333,-1.5954999999999997,2.5,51.0,101.25,58.5,2,2023,-7.6035,2023-02,0.465,0.2792,34.9652,7.3109,0.1466
Singipuram,2023-03-01,11.6333,78.4158,-7.6035,122,48.75,17.0,2.0,1,-5.7195,-4.1240000000000006,-2.78,-5.815666666666668,-1.8840000000000003,5.0,2.5,51.0,56.25,3,2023,-8.973500000000001,2023-03,0.4928,0.3144,35.77,7.9178,0.1412
Singipuram,2023-04-01,11.6333,78.4158,-8.973500000000001,120,32.0,14.0,2.0,1,-7.6035,-5.7195,-4.1240000000000006,-7.432166666666667,-1.370000000000001,48.75,5.0,2.5,85.75,4,2023,-9.457,2023-04,0.475,0.2826,38.786,6.3764,0.1242
Singipuram,2023-05-01,11.6333,78.4158,-9.457,109,95.75,64.0,2.0,1,-8.973500000000001,-7.6035,-5.7195,-8.678,-0.4834999999999994,32.0,48.75,5.0,176.5,5,2023,-13.6915,2023-05,0.5149,0.3399,35.7916,14.1268,0.1851
Singipuram,2023-06-01,11.6333,78.4158,-13.6915,120,35.5,20.0,2.0,1,-9.457,-8.973500000000001,-7.6035,-10.707333333333333,-4.234500000000001,95.75,32.0,48.75,163.25,6,2023,-34.495,2023-06,0.5005,0.2829,38.8441,11.2042,0.1743
Singipuram,2023-07-01,11.6333,78.4158,-34.495,124,51.25,60.0,2.0,1,-13.6915,-9.457,-8.973500000000001,-19.2145,-20.8035,35.5,95.75,32.0,182.5,7,2023,-34.4835,2023-07,0.515,0.3482,35.4909,10.3284,0.1838
Singipuram,2023-08-01,11.6333,78.4158,-34.4835,124,96.5,37.0,2.0,1,-34.495,-13.6915,-9.457,-27.55666666666667,0.011499999999998,51.25,35.5,95.75,183.25,8,2023,-34.467,2023-08,0.5786,0.3423,36.5159,9.868,0.187
Singipuram,2023-09-01,11.6333,78.4158,-34.467,120,262.5,90.0,2.0,1,-34.4835,-34.495,-13.6915,-34.481833333333334,0.0165000000000006,96.5,51.25,35.5,410.25,9,2023,-34.442,2023-09,0.6278,0.4409,34.0864,15.543,0.2576
Singipuram,2023-10-01,11.6333,78.4158,-34.442,110,121.5,59.0,2.0,1,-34.467,-34.4835,-34.495,-34.46416666666667,0.0249999999999985,262.5,96.5,51.25,480.5,10,2023,-34.431,2023-10,0.6661,0.4608,32.7821,15.9615,0.2057
Singipuram,2023-11-01,11.6333,78.4158,-34.431,120,127.0,92.0,2.0,1,-34.442,-34.467,-34.4835,-34.446666666666665,0.0110000000000027,121.5,262.5,96.5,511.0,11,2023,-22.088,2023-11,0.6326,0.4396,28.6644,18.4458,0.2558
Singipuram,2023-12-01,11.6333,78.4158,-22.088,122,4.5,9.0,2.0,1,-34.431,-34.442,-34.467,-30.32033333333333,12.342999999999996,127.0,121.5,262.5,253.0,12,2023,-34.430499999999995,2023-12,0.6453,0.3972,29.6347,12.6288,0.2081
Singipuram,2024-01-01,11.6333,78.4158,-34.430499999999995,122,21.25,20.0,2.0,1,-22.088,-34.431,-34.442,-30.3165,-12.342499999999994,4.5,127.0,121.5,152.75,1,2024,-34.468,2024-01,0.5073,0.2911,31.5433,8.7107,0.1708
Singipuram,2024-02-01,11.6333,78.4158,-34.468,116,,,,0,-34.430499999999995,-22.088,-34.431,-30.328833333333336,-0.0375000000000085,21.25,4.5,127.0,25.75,2,2024,-34.4895,2024-02,0.4332,0.2576,34.6548,6.3148,0.115
Singipuram,2024-03-01,11.6333,78.4158,-34.4895,122,,,,0,-34.468,-34.430499999999995,-22.088,-34.46266666666667,-0.021499999999996,,21.25,4.5,21.25,3,2024,-34.535,2024-03,0.3794,0.2269,39.3549,3.826,0.0873
Singipuram,2024-04-01,11.6333,78.4158,-34.535,118,6.0,2.0,1.0,1,-34.4895,-34.468,-34.430499999999995,-34.4975,-0.0454999999999969,,,21.25,6.0,4,2024,-34.533500000000004,2024-04,0.3483,0.2098,42.0983,2.644,0.078
Singipuram,2024-05-01,11.6333,78.4158,-34.533500000000004,124,192.0,72.0,2.0,1,-34.535,-34.4895,-34.468,-34.51933333333333,0.0014999999999929,6.0,,,198.0,5,2024,-7.498,2024-05,0.4514,0.2837,33.0577,8.352,0.1911
Singipuram,2024-06-01,11.6333,78.4158,-7.498,120,131.0,63.0,2.0,1,-34.533500000000004,-34.535,-34.4895,-25.522166666666667,27.035500000000003,192.0,6.0,,329.0,6,2024,-30.847,2024-06,0.5931,0.4095,32.6715,11.1661,0.2362
Singipuram,2024-07-01,11.6333,78.4158,-30.847,120,68.25,55.0,2.0,1,-7.498,-34.533500000000004,-34.535,-24.292833333333338,-23.349,131.0,192.0,6.0,391.25,7,2024,-34.447,2024-07,0.5487,0.3718,34.9919,13.124,0.1934
Singipuram,2024-08-01,11.6333,78.4158,-34.447,113,197.75,95.0,2.0,1,-30.847,-7.498,-34.533500000000004,-24.264000000000006,-3.6000000000000014,68.25,131.0,192.0,397.0,8,2024,-13.917,2024-08,0.6434,0.4405,32.322,17.121,0.2525
Singipuram,2024-09-01,11.6333,78.4158,-13.917,118,28.0,17.0,2.0,1,-34.447,-30.847,-7.498,-26.40366666666667,20.53,197.75,68.25,131.0,294.0,9,2024,-8.991,2024-09,0.6252,0.3822,34.3967,13.8302,0.1877
Singipuram,2024-10-01,11.6333,78.4158,-8.991,123,207.75,113.0,2.0,1,-13.917,-34.447,-30.847,-19.11833333333334,4.926,28.0,197.75,68.25,433.5,10,2024,-8.341,2024-10,0.6934,0.4891,30.0479,19.3528,0.266
Singipuram,2024-11-01,11.6333,78.4158,-8.341,115,43.25,50.0,2.0,1,-8.991,-13.917,-34.447,-10.416333333333338,0.6500000000000004,207.75,28.0,197.75,279.0,11,2024,-5.2985,2024-11,0.353,0.23,28.4206,14.355,0.2306
Singipuram,2024-12-01,11.6333,78.4158,-5.2985,124,98.25,86.0,2.0,1,-8.341,-8.991,-13.917,-7.543500000000005,3.0424999999999995,43.25,207.75,28.0,349.25,12,2024,-5.1605,2024-12,0.6332,0.4298,27.3542,17.5233,0.2723
Singipuram,2025-01-01,11.6333,78.4158,-5.1605,120,5.75,8.0,2.0,1,-5.2985,-8.341,-8.991,-6.26666666666667,0.1379999999999999,98.25,43.25,207.75,147.25,1,2025,-6.614,2025-01,0.5739,0.3531,28.0768,13.5385,0.2013
Singipuram,2025-02-01,11.6333,78.4158,-6.614,112,,,,0,-5.1605,-5.2985,-8.341,-5.691000000000005,-1.4535,5.75,98.25,43.25,104.0,2,2025,-8.188500000000001,2025-02,0.5021,0.2839,31.575,8.242,0.1343
Singipuram,2025-03-01,11.6333,78.4158,-8.188500000000001,120,13.25,21.0,2.0,1,-6.614,-5.1605,-5.2985,-6.654333333333338,-1.5745000000000011,,5.75,98.25,19.0,3,2025,-9.956,2025-03,0.4833,0.2979,34.7446,7.379,0.1203
Singipuram,2025-04-01,11.6333,78.4158,-9.956,63,14.0,7.0,2.0,1,-8.188500000000001,-6.614,-5.1605,-8.252833333333339,-1.7674999999999983,13.25,,5.75,27.25,4,2025,-35.963,2025-04,0.4912,0.311,33.5906,6.914,0.1201
Singipuram,2025-11-01,11.6333,78.4158,-35.963,1,279.75,64.0,2.0,1,-9.956,-8.188500000000001,-6.614,-18.03583333333334,-26.007,14.0,13.25,,307.0,11,2025,-21.267,2025-11,0.6889,0.49,28.6405,18.4696,0.2204
Siruvachur,2021-04-01,11.6389,78.7556,-6.102,120,,,,0,-5.261,-4.609500000000001,-2.858,-5.324166666666667,-0.8410000000000002,,,,,4,2021,-6.8515,2021-04,0.4999,0.3281,37.2139,9.9125,0.1703
Siruvachur,2021-05-01,11.6389,78.7556,-6.8515,124,,,,0,-6.102,-5.261,-4.609500000000001,-6.0715,-0.7494999999999994,,,,,5,2021,-6.0120000000000005,2021-05,0.4573,0.2857,39.4321,8.7739,0.1817
Siruvachur,2021-06-01,11.6389,78.7556,-6.0120000000000005,120,,,,0,-6.8515,-6.102,-5.261,-6.321833333333334,0.8394999999999992,,,,,6,2021,-5.8465,2021-06,0.4676,0.287,38.2781,9.9197,0.1941
Siruvachur,2021-07-01,11.6389,78.7556,-5.8465,114,,,,0,-6.0120000000000005,-6.8515,-6.102,-6.236666666666667,0.1655000000000006,,,,,7,2021,-6.0815,2021-07,0.4937,0.2906,34.9505,12.6858,0.2625
Siruvachur,2021-08-01,11.6389,78.7556,-6.0815,124,,,,0,-5.8465,-6.0120000000000005,-6.8515,-5.98,-0.2350000000000003,,,,,8,2021,-6.026,2021-08,0.5731,0.3661,36.9112,12.5321,0.2446
Siruvachur,2021-09-01,11.6389,78.7556,-6.026,106,3.5,1.0,1.0,1,-6.0815,-5.8465,-6.0120000000000005,-5.984666666666667,0.0555000000000003,,,,3.5,9,2021,-5.533,2021-09,0.6705,0.4563,34.77,16.1795,0.2684
Siruvachur,2021-10-01,11.6389,78.7556,-5.533,124,24.0,8.0,1.0,1,-6.026,-6.0815,-5.8465,-5.880166666666667,0.4930000000000003,3.5,,,27.5,10,2021,-1.479,2021-10,0.7303,0.5184,31.5643,20.5823,0.3211
Siruvachur,2021-11-01,11.6389,78.7556,-1.479,120,152.0,111.0,2.0,1,-5.533,-6.026,-6.0815,-4.346,4.053999999999999,24.0,3.5,,179.5,11,2021,-0.9325,2021-11,0.5586,0.3708,29.5272,19.2432,0.386
Siruvachur,2021-12-01,11.6389,78.7556,-0.9325,124,6.5,2.0,1.0,1,-1.479,-5.533,-6.026,-2.6481666666666666,0.5465000000000001,152.0,24.0,3.5,182.5,12,2021,-2.214,2021-12,0.6421,0.404,29.4068,18.2668,0.3622
Siruvachur,2022-01-01,11.6389,78.7556,-2.214,124,0.5,1.0,1.0,1,-0.9325,-1.479,-5.533,-1.5418333333333336,-1.2815,6.5,152.0,24.0,159.0,1,2022,-3.1945,2022-01,0.5848,0.3659,30.5256,18.7508,0.2976
Siruvachur,2022-02-01,11.6389,78.7556,-3.1945,112,,,,0,-2.214,-0.9325,-1.479,-2.1136666666666666,-0.9804999999999996,0.5,6.5,152.0,7.0,2,2022,-4.53,2022-02,0.5865,0.3623,32.4197,12.9979,0.2329
Siruvachur,2022-03-01,11.6389,78.7556,-4.53,124,1900.25,14.0,2.0,1,-3.1945,-2.214,-0.9325,-3.3128333333333337,-1.3355000000000006,,0.5,6.5,1900.75,3,2022,-5.103,2022-03,0.5649,0.3263,34.3359,11.8672,0.1869
Siruvachur,2022-04-01,11.6389,78.7556,-5.103,115,79.25,38.0,2.0,1,-4.53,-3.1945,-2.214,-4.275833333333334,-0.5729999999999995,1900.25,,0.5,1979.5,4,2022,-5.199,2022-04,0.4916,0.3085,38.0876,10.2854,0.1824
Siruvachur,2022-05-01,11.6389,78.7556,-5.199,31,24.0,2.0,1.0,1,-5.103,-4.53,-3.1945,-4.944,-0.096,79.25,1900.25,,2003.5,5,2022,-5.827500000000001,2022-05,0.5266,0.3078,36.5399,10.9197,0.2229
Siruvachur,2022-06-01,11.6389,78.7556,-5.827500000000001,120,82.0,35.0,2.0,1,-5.199,-5.103,-4.53,-5.3765,-0.6285000000000007,24.0,79.25,1900.25,185.25,6,2022,-6.6295,2022-06,0.4981,0.284,38.3223,10.6864,0.2201
Siruvachur,2022-07-01,11.6389,78.7556,-6.6295,124,53.0,55.0,2.0,1,-5.827500000000001,-5.199,-5.103,-5.885333333333334,-0.8019999999999996,82.0,24.0,79.25,159.0,7,2022,-3.8465,2022-07,0.5143,0.3348,34.0416,11.7448,0.234
Siruvachur,2022-08-01,11.6389,78.7556,-3.8465,124,214.75,92.0,2.0,1,-6.6295,-5.827500000000001,-5.199,-5.4345,2.7830000000000004,53.0,82.0,24.0,349.75,8,2022,-4.395,2022-08,0.599,0.3845,35.5973,16.3479,0.2779
Siruvachur,2022-09-01,11.6389,78.7556,-4.395,120,15.25,26.0,2.0,1,-3.8465,-6.6295,-5.827500000000001,-4.957,-0.5484999999999998,214.75,53.0,82.0,283.0,9,2022,-4.949999999999999,2022-09,0.4547,0.3219,35.662,17.8923,0.2777
Siruvachur,2022-10-01,11.6389,78.7556,-4.949999999999999,124,126.5,64.0,2.0,1,-4.395,-3.8465,-6.6295,-4.397166666666666,-0.5549999999999997,15.25,214.75,53.0,356.5,10,2022,-1.443,2022-10,0.6903,0.5168,32.1127,20.779,0.2879
Siruvachur,2022-11-01,11.6389,78.7556,-1.443,120,101.25,71.0,2.0,1,-4.949999999999999,-4.395,-3.8465,-3.596,3.5069999999999992,126.5,15.25,214.75,243.0,11,2022,-2.662,2022-11,0.6887,0.4454,29.7568,20.9483,0.3067
Siruvachur,2022-12-01,11.6389,78.7556,-2.662,118,51.0,67.0,2.0,1,-1.443,-4.949999999999999,-4.395,-3.018333333333333,-1.219,101.25,126.5,15.25,278.75,12,2022,-4.697,2022-12,0.6174,0.3463,30.4371,16.1691,0.3062
Siruvachur,2023-01-01,11.6389,78.7556,-4.697,116,2.5,7.0,2.0,1,-2.662,-1.443,-4.949999999999999,-2.9340000000000006,-2.035,51.0,101.25,126.5,154.75,1,2023,-5.5885,2023-01,0.5612,0.3284,30.6533,10.5586,0.2414
Siruvachur,2023-02-01,11.6389,78.7556,-5.5885,112,5.0,4.0,1.0,1,-4.697,-2.662,-1.443,-4.315833333333334,-0.8914999999999997,2.5,51.0,101.25,58.5,2,2023,-6.1585,2023-02,0.5446,0.3429,33.3754,9.8367,0.2027
Siruvachur,2023-03-01,11.6389,78.7556,-6.1585,114,48.75,17.0,2.0,1,-5.5885,-4.697,-2.662,-5.481333333333335,-0.5700000000000003,5.0,2.5,51.0,56.25,3,2023,-6.7405,2023-03,0.5304,0.3232,35.3627,10.4561,0.1785
Siruvachur,2023-04-01,11.6389,78.7556,-6.7405,116,32.0,14.0,2.0,1,-6.1585,-5.5885,-4.697,-6.1625000000000005,-0.5819999999999999,48.75,5.0,2.5,85.75,4,2023,-5.781,2023-04,0.5013,0.2847,38.2199,7.1831,0.1554
Siruvachur,2023-05-01,11.6389,78.7556,-5.781,110,95.75,64.0,2.0,1,-6.7405,-6.1585,-5.5885,-6.226666666666667,0.9595000000000002,32.0,48.75,5.0,176.5,5,2023,-6.4725,2023-05,0.5199,0.3346,35.7607,14.6793,0.2101
Siruvachur,2023-06-01,11.6389,78.7556,-6.4725,120,35.5,20.0,2.0,1,-5.781,-6.7405,-6.1585,-6.331333333333333,-0.6915000000000004,95.75,32.0,48.75,163.25,6,2023,-7.614,2023-06,0.4825,0.286,37.547,12.7993,0.1958
Siruvachur,2023-07-01,11.6389,78.7556,-7.614,122,51.25,60.0,2.0,1,-6.4725,-5.781,-6.7405,-6.6225,-1.1414999999999995,35.5,95.75,32.0,182.5,7,2023,-6.468500000000001,2023-07,0.4955,0.318,37.0278,11.1077,0.204
Siruvachur,2023-08-01,11.6389,78.7556,-6.468500000000001,124,96.5,37.0,2.0,1,-7.614,-6.4725,-5.781,-6.851666666666668,1.1454999999999993,51.25,35.5,95.75,183.25,8,2023,-6.1845,2023-08,0.6215,0.4236,35.2634,12.0149,0.2164
Siruvachur,2023-09-01,11.6389,78.7556,-6.1845,118,262.5,90.0,2.0,1,-6.468500000000001,-7.614,-6.4725,-6.755666666666667,0.2840000000000007,96.5,51.25,35.5,410.25,9,2023,-6.936,2023-09,0.6537,0.4439,33.9499,17.4618,0.2665
Siruvachur,2023-10-01,11.6389,78.7556,-6.936,110,121.5,59.0,2.0,1,-6.1845,-6.468500000000001,-7.614,-6.529666666666667,-0.7515000000000001,262.5,96.5,51.25,480.5,10,2023,-4.975,2023-10,0.6673,0.5007,33.6514,16.664,0.2199
Siruvachur,2023-11-01,11.6389,78.7556,-4.975,120,127.0,92.0,2.0,1,-6.936,-6.1845,-6.468500000000001,-6.031833333333334,1.9610000000000003,121.5,262.5,96.5,511.0,11,2023,-5.151,2023-11,0.6893,0.4334,29.4335,20.1591,0.2897
Siruvachur,2023-12-01,11.6389,78.7556,-5.151,122,4.5,9.0,2.0,1,-4.975,-6.936,-6.1845,-5.687333333333334,-0.1760000000000001,127.0,121.5,262.5,253.0,12,2023,-6.0955,2023-12,0.6416,0.4196,30.0918,16.9875,0.2503
Siruvachur,2024-01-01,11.6389,78.7556,-6.0955,124,21.25,20.0,2.0,1,-5.151,-4.975,-6.936,-5.407166666666668,-0.9444999999999996,4.5,127.0,121.5,152.75,1,2024,-7.1335,2024-01,0.5726,0.3711,31.3956,11.8571,0.2238
Siruvachur,2024-02-01,11.6389,78.7556,-7.1335,116,,,,0,-6.0955,-5.151,-4.975,-6.126666666666666,-1.0380000000000005,21.25,4.5,127.0,25.75,2,2024,-8.064499999999999,2024-02,0.4892,0.3096,34.114,8.4312,0.1684
Siruvachur,2024-03-01,11.6389,78.7556,-8.064499999999999,122,,,,0,-7.1335,-6.0955,-5.151,-7.097833333333333,-0.9309999999999992,,21.25,4.5,21.25,3,2024,-8.792,2024-03,0.394,0.235,39.3477,5.2936,0.1278
Siruvachur,2024-04-01,11.6389,78.7556,-8.792,120,6.0,2.0,1.0,1,-8.064499999999999,-7.1335,-6.0955,-7.996666666666667,-0.7275000000000009,,,21.25,6.0,4,2024,-9.1415,2024-04,0.3169,0.1999,43.2479,2.8574,0.1019
Siruvachur,2024-05-01,11.6389,78.7556,-9.1415,122,192.0,72.0,2.0,1,-8.792,-8.064499999999999,-7.1335,-8.665999999999999,-0.3495000000000008,6.0,,,198.0,5,2024,-6.41,2024-05,0.4412,0.2641,38.8344,7.8641,0.1855
Siruvachur,2024-06-01,11.6389,78.7556,-6.41,120,131.0,63.0,2.0,1,-9.1415,-8.792,-8.064499999999999,-8.1145,2.7315000000000005,192.0,6.0,,329.0,6,2024,-7.958500000000001,2024-06,0.5277,0.3386,34.6268,11.334,0.2405
Siruvachur,2024-07-01,11.6389,78.7556,-7.958500000000001,120,68.25,55.0,2.0,1,-6.41,-9.1415,-8.792,-7.836666666666667,-1.5485000000000009,131.0,192.0,6.0,391.25,7,2024,-4.783,2024-07,0.4782,0.2922,38.1446,11.9955,0.1988
Siruvachur,2024-08-01,11.6389,78.7556,-4.783,103,197.75,95.0,2.0,1,-7.958500000000001,-6.41,-9.1415,-6.383833333333334,3.1755000000000004,68.25,131.0,192.0,397.0,8,2024,-5.7275,2024-08,0.6087,0.3915,32.8793,15.8866,0.2645
Siruvachur,2024-09-01,11.6389,78.7556,-5.7275,120,28.0,17.0,2.0,1,-4.783,-7.958500000000001,-6.41,-6.156333333333333,-0.9444999999999996,197.75,68.25,131.0,294.0,9,2024,-4.402,2024-09,0.6701,0.4228,34.7451,15.4922,0.2086
Siruvachur,2024-10-01,11.6389,78.7556,-4.402,122,207.75,113.0,2.0,1,-5.7275,-4.783,-7.958500000000001,-4.970833333333334,1.3255,28.0,197.75,68.25,433.5,10,2024,-4.5625,2024-10,0.7291,0.5423,29.998,20.4189,0.274
Siruvachur,2024-11-01,11.6389,78.7556,-4.5625,118,43.25,50.0,2.0,1,-4.402,-5.7275,-4.783,-4.897333333333333,-0.1604999999999998,207.75,28.0,197.75,279.0,11,2024,-2.9465000000000003,2024-11,0.5816,0.3792,27.8973,15.6127,0.2525
Siruvachur,2024-12-01,11.6389,78.7556,-2.9465000000000003,124,98.25,86.0,2.0,1,-4.5625,-4.402,-5.7275,-3.970333333333334,1.6159999999999997,43.25,207.75,28.0,349.25,12,2024,-4.3825,2024-12,0.6619,0.4984,26.7646,18.0114,0.3081
Siruvachur,2025-01-01,11.6389,78.7556,-4.3825,118,5.75,8.0,2.0,1,-2.9465000000000003,-4.5625,-4.402,-3.9638333333333335,-1.436,98.25,43.25,207.75,147.25,1,2025,-5.893,2025-01,0.6026,0.3933,28.6704,15.7799,0.2519
Siruvachur,2025-02-01,11.6389,78.7556,-5.893,112,,,,0,-4.3825,-2.9465000000000003,-4.5625,-4.407333333333334,-1.5104999999999995,5.75,98.25,43.25,104.0,2,2025,-5.211,2025-02,0.5376,0.3424,31.2147,9.8482,0.1922
Siruvachur,2025-03-01,11.6389,78.7556,-5.211,103,13.25,21.0,2.0,1,-5.893,-4.3825,-2.9465000000000003,-5.162166666666667,0.6819999999999995,,5.75,98.25,19.0,3,2025,-3.7835,2025-03,0.5478,0.3705,33.9301,10.7293,0.1774
Siruvachur,2025-11-01,11.6389,78.7556,-3.7835,10,279.75,64.0,2.0,1,-5.211,-5.893,-4.3825,-4.9625,1.4275000000000002,13.25,,5.75,293.0,11,2025,-4.921,2025-11,0.7101,0.4993,28.9675,19.7082,0.2728
Sitteri,2021-05-01,11.5444,78.7986,-7.773,124,,,,0,-6.4955,-5.074,-4.01,-6.447500000000001,-1.2775,,,,,5,2021,-7.728,2021-05,0.4549,0.3057,39.7807,8.3801,0.1499
Sitteri,2021-06-01,11.5444,78.7986,-7.728,120,,,,0,-7.773,-6.4955,-5.074,-7.332166666666666,0.0449999999999999,,,,,6,2021,-9.0705,2021-06,0.475,0.3033,39.487,9.6131,0.1674
Sitteri,2021-07-01,11.5444,78.7986,-9.0705,114,,,,0,-7.728,-7.773,-6.4955,-8.1905,-1.3424999999999994,,,,,7,2021,-8.503,2021-07,0.4828,0.2944,38.257,11.4306,0.2369
Sitteri,2021-08-01,11.5444,78.7986,-8.503,125,,,,0,-9.0705,-7.728,-7.773,-8.433833333333332,0.567499999999999,,,,,8,2021,-8.096499999999999,2021-08,0.5321,0.348,39.1281,11.5328,0.2169
Sitteri,2021-09-01,11.5444,78.7986,-8.096499999999999,106,3.5,1.0,1.0,1,-8.503,-9.0705,-7.728,-8.556666666666665,0.4065000000000012,,,,3.5,9,2021,-6.920999999999999,2021-09,0.6615,0.4653,38.2268,15.0284,0.2369
Sitteri,2021-10-01,11.5444,78.7986,-6.920999999999999,124,24.0,8.0,1.0,1,-8.096499999999999,-8.503,-9.0705,-7.840166666666666,1.1754999999999995,3.5,,,27.5,10,2021,-3.7755,2021-10,0.7252,0.5661,32.0713,19.9615,0.2966
Sitteri,2021-11-01,11.5444,78.7986,-3.7755,56,152.0,111.0,2.0,1,-6.920999999999999,-8.096499999999999,-8.503,-6.264333333333333,3.1454999999999997,24.0,3.5,,179.5,11,2021,-3.38,2021-11,0.5159,0.354,28.7705,18.3297,0.3743
Sitteri,2022-05-01,11.5444,78.7986,-3.38,27,24.0,2.0,1.0,1,-3.7755,-6.920999999999999,-8.096499999999999,-4.692166666666666,0.3955000000000002,152.0,24.0,3.5,200.0,5,2022,-3.606,2022-05,0.5052,0.3142,37.4051,10.1177,0.1937
Sitteri,2022-06-01,11.5444,78.7986,-3.606,120,82.0,35.0,2.0,1,-3.38,-3.7755,-6.920999999999999,-3.5871666666666666,-0.2259999999999999,24.0,152.0,24.0,258.0,6,2022,-3.879,2022-06,0.5232,0.3151,38.2862,10.4126,0.1906
Sitteri,2022-07-01,11.5444,78.7986,-3.879,124,53.0,55.0,2.0,1,-3.606,-3.38,-3.7755,-3.6216666666666666,-0.2730000000000001,82.0,24.0,152.0,159.0,7,2022,-2.664,2022-07,0.4991,0.333,36.7892,11.3567,0.2054
Sitteri,2022-08-01,11.5444,78.7986,-2.664,122,214.75,92.0,2.0,1,-3.879,-3.606,-3.38,-3.3830000000000005,1.215,53.0,82.0,24.0,349.75,8,2022,-3.032,2022-08,0.5529,0.3616,38.3738,15.3187,0.2484
Sitteri,2022-09-01,11.5444,78.7986,-3.032,120,15.25,26.0,2.0,1,-2.664,-3.879,-3.606,-3.1916666666666664,-0.3679999999999999,214.75,53.0,82.0,283.0,9,2022,-3.9095,2022-09,0.4303,0.3034,37.4762,16.5983,0.2417
Sitteri,2022-10-01,11.5444,78.7986,-3.9095,122,126.5,64.0,2.0,1,-3.032,-2.664,-3.879,-3.201833333333333,-0.8775,15.25,214.75,53.0,356.5,10,2022,-1.659,2022-10,0.6714,0.5042,32.139,19.8835,0.2525
Sitteri,2022-11-01,11.5444,78.7986,-1.659,120,101.25,71.0,2.0,1,-3.9095,-3.032,-2.664,-2.8668333333333336,2.2505,126.5,15.25,214.75,243.0,11,2022,-1.28,2022-11,0.6772,0.4524,30.5235,20.1557,0.2713
Sitteri,2022-12-01,11.5444,78.7986,-1.28,125,51.0,67.0,2.0,1,-1.659,-3.9095,-3.032,-2.282833333333333,0.379,101.25,126.5,15.25,278.75,12,2022,-1.319,2022-12,0.5666,0.3145,30.2241,15.0751,0.2722
Sitteri,2023-01-01,11.5444,78.7986,-1.319,110,2.5,7.0,2.0,1,-1.28,-1.659,-3.9095,-1.4193333333333331,-0.0389999999999999,51.0,101.25,126.5,154.75,1,2023,-1.807,2023-01,0.4998,0.2912,31.1655,8.1701,0.1947
Sitteri,2023-02-01,11.5444,78.7986,-1.807,110,5.0,4.0,1.0,1,-1.319,-1.28,-1.659,-1.4686666666666668,-0.488,2.5,51.0,101.25,58.5,2,2023,-1.976,2023-02,0.4779,0.2981,33.9213,7.1934,0.1612
Sitteri,2023-03-01,11.5444,78.7986,-1.976,112,48.75,17.0,2.0,1,-1.807,-1.319,-1.28,-1.7006666666666668,-0.169,5.0,2.5,51.0,56.25,3,2023,-3.4125,2023-03,0.5037,0.3203,35.8087,9.3862,0.1357
Sitteri,2023-04-01,11.5444,78.7986,-3.4125,118,32.0,14.0,2.0,1,-1.976,-1.807,-1.319,-2.3985,-1.4364999999999997,48.75,5.0,2.5,85.75,4,2023,-3.6465,2023-04,0.491,0.2912,39.0068,7.023,0.1196
Sitteri,2023-05-01,11.5444,78.7986,-3.6465,104,95.75,64.0,2.0,1,-3.4125,-1.976,-1.807,-3.0116666666666663,-0.2339999999999999,32.0,48.75,5.0,176.5,5,2023,-4.768,2023-05,0.5024,0.3338,36.364,13.7985,0.1825
Sitteri,2023-06-01,11.5444,78.7986,-4.768,120,35.5,20.0,2.0,1,-3.6465,-3.4125,-1.976,-3.9423333333333335,-1.1215000000000002,95.75,32.0,48.75,163.25,6,2023,-5.346500000000001,2023-06,0.4498,0.2733,39.0285,11.8128,0.1706
Sitteri,2023-07-01,11.5444,78.7986,-5.346500000000001,124,51.25,60.0,2.0,1,-4.768,-3.6465,-3.4125,-4.587000000000001,-0.5785000000000009,35.5,95.75,32.0,182.5,7,2023,-5.1325,2023-07,0.4371,0.286,38.4318,9.0467,0.1783
Sitteri,2023-08-01,11.5444,78.7986,-5.1325,124,96.5,37.0,2.0,1,-5.346500000000001,-4.768,-3.6465,-5.082333333333334,0.2140000000000004,51.25,35.5,95.75,183.25,8,2023,-5.013,2023-08,0.5251,0.3514,37.8814,9.4307,0.1992
Sitteri,2023-09-01,11.5444,78.7986,-5.013,120,262.5,90.0,2.0,1,-5.1325,-5.346500000000001,-4.768,-5.164000000000001,0.1195000000000003,96.5,51.25,35.5,410.25,9,2023,-5.6995000000000005,2023-09,0.6044,0.4186,36.7057,15.1858,0.2415
Sitteri,2023-10-01,11.5444,78.7986,-5.6995000000000005,110,121.5,59.0,2.0,1,-5.013,-5.1325,-5.346500000000001,-5.281666666666667,-0.6865000000000006,262.5,96.5,51.25,480.5,10,2023,-5.021,2023-10,0.6472,0.4829,34.197,15.5461,0.1742
Sitteri,2023-11-01,11.5444,78.7986,-5.021,120,127.0,92.0,2.0,1,-5.6995000000000005,-5.013,-5.1325,-5.2445,0.6785000000000005,121.5,262.5,96.5,511.0,11,2023,-4.5105,2023-11,0.6787,0.4813,28.8796,19.7446,0.2637
Sitteri,2023-12-01,11.5444,78.7986,-4.5105,122,4.5,9.0,2.0,1,-5.021,-5.6995000000000005,-5.013,-5.077000000000001,0.5104999999999995,127.0,121.5,262.5,253.0,12,2023,-5.339,2023-12,0.597,0.392,30.5733,15.826,0.2103
Sitteri,2024-01-01,11.5444,78.7986,-5.339,124,21.25,20.0,2.0,1,-4.5105,-5.021,-5.6995000000000005,-4.956833333333333,-0.8285,4.5,127.0,121.5,152.75,1,2024,-6.188000000000001,2024-01,0.4973,0.309,31.6898,9.4544,0.1769
Sitteri,2024-02-01,11.5444,78.7986,-6.188000000000001,114,,,,0,-5.339,-4.5105,-5.021,-5.345833333333334,-0.8490000000000002,21.25,4.5,127.0,25.75,2,2024,-6.804,2024-02,0.4338,0.2938,34.6747,6.2719,0.1161
Sitteri,2024-03-01,11.5444,78.7986,-6.804,124,,,,0,-6.188000000000001,-5.339,-4.5105,-6.110333333333333,-0.6159999999999997,,21.25,4.5,21.25,3,2024,-7.883,2024-03,0.398,0.2746,39.4211,5.3657,0.0876
Sitteri,2024-04-01,11.5444,78.7986,-7.883,116,6.0,2.0,1.0,1,-6.804,-6.188000000000001,-5.339,-6.958333333333333,-1.0789999999999995,,,21.25,6.0,4,2024,-8.457,2024-04,0.3348,0.2262,43.3185,3.1644,0.0758
Sitteri,2024-05-01,11.5444,78.7986,-8.457,122,192.0,72.0,2.0,1,-7.883,-6.804,-6.188000000000001,-7.714666666666666,-0.5740000000000007,6.0,,,198.0,5,2024,-7.661,2024-05,0.4453,0.2622,39.1234,7.6108,0.1639
Sitteri,2024-06-01,11.5444,78.7986,-7.661,120,131.0,63.0,2.0,1,-8.457,-7.883,-6.804,-8.000333333333334,0.7960000000000012,192.0,6.0,,329.0,6,2024,-8.3945,2024-06,0.5327,0.362,36.9522,11.514,0.2203
Sitteri,2024-07-01,11.5444,78.7986,-8.3945,120,68.25,55.0,2.0,1,-7.661,-8.457,-7.883,-8.170833333333334,-0.7335000000000012,131.0,192.0,6.0,391.25,7,2024,-6.388,2024-07,0.471,0.2898,39.2363,10.2972,0.1664
Sitteri,2024-08-01,11.5444,78.7986,-6.388,84,197.75,95.0,2.0,1,-8.3945,-7.661,-8.457,-7.481166666666667,2.006500000000001,68.25,131.0,192.0,397.0,8,2024,-6.885,2024-08,0.5689,0.3491,34.1911,14.1087,0.2363
Sitteri,2024-09-01,11.5444,78.7986,-6.885,71,28.0,17.0,2.0,1,-6.388,-8.3945,-7.661,-7.2225,-0.4969999999999999,197.75,68.25,131.0,294.0,9,2024,-6.0245,2024-09,0.6075,0.4151,36.5522,13.3081,0.1667
Sitteri,2024-10-01,11.5444,78.7986,-6.0245,114,207.75,113.0,2.0,1,-6.885,-6.388,-8.3945,-6.4325,0.8605,28.0,197.75,68.25,433.5,10,2024,-6.4855,2024-10,0.7069,0.5118,30.495,19.6957,0.2396
Sitteri,2024-11-01,11.5444,78.7986,-6.4855,116,43.25,50.0,2.0,1,-6.0245,-6.885,-6.388,-6.465,-0.4610000000000003,207.75,28.0,197.75,279.0,11,2024,-2.59,2024-11,0.571,0.3835,27.9385,16.0072,0.2166
Sitteri,2024-12-01,11.5444,78.7986,-2.59,92,98.25,86.0,2.0,1,-6.4855,-6.0245,-6.885,-5.033333333333333,3.8955,43.25,207.75,28.0,349.25,12,2024,-2.1345,2024-12,0.6146,0.4075,27.167,17.6596,0.2781
Sitteri,2025-01-01,11.5444,78.7986,-2.1345,114,5.75,8.0,2.0,1,-2.59,-6.4855,-6.0245,-3.736666666666667,0.4554999999999998,98.25,43.25,207.75,147.25,1,2025,-2.432,2025-01,0.5462,0.3627,28.9699,14.4974,0.2146
Sitteri,2025-02-01,11.5444,78.7986,-2.432,109,,,,0,-2.1345,-2.59,-6.4855,-2.3855,-0.2974999999999999,5.75,98.25,43.25,104.0,2,2025,-2.837,2025-02,0.4693,0.2749,31.4539,6.8227,0.1477
Sitteri,2025-03-01,11.5444,78.7986,-2.837,91,13.25,21.0,2.0,1,-2.432,-2.1345,-2.59,-2.467833333333333,-0.4050000000000002,,5.75,98.25,19.0,3,2025,-3.568,2025-03,0.5351,0.3662,34.4717,9.9876,0.1387
Sitteri,2025-11-01,11.5444,78.7986,-3.568,12,279.75,64.0,2.0,1,-2.837,-2.432,-2.1345,-2.9456666666666664,-0.7309999999999994,13.25,,5.75,293.0,11,2025,-3.484,2025-11,0.6915,0.4544,28.861,18.141,0.2446
Sukkampatti,2021-04-01,11.7178,78.2669,-6.534000000000001,116,,,,0,-5.994,-5.8515,-0.0535,-6.1265,-0.5400000000000009,,,,,4,2021,-6.871,2021-04,0.4898,0.2885,34.8169,7.3335,0.1312
Sukkampatti,2021-05-01,11.7178,78.2669,-6.871,124,,,,0,-6.534000000000001,-5.994,-5.8515,-6.466333333333334,-0.3369999999999997,,,,,5,2021,-7.763999999999999,2021-05,0.5633,0.3612,35.1903,11.1452,0.154
Sukkampatti,2021-06-01,11.7178,78.2669,-7.763999999999999,120,,,,0,-6.871,-6.534000000000001,-5.994,-7.056333333333334,-0.8929999999999989,,,,,6,2021,-6.4305,2021-06,0.5934,0.3525,34.3511,13.9218,0.1711
Sukkampatti,2021-07-01,11.7178,78.2669,-6.4305,116,,,,0,-7.763999999999999,-6.871,-6.534000000000001,-7.021833333333333,1.333499999999999,,,,,7,2021,-5.924,2021-07,0.697,0.4738,30.2397,18.5282,0.2445
Sukkampatti,2021-08-01,11.7178,78.2669,-5.924,125,,,,0,-6.4305,-7.763999999999999,-6.871,-6.706166666666667,0.5065,,,,,8,2021,-4.231,2021-08,0.6883,0.4318,31.8763,16.9722,0.2113
Sukkampatti,2021-09-01,11.7178,78.2669,-4.231,106,3.5,1.0,1.0,1,-5.924,-6.4305,-7.763999999999999,-5.5285,1.6930000000000005,,,,3.5,9,2021,-2.865,2021-09,0.7129,0.4529,30.4673,18.1348,0.249
Sukkampatti,2021-10-01,11.7178,78.2669,-2.865,124,24.0,8.0,1.0,1,-4.231,-5.924,-6.4305,-4.34,1.3659999999999997,3.5,,,27.5,10,2021,-1.435,2021-10,0.6969,0.5005,29.4853,20.4264,0.2892
Sukkampatti,2021-11-01,11.7178,78.2669,-1.435,120,152.0,111.0,2.0,1,-2.865,-4.231,-5.924,-2.843666666666667,1.4300000000000002,24.0,3.5,,179.5,11,2021,-2.1575,2021-11,0.4123,0.2856,28.2395,19.7967,0.3498
Sukkampatti,2021-12-01,11.7178,78.2669,-2.1575,124,6.5,2.0,1.0,1,-1.435,-2.865,-4.231,-2.1525,-0.7224999999999997,152.0,24.0,3.5,182.5,12,2021,-3.1195,2021-12,0.6864,0.429,28.1888,19.2511,0.2929
Sukkampatti,2022-01-01,11.7178,78.2669,-3.1195,124,0.5,1.0,1.0,1,-2.1575,-1.435,-2.865,-2.2373333333333334,-0.9620000000000002,6.5,152.0,24.0,159.0,1,2022,-3.866,2022-01,0.6089,0.3616,29.0549,17.5388,0.227
Sukkampatti,2022-02-01,11.7178,78.2669,-3.866,112,,,,0,-3.1195,-2.1575,-1.435,-3.0476666666666663,-0.7465000000000002,0.5,6.5,152.0,7.0,2,2022,-4.673,2022-02,0.5271,0.2936,32.7477,11.424,0.1532
Sukkampatti,2022-03-01,11.7178,78.2669,-4.673,124,1900.25,14.0,2.0,1,-3.866,-3.1195,-2.1575,-3.8861666666666665,-0.8069999999999999,,0.5,6.5,1900.75,3,2022,-4.9615,2022-03,0.5002,0.2876,34.8329,9.1808,0.1299
Sukkampatti,2022-04-01,11.7178,78.2669,-4.9615,118,79.25,38.0,2.0,1,-4.673,-3.866,-3.1195,-4.500166666666666,-0.2885,1900.25,,0.5,1979.5,4,2022,-4.982,2022-04,0.6011,0.3749,34.2358,13.2082,0.149
Sukkampatti,2022-05-01,11.7178,78.2669,-4.982,34,24.0,2.0,1.0,1,-4.9615,-4.673,-3.866,-4.872166666666667,-0.0205000000000001,79.25,1900.25,,2003.5,5,2022,-5.0105,2022-05,0.6403,0.4008,32.0044,15.8933,0.1995
Sukkampatti,2022-06-01,11.7178,78.2669,-5.0105,120,82.0,35.0,2.0,1,-4.982,-4.9615,-4.673,-4.984666666666667,-0.0285000000000001,24.0,79.25,1900.25,185.25,6,2022,-4.832000000000001,2022-06,0.6417,0.4096,32.0245,16.0652,0.1911
Sukkampatti,2022-07-01,11.7178,78.2669,-4.832000000000001,124,53.0,55.0,2.0,1,-5.0105,-4.982,-4.9615,-4.9415,0.1784999999999996,82.0,24.0,79.25,159.0,7,2022,-4.4285,2022-07,0.6115,0.436,30.779,17.7655,0.2242
Sukkampatti,2022-08-01,11.7178,78.2669,-4.4285,122,214.75,92.0,2.0,1,-4.832000000000001,-5.0105,-4.982,-4.757000000000001,0.4035000000000011,53.0,82.0,24.0,349.75,8,2022,-3.663,2022-08,0.6917,0.4499,30.6979,21.5765,0.2632
Sukkampatti,2022-09-01,11.7178,78.2669,-3.663,120,15.25,26.0,2.0,1,-4.4285,-4.832000000000001,-5.0105,-4.307833333333334,0.7654999999999994,214.75,53.0,82.0,283.0,9,2022,-3.762,2022-09,0.5419,0.3622,32.3504,21.8112,0.2593
Sukkampatti,2022-10-01,11.7178,78.2669,-3.762,124,126.5,64.0,2.0,1,-3.663,-4.4285,-4.832000000000001,-3.951166666666667,-0.0989999999999997,15.25,214.75,53.0,356.5,10,2022,-3.787,2022-10,0.6963,0.4963,28.3297,21.7551,0.2749
Sukkampatti,2022-11-01,11.7178,78.2669,-3.787,118,101.25,71.0,2.0,1,-3.762,-3.663,-4.4285,-3.737333333333333,-0.0249999999999999,126.5,15.25,214.75,243.0,11,2022,-3.617,2022-11,0.7076,0.4331,28.8215,21.0843,0.2713
Sukkampatti,2022-12-01,11.7178,78.2669,-3.617,117,51.0,67.0,2.0,1,-3.787,-3.762,-3.663,-3.722,0.1699999999999999,101.25,126.5,15.25,278.75,12,2022,-4.131,2022-12,0.6989,0.3679,28.0342,16.195,0.2617
Sukkampatti,2023-01-01,11.7178,78.2669,-4.131,111,2.5,7.0,2.0,1,-3.617,-3.787,-3.762,-3.845,-0.5140000000000002,51.0,101.25,126.5,154.75,1,2023,-4.6435,2023-01,0.6116,0.3585,28.1813,12.4915,0.191
Sukkampatti,2023-02-01,11.7178,78.2669,-4.6435,110,5.0,4.0,1.0,1,-4.131,-3.617,-3.787,-4.1305000000000005,-0.5124999999999993,2.5,51.0,101.25,58.5,2,2023,-5.0225,2023-02,0.501,0.2952,32.7322,8.6284,0.1402
Sukkampatti,2023-03-01,11.7178,78.2669,-5.0225,116,48.75,17.0,2.0,1,-4.6435,-4.131,-3.617,-4.599,-0.3790000000000004,5.0,2.5,51.0,56.25,3,2023,-5.3245000000000005,2023-03,0.52,0.3123,33.9654,8.2753,0.1361
Sukkampatti,2023-04-01,11.7178,78.2669,-5.3245000000000005,120,32.0,14.0,2.0,1,-5.0225,-4.6435,-4.131,-4.996833333333334,-0.3020000000000005,48.75,5.0,2.5,85.75,4,2023,-5.274,2023-04,0.5601,0.313,35.7899,7.7385,0.124
Sukkampatti,2023-05-01,11.7178,78.2669,-5.274,108,95.75,64.0,2.0,1,-5.3245000000000005,-5.0225,-4.6435,-5.207,0.0505000000000004,32.0,48.75,5.0,176.5,5,2023,-5.234,2023-05,0.6335,0.4417,31.2104,18.2458,0.1833
Sukkampatti,2023-06-01,11.7178,78.2669,-5.234,120,35.5,20.0,2.0,1,-5.274,-5.3245000000000005,-5.0225,-5.277500000000001,0.04,95.75,32.0,48.75,163.25,6,2023,-5.3325,2023-06,0.6306,0.3772,33.0325,17.2998,0.1699
Sukkampatti,2023-07-01,11.7178,78.2669,-5.3325,124,51.25,60.0,2.0,1,-5.234,-5.274,-5.3245000000000005,-5.280166666666666,-0.0984999999999995,35.5,95.75,32.0,182.5,7,2023,-5.4365,2023-07,0.6363,0.4273,31.4095,15.5362,0.1823
Sukkampatti,2023-08-01,11.7178,78.2669,-5.4365,124,96.5,37.0,2.0,1,-5.3325,-5.234,-5.274,-5.334333333333333,-0.104,51.25,35.5,95.75,183.25,8,2023,-4.6,2023-08,0.6936,0.4444,31.3081,14.9159,0.1811
Sukkampatti,2023-09-01,11.7178,78.2669,-4.6,121,262.5,90.0,2.0,1,-5.4365,-5.3325,-5.234,-5.123,0.8365,96.5,51.25,35.5,410.25,9,2023,-4.53,2023-09,0.6978,0.4817,31.3242,19.6956,0.2527
Sukkampatti,2023-10-01,11.7178,78.2669,-4.53,106,121.5,59.0,2.0,1,-4.6,-5.4365,-5.3325,-4.8555,0.0699999999999994,262.5,96.5,51.25,480.5,10,2023,-4.608499999999999,2023-10,0.6964,0.4595,31.2252,18.7017,0.2036
Sukkampatti,2023-11-01,11.7178,78.2669,-4.608499999999999,120,127.0,92.0,2.0,1,-4.53,-4.6,-5.4365,-4.5795,-0.0784999999999991,121.5,262.5,96.5,511.0,11,2023,-4.713,2023-11,0.6939,0.4621,26.6599,19.3813,0.2497
Sukkampatti,2023-12-01,11.7178,78.2669,-4.713,120,4.5,9.0,2.0,1,-4.608499999999999,-4.53,-4.6,-4.617166666666667,-0.1045000000000007,127.0,121.5,262.5,253.0,12,2023,-5.314500000000001,2023-12,0.6915,0.4279,28.0496,14.2744,0.2006
Sukkampatti,2024-01-01,11.7178,78.2669,-5.314500000000001,122,21.25,20.0,2.0,1,-4.713,-4.608499999999999,-4.53,-4.878666666666667,-0.6015000000000006,4.5,127.0,121.5,152.75,1,2024,-5.8855,2024-01,0.5532,0.3238,29.7131,10.9156,0.1617
Sukkampatti,2024-02-01,11.7178,78.2669,-5.8855,116,,,,0,-5.314500000000001,-4.713,-4.608499999999999,-5.304333333333333,-0.5709999999999997,21.25,4.5,127.0,25.75,2,2024,-6.426,2024-02,0.4827,0.2726,32.862,7.5426,0.111
Sukkampatti,2024-03-01,11.7178,78.2669,-6.426,124,,,,0,-5.8855,-5.314500000000001,-4.713,-5.875333333333334,-0.5404999999999998,,21.25,4.5,21.25,3,2024,-7.1265,2024-03,0.429,0.2397,36.6575,4.1703,0.0851
Sukkampatti,2024-04-01,11.7178,78.2669,-7.1265,118,6.0,2.0,1.0,1,-6.426,-5.8855,-5.314500000000001,-6.479333333333334,-0.7004999999999999,,,21.25,6.0,4,2024,-7.567,2024-04,0.4063,0.2326,38.7565,3.0717,0.0802
Sukkampatti,2024-05-01,11.7178,78.2669,-7.567,122,192.0,72.0,2.0,1,-7.1265,-6.426,-5.8855,-7.039833333333334,-0.4405000000000001,6.0,,,198.0,5,2024,-5.4315,2024-05,0.5458,0.3158,32.7845,11.0777,0.195
Sukkampatti,2024-06-01,11.7178,78.2669,-5.4315,120,131.0,63.0,2.0,1,-7.567,-7.1265,-6.426,-6.708333333333333,2.1355000000000004,192.0,6.0,,329.0,6,2024,-5.471500000000001,2024-06,0.6765,0.4508,29.4974,16.2806,0.2363
Sukkampatti,2024-07-01,11.7178,78.2669,-5.471500000000001,120,68.25,55.0,2.0,1,-5.4315,-7.567,-7.1265,-6.156666666666666,-0.0400000000000009,131.0,192.0,6.0,391.25,7,2024,-4.233,2024-07,0.645,0.4669,31.1002,17.1053,0.1966
Sukkampatti,2024-08-01,11.7178,78.2669,-4.233,97,197.75,95.0,2.0,1,-5.471500000000001,-5.4315,-7.567,-5.045333333333333,1.238500000000001,68.25,131.0,192.0,397.0,8,2024,-4.0405,2024-08,0.7441,0.5151,28.7377,22.1037,0.2529
Sukkampatti,2024-09-01,11.7178,78.2669,-4.0405,118,28.0,17.0,2.0,1,-4.233,-5.471500000000001,-5.4315,-4.581666666666666,0.1924999999999999,197.75,68.25,131.0,294.0,9,2024,-3.6975,2024-09,0.73,0.4337,31.4646,20.0531,0.187
Sukkampatti,2024-10-01,11.7178,78.2669,-3.6975,124,207.75,113.0,2.0,1,-4.0405,-4.233,-5.471500000000001,-3.9903333333333326,0.3429999999999999,28.0,197.75,68.25,433.5,10,2024,-3.749,2024-10,0.7457,0.5226,28.7852,23.1249,0.2678
Sukkampatti,2024-11-01,11.7178,78.2669,-3.749,118,43.25,50.0,2.0,1,-3.6975,-4.0405,-4.233,-3.829,-0.0515000000000003,207.75,28.0,197.75,279.0,11,2024,-2.2960000000000003,2024-11,0.6051,0.3584,25.913,16.7825,0.2296
Sukkampatti,2024-12-01,11.7178,78.2669,-2.2960000000000003,116,98.25,86.0,2.0,1,-3.749,-3.6975,-4.0405,-3.2475,1.4529999999999998,43.25,207.75,28.0,349.25,12,2024,-2.674,2024-12,0.7178,0.4362,26.2534,19.6025,0.2779
Sukkampatti,2025-01-01,11.7178,78.2669,-2.674,120,5.75,8.0,2.0,1,-2.2960000000000003,-3.749,-3.6975,-2.906333333333334,-0.3779999999999996,98.25,43.25,207.75,147.25,1,2025,-3.75,2025-01,0.6575,0.3986,26.2518,15.9455,0.205
Sukkampatti,2025-02-01,11.7178,78.2669,-3.75,112,,,,0,-2.674,-2.2960000000000003,-3.749,-2.9066666666666663,-1.076,5.75,98.25,43.25,104.0,2,2025,-4.317,2025-02,0.5813,0.3203,29.7117,11.8126,0.1331
Sukkampatti,2025-03-01,11.7178,78.2669,-4.317,116,13.25,21.0,2.0,1,-3.75,-2.674,-2.2960000000000003,-3.5803333333333334,-0.5670000000000002,,5.75,98.25,19.0,3,2025,-4.816,2025-03,0.5304,0.3033,32.4348,8.0507,0.1156
Sukkampatti,2025-04-01,11.7178,78.2669,-4.816,61,14.0,7.0,2.0,1,-4.317,-3.75,-2.674,-4.294333333333333,-0.4989999999999996,13.25,,5.75,27.25,4,2025,-4.522,2025-04,0.5556,0.3328,31.6784,8.4157,0.1209
Sukkampatti,2025-11-01,11.7178,78.2669,-4.522,7,279.75,64.0,2.0,1,-4.816,-4.317,-3.75,-4.551666666666667,0.2939999999999996,14.0,13.25,,307.0,11,2025,-4.757,2025-11,0.7294,0.5159,26.239,21.0077,0.2157
Thekkampatti,2021-06-01,11.7444,78.1,-9.117,120,,,,0,-8.492,-7.611499999999999,-6.442,-8.406833333333333,-0.625,,,,,6,2021,-8.133,2021-06,0.5505,0.3454,36.5714,12.1398,0.174
Thekkampatti,2021-07-01,11.7444,78.1,-8.133,118,,,,0,-9.117,-8.492,-7.611499999999999,-8.580666666666668,0.9840000000000018,,,,,7,2021,-6.746,2021-07,0.5958,0.416,30.9672,15.2095,0.2377
Thekkampatti,2021-08-01,11.7444,78.1,-6.746,124,,,,0,-8.133,-9.117,-8.492,-7.998666666666668,1.386999999999999,,,,,8,2021,-5.678,2021-08,0.6277,0.3857,33.1725,15.0666,0.204
Thekkampatti,2021-09-01,11.7444,78.1,-5.678,106,3.5,1.0,1.0,1,-6.746,-8.133,-9.117,-6.852333333333333,1.0680000000000005,,,,3.5,9,2021,-4.6385000000000005,2021-09,0.6024,0.3818,32.9591,16.4128,0.2451
Thekkampatti,2021-10-01,11.7444,78.1,-4.6385000000000005,124,24.0,8.0,1.0,1,-5.678,-6.746,-8.133,-5.6875,1.0394999999999994,3.5,,,27.5,10,2021,-3.74,2021-10,0.6253,0.4201,30.7322,18.8756,0.2857
Thekkampatti,2021-11-01,11.7444,78.1,-3.74,120,152.0,111.0,2.0,1,-4.6385000000000005,-5.678,-6.746,-4.6855,0.8985000000000003,24.0,3.5,,179.5,11,2021,-1.965,2021-11,0.3147,0.2187,29.9177,18.5278,0.3436
Thekkampatti,2021-12-01,11.7444,78.1,-1.965,124,6.5,2.0,1.0,1,-3.74,-4.6385000000000005,-5.678,-3.447833333333333,1.7750000000000004,152.0,24.0,3.5,182.5,12,2021,-2.255,2021-12,0.6005,0.3477,29.6956,16.8251,0.2844
Thekkampatti,2022-01-01,11.7444,78.1,-2.255,124,0.5,1.0,1.0,1,-1.965,-3.74,-4.6385000000000005,-2.6533333333333333,-0.29,6.5,152.0,24.0,159.0,1,2022,-2.989,2022-01,0.5121,0.2902,29.9838,14.8676,0.2169
Thekkampatti,2022-02-01,11.7444,78.1,-2.989,112,,,,0,-2.255,-1.965,-3.74,-2.403,-0.734,0.5,6.5,152.0,7.0,2,2022,-3.8115,2022-02,0.4446,0.2481,33.9217,8.4614,0.1517
Thekkampatti,2022-03-01,11.7444,78.1,-3.8115,124,1900.25,14.0,2.0,1,-2.989,-2.255,-1.965,-3.0185,-0.8225000000000002,,0.5,6.5,1900.75,3,2022,-4.4935,2022-03,0.4351,0.2606,35.5077,7.5626,0.132
Thekkampatti,2022-04-01,11.7444,78.1,-4.4935,116,79.25,38.0,2.0,1,-3.8115,-2.989,-2.255,-3.764666666666667,-0.6819999999999999,1900.25,,0.5,1979.5,4,2022,-4.042,2022-04,0.5101,0.3175,35.9956,10.163,0.1528
Thekkampatti,2022-05-01,11.7444,78.1,-4.042,31,24.0,2.0,1.0,1,-4.4935,-3.8115,-2.989,-4.115666666666666,0.4515000000000002,79.25,1900.25,,2003.5,5,2022,-4.415,2022-05,0.5494,0.3376,35.3706,12.5006,0.2099
Thekkampatti,2022-06-01,11.7444,78.1,-4.415,120,82.0,35.0,2.0,1,-4.042,-4.4935,-3.8115,-4.316833333333333,-0.3730000000000002,24.0,79.25,1900.25,185.25,6,2022,-4.686,2022-06,0.5499,0.3677,34.8167,13.8486,0.2021
Thekkampatti,2022-07-01,11.7444,78.1,-4.686,124,53.0,55.0,2.0,1,-4.415,-4.042,-4.4935,-4.380999999999999,-0.2709999999999999,82.0,24.0,79.25,159.0,7,2022,-3.168,2022-07,0.5592,0.3822,31.2959,15.3844,0.2272
Thekkampatti,2022-08-01,11.7444,78.1,-3.168,122,214.75,92.0,2.0,1,-4.686,-4.415,-4.042,-4.089666666666666,1.5179999999999998,53.0,82.0,24.0,349.75,8,2022,-1.7275,2022-08,0.5792,0.3666,32.2271,18.5383,0.2638
Thekkampatti,2022-09-01,11.7444,78.1,-1.7275,120,15.25,26.0,2.0,1,-3.168,-4.686,-4.415,-3.1938333333333326,1.4405,214.75,53.0,82.0,283.0,9,2022,-2.0625,2022-09,0.4205,0.2853,34.2627,18.951,0.2629
Thekkampatti,2022-10-01,11.7444,78.1,-2.0625,120,126.5,64.0,2.0,1,-1.7275,-3.168,-4.686,-2.319333333333333,-0.3349999999999999,15.25,214.75,53.0,356.5,10,2022,-1.8355,2022-10,0.5975,0.4102,29.9294,19.5508,0.2796
Thekkampatti,2022-11-01,11.7444,78.1,-1.8355,120,101.25,71.0,2.0,1,-2.0625,-1.7275,-3.168,-1.8751666666666664,0.2269999999999998,126.5,15.25,214.75,243.0,11,2022,-1.6404999999999998,2022-11,0.616,0.3604,29.7124,19.0498,0.2762
Thekkampatti,2022-12-01,11.7444,78.1,-1.6404999999999998,86,51.0,67.0,2.0,1,-1.8355,-2.0625,-1.7275,-1.8461666666666663,0.1950000000000002,101.25,126.5,15.25,278.75,12,2022,-4.01,2022-12,0.5681,0.3182,29.7996,14.3246,0.266
Thekkampatti,2023-02-01,11.7444,78.1,-4.01,73,5.0,4.0,1.0,1,-1.6404999999999998,-1.8355,-2.0625,-2.495333333333333,-2.3695,51.0,101.25,126.5,157.25,2,2023,-4.344,2023-02,0.4341,0.2594,33.2258,6.7848,0.146
Thekkampatti,2023-03-01,11.7444,78.1,-4.344,119,48.75,17.0,2.0,1,-4.01,-1.6404999999999998,-1.8355,-3.3315,-0.3340000000000005,5.0,51.0,101.25,104.75,3,2023,-5.7425,2023-03,0.4621,0.2768,35.2449,6.8173,0.1404
Thekkampatti,2023-04-01,11.7444,78.1,-5.7425,120,32.0,14.0,2.0,1,-4.344,-4.01,-1.6404999999999998,-4.698833333333333,-1.3984999999999994,48.75,5.0,51.0,85.75,4,2023,-6.1705000000000005,2023-04,0.4791,0.2756,37.2705,6.3595,0.1301
Thekkampatti,2023-05-01,11.7444,78.1,-6.1705000000000005,112,95.75,64.0,2.0,1,-5.7425,-4.344,-4.01,-5.419,-0.4280000000000008,32.0,48.75,5.0,176.5,5,2023,-6.2765,2023-05,0.5459,0.3613,33.3599,14.9101,0.1886
Thekkampatti,2023-06-01,11.7444,78.1,-6.2765,118,35.5,20.0,2.0,1,-6.1705000000000005,-5.7425,-4.344,-6.063166666666667,-0.1059999999999998,95.75,32.0,48.75,163.25,6,2023,-6.263,2023-06,0.5606,0.3395,35.0899,12.9232,0.1755
Thekkampatti,2023-07-01,11.7444,78.1,-6.263,124,51.25,60.0,2.0,1,-6.2765,-6.1705000000000005,-5.7425,-6.236666666666667,0.0135000000000005,35.5,95.75,32.0,182.5,7,2023,-6.648,2023-07,0.5426,0.3515,35.5492,11.6847,0.183
Thekkampatti,2023-08-01,11.7444,78.1,-6.648,124,96.5,37.0,2.0,1,-6.263,-6.2765,-6.1705000000000005,-6.395833333333333,-0.3849999999999998,51.25,35.5,95.75,183.25,8,2023,-6.198,2023-08,0.5553,0.3548,35.9264,10.2712,0.175
Thekkampatti,2023-09-01,11.7444,78.1,-6.198,118,262.5,90.0,2.0,1,-6.648,-6.263,-6.2765,-6.369666666666666,0.4499999999999993,96.5,51.25,35.5,410.25,9,2023,-5.8575,2023-09,0.5669,0.3805,34.2999,15.3855,0.2468
Thekkampatti,2023-10-01,11.7444,78.1,-5.8575,110,121.5,59.0,2.0,1,-6.198,-6.648,-6.263,-6.2345,0.3405000000000004,262.5,96.5,51.25,480.5,10,2023,-5.001,2023-10,0.5972,0.3959,32.9227,15.5535,0.1972
Thekkampatti,2023-11-01,11.7444,78.1,-5.001,120,127.0,92.0,2.0,1,-5.8575,-6.198,-6.648,-5.6855,0.8564999999999996,121.5,262.5,96.5,511.0,11,2023,-5.301,2023-11,0.5787,0.3917,29.6554,18.1313,0.2414
Thekkampatti,2023-12-01,11.7444,78.1,-5.301,122,4.5,9.0,2.0,1,-5.001,-5.8575,-6.198,-5.386500000000001,-0.2999999999999998,127.0,121.5,262.5,253.0,12,2023,-5.974,2023-12,0.5715,0.3458,30.0709,11.5084,0.1895
Thekkampatti,2024-01-01,11.7444,78.1,-5.974,124,21.25,20.0,2.0,1,-5.301,-5.001,-5.8575,-5.425333333333334,-0.673,4.5,127.0,121.5,152.75,1,2024,-6.8135,2024-01,0.4708,0.2654,31.1477,8.3644,0.155
Thekkampatti,2024-02-01,11.7444,78.1,-6.8135,116,,,,0,-5.974,-5.301,-5.001,-6.029499999999999,-0.8394999999999992,21.25,4.5,127.0,25.75,2,2024,-7.7595,2024-02,0.4167,0.2307,34.3027,6.0015,0.1116
Thekkampatti,2024-03-01,11.7444,78.1,-7.7595,124,,,,0,-6.8135,-5.974,-5.301,-6.849,-0.9460000000000006,,21.25,4.5,21.25,3,2024,-8.475999999999999,2024-03,0.3965,0.2352,37.3717,3.7881,0.088
Thekkampatti,2024-04-01,11.7444,78.1,-8.475999999999999,120,6.0,2.0,1.0,1,-7.7595,-6.8135,-5.974,-7.683,-0.716499999999999,,,21.25,6.0,4,2024,-9.19,2024-04,0.3877,0.233,40.2187,3.0766,0.0859
Thekkampatti,2024-05-01,11.7444,78.1,-9.19,122,192.0,72.0,2.0,1,-8.475999999999999,-7.7595,-6.8135,-8.475166666666667,-0.7140000000000022,6.0,,,198.0,5,2024,-7.148,2024-05,0.4918,0.295,37.763,9.7378,0.1956
Thekkampatti,2024-06-01,11.7444,78.1,-7.148,120,131.0,63.0,2.0,1,-9.19,-8.475999999999999,-7.7595,-8.271333333333333,2.0420000000000016,192.0,6.0,,329.0,6,2024,-6.9830000000000005,2024-06,0.5816,0.3828,33.302,13.2772,0.2302
Thekkampatti,2024-07-01,11.7444,78.1,-6.9830000000000005,120,68.25,55.0,2.0,1,-7.148,-9.19,-8.475999999999999,-7.773666666666667,0.1649999999999991,131.0,192.0,6.0,391.25,7,2024,-5.188,2024-07,0.5696,0.3631,33.5922,14.2762,0.1999
Thekkampatti,2024-08-01,11.7444,78.1,-5.188,104,197.75,95.0,2.0,1,-6.9830000000000005,-7.148,-9.19,-6.439666666666667,1.7950000000000008,68.25,131.0,192.0,397.0,8,2024,-4.108,2024-08,0.6042,0.3958,30.3906,18.1624,0.2525
Thekkampatti,2024-09-01,11.7444,78.1,-4.108,121,28.0,17.0,2.0,1,-5.188,-6.9830000000000005,-7.148,-5.426333333333333,1.08,197.75,68.25,131.0,294.0,9,2024,-3.3840000000000003,2024-09,0.5861,0.3677,34.0951,15.3382,0.1926
Thekkampatti,2024-10-01,11.7444,78.1,-3.3840000000000003,124,207.75,113.0,2.0,1,-4.108,-5.188,-6.9830000000000005,-4.226666666666667,0.7239999999999993,28.0,197.75,68.25,433.5,10,2024,-3.055,2024-10,0.6546,0.4626,29.9227,19.9723,0.2712
Thekkampatti,2024-11-01,11.7444,78.1,-3.055,116,43.25,50.0,2.0,1,-3.3840000000000003,-4.108,-5.188,-3.5156666666666667,0.3290000000000006,207.75,28.0,197.75,279.0,11,2024,-1.665,2024-11,0.5426,0.3891,28.6167,15.1226,0.2323
Thekkampatti,2024-12-01,11.7444,78.1,-1.665,106,98.25,86.0,2.0,1,-3.055,-3.3840000000000003,-4.108,-2.701333333333333,1.3899999999999997,43.25,207.75,28.0,349.25,12,2024,-1.906,2024-12,0.6196,0.3839,27.5079,18.1107,0.2759
Thekkampatti,2025-01-01,11.7444,78.1,-1.906,122,5.75,8.0,2.0,1,-1.665,-3.055,-3.3840000000000003,-2.2086666666666663,-0.2409999999999998,98.25,43.25,207.75,147.25,1,2025,-2.393,2025-01,0.5473,0.3301,27.4511,12.8221,0.2073
Thekkampatti,2025-02-01,11.7444,78.1,-2.393,59,,,,0,-1.906,-1.665,-3.055,-1.988,-0.4869999999999999,5.75,98.25,43.25,104.0,2,2025,-4.246,2025-02,0.4626,0.2498,31.3768,8.2979,0.1387
Thuttampatti,2021-08-01,11.6736,77.9683,-2.596,111,,,,0,-2.3285,-1.8395,-1.2175,-2.2546666666666666,-0.2675,,,,,8,2021,-2.3465,2021-08,0.5575,0.3494,35.3185,14.0107,0.1913
Thuttampatti,2021-09-01,11.6736,77.9683,-2.3465,106,3.5,1.0,1.0,1,-2.596,-2.3285,-1.8395,-2.423666666666666,0.2495000000000002,,,,3.5,9,2021,-1.069,2021-09,0.6042,0.3853,35.4607,15.3337,0.2346
Thuttampatti,2021-10-01,11.6736,77.9683,-1.069,124,24.0,8.0,1.0,1,-2.3465,-2.596,-2.3285,-2.003833333333333,1.2775,3.5,,,27.5,10,2021,0.063,2021-10,0.6473,0.4592,31.2038,18.8384,0.2814
Thuttampatti,2021-11-01,11.6736,77.9683,0.063,120,152.0,111.0,2.0,1,-1.069,-2.3465,-2.596,-1.1175,1.132,24.0,3.5,,179.5,11,2021,0.0165,2021-11,0.3783,0.2703,29.3054,19.1505,0.338
Thuttampatti,2021-12-01,11.6736,77.9683,0.0165,124,6.5,2.0,1.0,1,0.063,-1.069,-2.3465,-0.3298333333333333,-0.0465,152.0,24.0,3.5,182.5,12,2021,-0.258,2021-12,0.6452,0.3965,30.0528,17.7095,0.2756
Thuttampatti,2022-01-01,11.6736,77.9683,-0.258,124,0.5,1.0,1.0,1,0.0165,0.063,-1.069,-0.0595,-0.2745,6.5,152.0,24.0,159.0,1,2022,-0.4625,2022-01,0.5422,0.3316,30.6694,15.6413,0.2094
Thuttampatti,2022-02-01,11.6736,77.9683,-0.4625,112,,,,0,-0.258,0.0165,0.063,-0.2346666666666666,-0.2045,0.5,6.5,152.0,7.0,2,2022,-1.003,2022-02,0.4258,0.257,36.6747,8.3657,0.1407
Thuttampatti,2022-03-01,11.6736,77.9683,-1.003,120,1900.25,14.0,2.0,1,-0.4625,-0.258,0.0165,-0.5745,-0.5405000000000001,,0.5,6.5,1900.75,3,2022,-1.375,2022-03,0.3736,0.2352,39.828,6.0408,0.125
Thuttampatti,2022-04-01,11.6736,77.9683,-1.375,115,79.25,38.0,2.0,1,-1.003,-0.4625,-0.258,-0.9468333333333332,-0.3719999999999999,1900.25,,0.5,1979.5,4,2022,-1.082,2022-04,0.3962,0.2468,40.2126,6.8477,0.1473
Thuttampatti,2022-05-01,11.6736,77.9683,-1.082,31,24.0,2.0,1.0,1,-1.375,-1.003,-0.4625,-1.153333333333333,0.2929999999999999,79.25,1900.25,,2003.5,5,2022,-0.902,2022-05,0.505,0.3223,36.9099,10.5027,0.2128
Thuttampatti,2022-06-01,11.6736,77.9683,-0.902,120,82.0,35.0,2.0,1,-1.082,-1.375,-1.003,-1.1196666666666666,0.18,24.0,79.25,1900.25,185.25,6,2022,-0.8965000000000001,2022-06,0.5866,0.3913,35.5186,14.0349,0.2057
Thuttampatti,2022-07-01,11.6736,77.9683,-0.8965000000000001,124,53.0,55.0,2.0,1,-0.902,-1.082,-1.375,-0.9601666666666668,0.0054999999999999,82.0,24.0,79.25,159.0,7,2022,-0.4335,2022-07,0.5582,0.3835,37.5489,13.9725,0.2203
Thuttampatti,2022-08-01,11.6736,77.9683,-0.4335,122,214.75,92.0,2.0,1,-0.8965000000000001,-0.902,-1.082,-0.7440000000000001,0.4630000000000001,53.0,82.0,24.0,349.75,8,2022,0.004,2022-08,0.5747,0.3707,34.9438,17.9255,0.2596
Thuttampatti,2022-09-01,11.6736,77.9683,0.004,120,15.25,26.0,2.0,1,-0.4335,-0.8965000000000001,-0.902,-0.442,0.4375,214.75,53.0,82.0,283.0,9,2022,-0.013,2022-09,0.4428,0.2962,36.442,18.2589,0.2599
Thuttampatti,2022-10-01,11.6736,77.9683,-0.013,102,126.5,64.0,2.0,1,0.004,-0.4335,-0.8965000000000001,-0.1475,-0.017,15.25,214.75,53.0,356.5,10,2022,-0.431,2022-10,0.5895,0.4117,29.7551,18.8332,0.2775
Thuttampatti,2022-11-01,11.6736,77.9683,-0.431,119,101.25,71.0,2.0,1,-0.013,0.004,-0.4335,-0.1466666666666666,-0.418,126.5,15.25,214.75,243.0,11,2022,-0.58,2022-11,0.6438,0.3999,29.6495,19.4802,0.2781
Thuttampatti,2022-12-01,11.6736,77.9683,-0.58,121,51.0,67.0,2.0,1,-0.431,-0.013,0.004,-0.3413333333333333,-0.1489999999999999,101.25,126.5,15.25,278.75,12,2022,-0.801,2022-12,0.6,0.3584,30.333,14.7817,0.2683
Thuttampatti,2023-01-01,11.6736,77.9683,-0.801,113,2.5,7.0,2.0,1,-0.58,-0.431,-0.013,-0.604,-0.221,51.0,101.25,126.5,154.75,1,2023,-0.9805,2023-01,0.5493,0.3053,31.0896,9.0526,0.1963
Thuttampatti,2023-02-01,11.6736,77.9683,-0.9805,112,5.0,4.0,1.0,1,-0.801,-0.58,-0.431,-0.7871666666666667,-0.1794999999999998,2.5,51.0,101.25,58.5,2,2023,-1.2574999999999998,2023-02,0.4227,0.2582,34.9152,6.2718,0.1436
Thuttampatti,2023-03-01,11.6736,77.9683,-1.2574999999999998,118,48.75,17.0,2.0,1,-0.9805,-0.801,-0.58,-1.013,-0.2769999999999999,5.0,2.5,51.0,56.25,3,2023,-1.8695,2023-03,0.4179,0.2574,38.2041,5.5526,0.1371
Thuttampatti,2023-04-01,11.6736,77.9683,-1.8695,116,32.0,14.0,2.0,1,-1.2574999999999998,-0.9805,-0.801,-1.3691666666666666,-0.6120000000000001,48.75,5.0,2.5,85.75,4,2023,-1.8365,2023-04,0.4063,0.2303,40.9444,4.5493,0.1262
Thuttampatti,2023-05-01,11.6736,77.9683,-1.8365,108,95.75,64.0,2.0,1,-1.8695,-1.2574999999999998,-0.9805,-1.6545,0.0329999999999999,32.0,48.75,5.0,176.5,5,2023,-2.278,2023-05,0.4978,0.3233,36.4895,12.8841,0.1884
Thuttampatti,2023-06-01,11.6736,77.9683,-2.278,118,35.5,20.0,2.0,1,-1.8365,-1.8695,-1.2574999999999998,-1.9946666666666664,-0.4415,95.75,32.0,48.75,163.25,6,2023,-2.405,2023-06,0.4909,0.2963,38.0612,11.6006,0.1741
Thuttampatti,2023-07-01,11.6736,77.9683,-2.405,124,51.25,60.0,2.0,1,-2.278,-1.8365,-1.8695,-2.1731666666666665,-0.1270000000000002,35.5,95.75,32.0,182.5,7,2023,-2.971,2023-07,0.5045,0.3252,38.4083,9.9032,0.175
Thuttampatti,2023-08-01,11.6736,77.9683,-2.971,120,96.5,37.0,2.0,1,-2.405,-2.278,-1.8365,-2.551333333333333,-0.5659999999999998,51.25,35.5,95.75,183.25,8,2023,-2.754,2023-08,0.4812,0.272,39.411,7.8527,0.1593
Thuttampatti,2023-09-01,11.6736,77.9683,-2.754,120,262.5,90.0,2.0,1,-2.971,-2.405,-2.278,-2.7100000000000004,0.217,96.5,51.25,35.5,410.25,9,2023,-3.0395,2023-09,0.5343,0.3382,36.1755,13.3623,0.2388
Thuttampatti,2023-10-01,11.6736,77.9683,-3.0395,106,121.5,59.0,2.0,1,-2.754,-2.971,-2.405,-2.9215,-0.2854999999999998,262.5,96.5,51.25,480.5,10,2023,-2.5805,2023-10,0.6137,0.41,33.8131,14.405,0.1878
Thuttampatti,2023-11-01,11.6736,77.9683,-2.5805,118,127.0,92.0,2.0,1,-3.0395,-2.754,-2.971,-2.7913333333333328,0.4590000000000001,121.5,262.5,96.5,511.0,11,2023,-2.3525,2023-11,0.6508,0.432,30.2817,17.5239,0.2375
Thuttampatti,2023-12-01,11.6736,77.9683,-2.3525,122,4.5,9.0,2.0,1,-2.5805,-3.0395,-2.754,-2.6575,0.2279999999999997,127.0,121.5,262.5,253.0,12,2023,-2.863,2023-12,0.6077,0.3921,30.7369,11.6107,0.182
Thuttampatti,2024-01-01,11.6736,77.9683,-2.863,122,21.25,20.0,2.0,1,-2.3525,-2.5805,-3.0395,-2.5986666666666665,-0.5105,4.5,127.0,121.5,152.75,1,2024,-3.5695,2024-01,0.4457,0.2674,32.6612,8.1011,0.1474
Thuttampatti,2024-02-01,11.6736,77.9683,-3.5695,116,,,,0,-2.863,-2.3525,-2.5805,-2.928333333333333,-0.7064999999999997,21.25,4.5,127.0,25.75,2,2024,-4.26,2024-02,0.3755,0.2229,36.7872,5.2769,0.1051
Thuttampatti,2024-03-01,11.6736,77.9683,-4.26,122,,,,0,-3.5695,-2.863,-2.3525,-3.5641666666666665,-0.6905000000000001,,21.25,4.5,21.25,3,2024,-5.1665,2024-03,0.3383,0.2044,39.7585,2.7273,0.0864
Thuttampatti,2024-04-01,11.6736,77.9683,-5.1665,120,6.0,2.0,1.0,1,-4.26,-3.5695,-2.863,-4.332,-0.9065000000000004,,,21.25,6.0,4,2024,-5.4615,2024-04,0.3196,0.1958,42.9634,2.201,0.0862
Thuttampatti,2024-05-01,11.6736,77.9683,-5.4615,124,192.0,72.0,2.0,1,-5.1665,-4.26,-3.5695,-4.962666666666667,-0.2949999999999999,6.0,,,198.0,5,2024,-4.199,2024-05,0.4212,0.2333,40.6446,7.6175,0.1913
Thuttampatti,2024-06-01,11.6736,77.9683,-4.199,120,131.0,63.0,2.0,1,-5.4615,-5.1665,-4.26,-4.942333333333334,1.2625000000000002,192.0,6.0,,329.0,6,2024,-4.029,2024-06,0.5602,0.3726,35.9168,11.7336,0.2175
Thuttampatti,2024-07-01,11.6736,77.9683,-4.029,120,68.25,55.0,2.0,1,-4.199,-5.4615,-5.1665,-4.563166666666668,0.1699999999999999,131.0,192.0,6.0,391.25,7,2024,-2.297,2024-07,0.5688,0.3667,34.4228,13.7738,0.1943
Thuttampatti,2024-08-01,11.6736,77.9683,-2.297,102,197.75,95.0,2.0,1,-4.029,-4.199,-5.4615,-3.5083333333333333,1.7320000000000002,68.25,131.0,192.0,397.0,8,2024,-1.404,2024-08,0.5919,0.3762,31.5712,16.7958,0.2434
Thuttampatti,2024-09-01,11.6736,77.9683,-1.404,119,28.0,17.0,2.0,1,-2.297,-4.029,-4.199,-2.5766666666666667,0.8929999999999998,197.75,68.25,131.0,294.0,9,2024,-0.977,2024-09,0.4504,0.2871,36.2631,13.4178,0.182
Thuttampatti,2024-10-01,11.6736,77.9683,-0.977,83,207.75,113.0,2.0,1,-1.404,-2.297,-4.029,-1.5593333333333337,0.4269999999999999,28.0,197.75,68.25,433.5,10,2024,-0.8654999999999999,2024-10,0.6682,0.4983,30.7228,19.2018,0.2697
Vaikundham,2021-04-01,,,-11.7115,116,,,,0,-10.34,-1.904,-2.13,-7.985166666666667,-1.371500000000001,,,,,4,2021,-12.11,2021-04,,,,,
Vaikundham,2021-05-01,,,-12.11,124,,,,0,-11.7115,-10.34,-1.904,-11.387166666666667,-0.3984999999999985,,,,,5,2021,-10.9095,2021-05,,,,,
Vaikundham,2021-06-01,,,-10.9095,120,,,,0,-12.11,-11.7115,-10.34,-11.577,1.200499999999998,,,,,6,2021,-9.576,2021-06,,,,,
Vaikundham,2021-07-01,,,-9.576,118,,,,0,-10.9095,-12.11,-11.7115,-10.865166666666669,1.3335000000000008,,,,,7,2021,-10.632,2021-07,,,,,
Vaikundham,2021-08-01,,,-10.632,125,,,,0,-9.576,-10.9095,-12.11,-10.3725,-1.0559999999999992,,,,,8,2021,-11.182,2021-08,,,,,
Vaikundham,2021-09-01,,,-11.182,101,3.5,1.0,1.0,1,-10.632,-9.576,-10.9095,-10.463333333333331,-0.5500000000000007,,,,3.5,9,2021,-0.2855,2021-09,,,,,
Vaikundham,2021-11-01,,,-0.2855,6,152.0,111.0,2.0,1,-11.182,-10.632,-9.576,-7.366499999999999,10.8965,3.5,,,155.5,11,2021,-0.27,2021-11,,,,,
Vaikundham,2021-12-01,,,-0.27,124,6.5,2.0,1.0,1,-0.2855,-11.182,-10.632,-3.9125,0.0154999999999999,152.0,3.5,,162.0,12,2021,-1.894,2021-12,,,,,
Vaikundham,2022-01-01,,,-1.894,124,0.5,1.0,1.0,1,-0.27,-0.2855,-11.182,-0.8165,-1.624,6.5,152.0,3.5,159.0,1,2022,-3.9125,2022-01,,,,,
Vaikundham,2022-02-01,,,-3.9125,112,,,,0,-1.894,-0.27,-0.2855,-2.0255,-2.0185,0.5,6.5,152.0,7.0,2,2022,-5.3395,2022-02,,,,,
Vaikundham,2022-03-01,,,-5.3395,124,1900.25,14.0,2.0,1,-3.9125,-1.894,-0.27,-3.7153333333333336,-1.427,,0.5,6.5,1900.75,3,2022,-6.365500000000001,2022-03,,,,,
Vaikundham,2022-04-01,,,-6.365500000000001,116,79.25,38.0,2.0,1,-5.3395,-3.9125,-1.894,-5.2058333333333335,-1.0260000000000007,1900.25,,0.5,1979.5,4,2022,-6.788,2022-04,,,,,
Vaikundham,2022-05-01,,,-6.788,31,24.0,2.0,1.0,1,-6.365500000000001,-5.3395,-3.9125,-6.164333333333334,-0.4224999999999994,79.25,1900.25,,2003.5,5,2022,-7.2,2022-05,,,,,
Vaikundham,2022-06-01,,,-7.2,120,82.0,35.0,2.0,1,-6.788,-6.365500000000001,-5.3395,-6.7845,-0.4119999999999999,24.0,79.25,1900.25,185.25,6,2022,-7.7005,2022-06,,,,,
Vaikundham,2022-07-01,,,-7.7005,124,53.0,55.0,2.0,1,-7.2,-6.788,-6.365500000000001,-7.229499999999999,-0.5004999999999997,82.0,24.0,79.25,159.0,7,2022,-7.2905,2022-07,,,,,
Vaikundham,2022-08-01,,,-7.2905,122,214.75,92.0,2.0,1,-7.7005,-7.2,-6.788,-7.396999999999999,0.4100000000000001,53.0,82.0,24.0,349.75,8,2022,-1.7605,2022-08,,,,,
Vaikundham,2022-09-01,,,-1.7605,120,15.25,26.0,2.0,1,-7.2905,-7.7005,-7.2,-5.583833333333334,5.529999999999999,214.75,53.0,82.0,283.0,9,2022,-1.105,2022-09,,,,,
Vaikundham,2022-10-01,,,-1.105,124,126.5,64.0,2.0,1,-1.7605,-7.2905,-7.7005,-3.385333333333333,0.6555,15.25,214.75,53.0,356.5,10,2022,-0.333,2022-10,,,,,
Vaikundham,2022-11-01,,,-0.333,120,101.25,71.0,2.0,1,-1.105,-1.7605,-7.2905,-1.0661666666666667,0.772,126.5,15.25,214.75,243.0,11,2022,-2.236,2022-11,,,,,
Vaikundham,2022-12-01,,,-2.236,120,51.0,67.0,2.0,1,-0.333,-1.105,-1.7605,-1.2246666666666666,-1.903,101.25,126.5,15.25,278.75,12,2022,-4.069,2022-12,,,,,
Vaikundham,2023-01-01,,,-4.069,118,2.5,7.0,2.0,1,-2.236,-0.333,-1.105,-2.212666666666667,-1.833,51.0,101.25,126.5,154.75,1,2023,-5.415,2023-01,,,,,
Vaikundham,2023-02-01,,,-5.415,112,5.0,4.0,1.0,1,-4.069,-2.236,-0.333,-3.9066666666666654,-1.346,2.5,51.0,101.25,58.5,2,2023,-6.91,2023-02,,,,,
Vaikundham,2023-03-01,,,-6.91,112,48.75,17.0,2.0,1,-5.415,-4.069,-2.236,-5.464666666666666,-1.495,5.0,2.5,51.0,56.25,3,2023,-7.0135000000000005,2023-03,,,,,
Vaikundham,2023-04-01,,,-7.0135000000000005,116,32.0,14.0,2.0,1,-6.91,-5.415,-4.069,-6.446166666666667,-0.1035000000000003,48.75,5.0,2.5,85.75,4,2023,-6.6045,2023-04,,,,,
Vaikundham,2023-05-01,,,-6.6045,110,95.75,64.0,2.0,1,-7.0135000000000005,-6.91,-5.415,-6.842666666666667,0.4090000000000007,32.0,48.75,5.0,176.5,5,2023,-7.8845,2023-05,,,,,
Vaikundham,2023-06-01,,,-7.8845,120,35.5,20.0,2.0,1,-6.6045,-7.0135000000000005,-6.91,-7.1675,-1.2800000000000002,95.75,32.0,48.75,163.25,6,2023,-8.9965,2023-06,,,,,
Vaikundham,2023-07-01,,,-8.9965,122,51.25,60.0,2.0,1,-7.8845,-6.6045,-7.0135000000000005,-7.828500000000001,-1.1119999999999992,35.5,95.75,32.0,182.5,7,2023,-10.118,2023-07,,,,,
Vaikundham sankari Salem Tamil Nadu,2022-07-01,10.6331,77.4317,-7.7005,124,53.0,55.0,2.0,1,-7.2,-6.859999999999999,-6.594,-7.2535,-0.5004999999999997,82.0,24.0,79.25,159.0,7,2022,-7.282500000000001,2022-07,0.4288,0.2748,38.1617,12.7057,0.2522
Vaikundham sankari Salem Tamil Nadu,2022-08-01,10.6331,77.4317,-7.282500000000001,124,214.75,92.0,2.0,1,-7.7005,-7.2,-6.859999999999999,-7.394333333333333,0.4179999999999992,53.0,82.0,24.0,349.75,8,2022,-1.7605,2022-08,0.5518,0.345,36.1993,18.5089,0.3104
Vaikundham sankari Salem Tamil Nadu,2022-09-01,10.6331,77.4317,-1.7605,120,15.25,26.0,2.0,1,-7.282500000000001,-7.7005,-7.2,-5.581166666666667,5.522,214.75,53.0,82.0,283.0,9,2022,-1.105,2022-09,0.4805,0.3342,37.246,18.9519,0.3123
Vaikundham sankari Salem Tamil Nadu,2022-10-01,10.6331,77.4317,-1.105,124,126.5,64.0,2.0,1,-1.7605,-7.282500000000001,-7.7005,-3.3826666666666667,0.6555,15.25,214.75,53.0,356.5,10,2022,-0.333,2022-10,0.507,0.3495,32.6927,19.0079,0.2934
Vaikundham sankari Salem Tamil Nadu,2022-11-01,10.6331,77.4317,-0.333,120,101.25,71.0,2.0,1,-1.105,-1.7605,-7.282500000000001,-1.0661666666666667,0.772,126.5,15.25,214.75,243.0,11,2022,-2.2765,2022-11,0.61,0.3651,29.0347,20.1369,0.307
Vaikundham sankari Salem Tamil Nadu,2022-12-01,10.6331,77.4317,-2.2765,124,51.0,67.0,2.0,1,-0.333,-1.105,-1.7605,-1.2381666666666666,-1.9435,101.25,126.5,15.25,278.75,12,2022,-4.0335,2022-12,0.6439,0.3728,28.9914,18.1376,0.2977
Vaikundham sankari Salem Tamil Nadu,2023-01-01,10.6331,77.4317,-4.0335,124,2.5,7.0,2.0,1,-2.2765,-0.333,-1.105,-2.2143333333333337,-1.757,51.0,101.25,126.5,154.75,1,2023,-5.415,2023-01,0.6396,0.3812,29.1621,15.8965,0.1975
Vaikundham sankari Salem Tamil Nadu,2023-02-01,10.6331,77.4317,-5.415,108,5.0,4.0,1.0,1,-4.0335,-2.2765,-0.333,-3.9083333333333337,-1.3815,2.5,51.0,101.25,58.5,2,2023,-6.9425,2023-02,0.5492,0.3631,33.0411,12.5998,0.1463
Vaikundham sankari Salem Tamil Nadu,2023-03-01,10.6331,77.4317,-6.9425,124,48.75,17.0,2.0,1,-5.415,-4.0335,-2.2765,-5.463666666666666,-1.5275,5.0,2.5,51.0,56.25,3,2023,-7.0135000000000005,2023-03,0.4788,0.3248,36.1181,9.0776,0.1381
Vaikundham sankari Salem Tamil Nadu,2023-04-01,10.6331,77.4317,-7.0135000000000005,120,32.0,14.0,2.0,1,-6.9425,-5.415,-4.0335,-6.457000000000001,-0.0710000000000006,48.75,5.0,2.5,85.75,4,2023,-6.554,2023-04,0.4628,0.2996,38.7784,7.7276,0.1415
Vaikundham sankari Salem Tamil Nadu,2023-05-01,10.6331,77.4317,-6.554,124,95.75,64.0,2.0,1,-7.0135000000000005,-6.9425,-5.415,-6.836666666666667,0.4595000000000002,32.0,48.75,5.0,176.5,5,2023,-7.883,2023-05,0.524,0.3435,35.2155,13.7475,0.1896
Vaikundham sankari Salem Tamil Nadu,2023-06-01,10.6331,77.4317,-7.883,121,35.5,20.0,2.0,1,-6.554,-7.0135000000000005,-6.9425,-7.150166666666667,-1.3289999999999995,95.75,32.0,48.75,163.25,6,2023,-8.994,2023-06,0.4519,0.2813,37.0078,13.4819,0.1738
Vaikundham sankari Salem Tamil Nadu,2023-07-01,10.6331,77.4317,-8.994,124,51.25,60.0,2.0,1,-7.883,-6.554,-7.0135000000000005,-7.810333333333333,-1.1109999999999998,35.5,95.75,32.0,182.5,7,2023,-10.038,2023-07,0.4282,0.293,36.5961,10.3779,0.2117
Vaikundham sankari Salem Tamil Nadu,2023-08-01,10.6331,77.4317,-10.038,54,96.5,37.0,2.0,1,-8.994,-7.883,-6.554,-8.971666666666668,-1.0440000000000005,51.25,35.5,95.75,183.25,8,2023,-4.4825,2023-08,0.4351,0.3048,39.6185,8.8873,0.1858
Vaikundham sankari Salem Tamil Nadu,2023-09-01,10.6331,77.4317,-4.4825,118,262.5,90.0,2.0,1,-10.038,-8.994,-7.883,-7.838166666666666,5.5555,96.5,51.25,35.5,410.25,9,2023,-4.8055,2023-09,0.4452,0.3121,39.5661,9.5044,0.2306
Vaikundham sankari Salem Tamil Nadu,2023-10-01,10.6331,77.4317,-4.8055,110,121.5,59.0,2.0,1,-4.4825,-10.038,-8.994,-6.442,-0.3230000000000004,262.5,96.5,51.25,480.5,10,2023,-2.1790000000000003,2023-10,0.596,0.4082,33.9726,13.7128,0.247
Vaikundham sankari Salem Tamil Nadu,2023-11-01,10.6331,77.4317,-2.1790000000000003,120,127.0,92.0,2.0,1,-4.8055,-4.4825,-10.038,-3.822333333333333,2.6265,121.5,262.5,96.5,511.0,11,2023,-2.413,2023-11,0.5209,0.3318,34.0622,18.2836,0.2945
Vaikundham sankari Salem Tamil Nadu,2023-12-01,10.6331,77.4317,-2.413,122,4.5,9.0,2.0,1,-2.1790000000000003,-4.8055,-4.4825,-3.1325000000000003,-0.2339999999999995,127.0,121.5,262.5,253.0,12,2023,-4.7765,2023-12,0.5729,0.3328,28.8299,14.492,0.2485
Vaikundham sankari Salem Tamil Nadu,2024-01-01,10.6331,77.4317,-4.7765,124,21.25,20.0,2.0,1,-2.413,-2.1790000000000003,-4.8055,-3.122833333333334,-2.3635000000000006,4.5,127.0,121.5,152.75,1,2024,-6.763999999999999,2024-01,0.5903,0.3308,29.9595,14.0884,0.2136
Vaikundham sankari Salem Tamil Nadu,2024-02-01,10.6331,77.4317,-6.763999999999999,116,,,,0,-4.7765,-2.413,-2.1790000000000003,-4.651166666666667,-1.987499999999999,21.25,4.5,127.0,25.75,2,2024,-8.621500000000001,2024-02,0.5308,0.3379,32.6324,11.0156,0.1269
Vaikundham sankari Salem Tamil Nadu,2024-03-01,10.6331,77.4317,-8.621500000000001,124,,,,0,-6.763999999999999,-4.7765,-2.413,-6.720666666666666,-1.8575000000000017,,21.25,4.5,21.25,3,2024,-10.3395,2024-03,0.486,0.2874,36.0084,6.9886,0.1013
Vaikundham sankari Salem Tamil Nadu,2024-04-01,10.6331,77.4317,-10.3395,116,6.0,2.0,1.0,1,-8.621500000000001,-6.763999999999999,-4.7765,-8.575000000000001,-1.718,,,21.25,6.0,4,2024,-11.188,2024-04,0.4328,0.256,40.1346,5.0095,0.0957
Vaikundham sankari Salem Tamil Nadu,2024-05-01,10.6331,77.4317,-11.188,122,192.0,72.0,2.0,1,-10.3395,-8.621500000000001,-6.763999999999999,-10.049666666666669,-0.8484999999999978,6.0,,,198.0,5,2024,-8.2095,2024-05,0.4552,0.2756,37.4798,11.4887,0.2136
Vaikundham sankari Salem Tamil Nadu,2024-06-01,10.6331,77.4317,-8.2095,120,131.0,63.0,2.0,1,-11.188,-10.3395,-8.621500000000001,-9.912333333333336,2.9784999999999986,192.0,6.0,,329.0,6,2024,-7.7135,2024-06,0.5383,0.3609,35.0856,13.1007,0.2329
Vaikundham sankari Salem Tamil Nadu,2024-07-01,10.6331,77.4317,-7.7135,120,68.25,55.0,2.0,1,-8.2095,-11.188,-10.3395,-9.037,0.4960000000000004,131.0,192.0,6.0,391.25,7,2024,-4.5920000000000005,2024-07,0.4496,0.2853,37.5839,12.4745,0.2437
Vaikundham sankari Salem Tamil Nadu,2024-08-01,10.6331,77.4317,-4.5920000000000005,102,197.75,95.0,2.0,1,-7.7135,-8.2095,-11.188,-6.838333333333334,3.1214999999999997,68.25,131.0,192.0,397.0,8,2024,-4.098,2024-08,0.5213,0.328,35.3215,15.5044,0.2622
Vaikundham sankari Salem Tamil Nadu,2024-09-01,10.6331,77.4317,-4.098,121,28.0,17.0,2.0,1,-4.5920000000000005,-7.7135,-8.2095,-5.467833333333334,0.4940000000000006,197.75,68.25,131.0,294.0,9,2024,-4.8615,2024-09,0.5221,0.3062,36.0492,11.451,0.1883
Vaikundham sankari Salem Tamil Nadu,2024-10-01,10.6331,77.4317,-4.8615,124,207.75,113.0,2.0,1,-4.098,-4.5920000000000005,-7.7135,-4.517166666666667,-0.7634999999999996,28.0,197.75,68.25,433.5,10,2024,-5.032500000000001,2024-10,0.6442,0.4229,30.5092,17.5973,0.3292
Vaikundham sankari Salem Tamil Nadu,2024-11-01,10.6331,77.4317,-5.032500000000001,114,43.25,50.0,2.0,1,-4.8615,-4.098,-4.5920000000000005,-4.664000000000001,-0.1710000000000011,207.75,28.0,197.75,279.0,11,2024,-3.3550000000000004,2024-11,0.4518,0.3088,28.6034,15.6616,0.2989
Vaikundham sankari Salem Tamil Nadu,2024-12-01,10.6331,77.4317,-3.3550000000000004,124,98.25,86.0,2.0,1,-5.032500000000001,-4.8615,-4.098,-4.416333333333334,1.6775000000000002,43.25,207.75,28.0,349.25,12,2024,-3.6365,2024-12,0.649,0.3676,27.4398,19.1376,0.2801
Vaikundham sankari Salem Tamil Nadu,2025-01-01,10.6331,77.4317,-3.6365,120,5.75,8.0,2.0,1,-3.3550000000000004,-5.032500000000001,-4.8615,-4.008,-0.2814999999999994,98.25,43.25,207.75,147.25,1,2025,-5.4315,2025-01,0.6633,0.3957,26.6902,16.5613,0.2083
Vaikundham sankari Salem Tamil Nadu,2025-02-01,10.6331,77.4317,-5.4315,112,,,,0,-3.6365,-3.3550000000000004,-5.032500000000001,-4.141,-1.795,5.75,98.25,43.25,104.0,2,2025,-6.6985,2025-02,0.5911,0.342,30.3776,13.3038,0.1276
Vaikundham sankari Salem Tamil Nadu,2025-03-01,10.6331,77.4317,-6.6985,112,13.25,21.0,2.0,1,-5.4315,-3.6365,-3.3550000000000004,-5.2555000000000005,-1.2670000000000003,,5.75,98.25,19.0,3,2025,-7.29,2025-03,0.5274,0.3251,33.1806,8.9019,0.1202
Veerakal,2021-04-01,11.7789,77.8747,-24.3035,118,,,,0,-24.3715,1.125,1.1695,-15.85,0.0679999999999978,,,,,4,2021,-25.9825,2021-04,0.5003,0.3074,35.8095,7.9793,0.1449
Veerakal,2021-05-01,11.7789,77.8747,-25.9825,124,,,,0,-24.3035,-24.3715,1.125,-24.88583333333333,-1.679000000000002,,,,,5,2021,-26.9175,2021-05,0.52,0.3467,37.0567,9.8958,0.1583
Veerakal,2021-06-01,11.7789,77.8747,-26.9175,120,,,,0,-25.9825,-24.3035,-24.3715,-25.7345,-0.9349999999999988,,,,,6,2021,-25.615,2021-06,0.6127,0.3667,36.9123,12.277,0.168
Veerakal,2021-07-01,11.7789,77.8747,-25.615,116,,,,0,-26.9175,-25.9825,-24.3035,-26.171666666666667,1.3024999999999984,,,,,7,2021,-29.057,2021-07,0.4969,0.3592,29.9578,14.2416,0.2284
Veerakal,2021-08-01,11.7789,77.8747,-29.057,125,,,,0,-25.615,-26.9175,-25.9825,-27.1965,-3.4419999999999966,,,,,8,2021,-29.5165,2021-08,0.5546,0.3708,32.1249,14.6281,0.1919
Veerakal,2021-09-01,11.7789,77.8747,-29.5165,106,3.5,1.0,1.0,1,-29.057,-25.615,-26.9175,-28.062833333333334,-0.459500000000002,,,,3.5,9,2021,-23.4875,2021-09,0.6475,0.4451,31.8387,17.6416,0.2342
Veerakal,2021-10-01,11.7789,77.8747,-23.4875,124,24.0,8.0,1.0,1,-29.5165,-29.057,-25.615,-27.35366666666667,6.029000000000004,3.5,,,27.5,10,2021,-18.22,2021-10,0.6853,0.5177,29.9756,20.6661,0.2801
Veerakal,2021-11-01,11.7789,77.8747,-18.22,120,152.0,111.0,2.0,1,-23.4875,-29.5165,-29.057,-23.74133333333333,5.267499999999998,24.0,3.5,,179.5,11,2021,-18.2235,2021-11,0.3488,0.2436,28.3223,19.0362,0.3354
Veerakal,2021-12-01,11.7789,77.8747,-18.2235,124,6.5,2.0,1.0,1,-18.22,-23.4875,-29.5165,-19.977,-0.0035000000000025,152.0,24.0,3.5,182.5,12,2021,-19.8795,2021-12,0.7098,0.4326,28.3484,18.1769,0.2732
Veerakal,2022-01-01,11.7789,77.8747,-19.8795,124,0.5,1.0,1.0,1,-18.2235,-18.22,-23.4875,-18.77433333333333,-1.6559999999999988,6.5,152.0,24.0,159.0,1,2022,-21.7755,2022-01,0.5732,0.3585,29.2222,16.1829,0.2093
Veerakal,2022-02-01,11.7789,77.8747,-21.7755,112,,,,0,-19.8795,-18.2235,-18.22,-19.9595,-1.8960000000000008,0.5,6.5,152.0,7.0,2,2022,-24.271,2022-02,0.4796,0.2813,34.1993,8.9689,0.1414
Veerakal,2022-03-01,11.7789,77.8747,-24.271,122,1900.25,14.0,2.0,1,-21.7755,-19.8795,-18.2235,-21.97533333333333,-2.4955,,0.5,6.5,1900.75,3,2022,-24.6945,2022-03,0.414,0.2548,36.4184,6.7205,0.1257
Veerakal,2022-04-01,11.7789,77.8747,-24.6945,114,79.25,38.0,2.0,1,-24.271,-21.7755,-19.8795,-23.58033333333333,-0.4234999999999971,1900.25,,0.5,1979.5,4,2022,-22.909,2022-04,0.4742,0.3082,37.0759,8.5258,0.1469
Veerakal,2022-05-01,11.7789,77.8747,-22.909,30,24.0,2.0,1.0,1,-24.6945,-24.271,-21.7755,-23.958166666666667,1.785499999999999,79.25,1900.25,,2003.5,5,2022,-19.6395,2022-05,0.5982,0.3953,34.122,13.4663,0.2139
Veerakal,2022-06-01,11.7789,77.8747,-19.6395,120,82.0,35.0,2.0,1,-22.909,-24.6945,-24.271,-22.41433333333333,3.2695000000000007,24.0,79.25,1900.25,185.25,6,2022,-20.833,2022-06,0.6629,0.4287,31.1712,15.5178,0.2069
Veerakal,2022-07-01,11.7789,77.8747,-20.833,124,53.0,55.0,2.0,1,-19.6395,-22.909,-24.6945,-21.127166666666664,-1.1935000000000002,82.0,24.0,79.25,159.0,7,2022,-19.5405,2022-07,0.6204,0.4602,30.7142,17.1393,0.221
Veerakal,2022-08-01,11.7789,77.8747,-19.5405,124,214.75,92.0,2.0,1,-20.833,-19.6395,-22.909,-20.00433333333333,1.2924999999999969,53.0,82.0,24.0,349.75,8,2022,-12.823,2022-08,0.6142,0.4053,32.6444,19.3255,0.2614
Veerakal,2022-09-01,11.7789,77.8747,-12.823,120,15.25,26.0,2.0,1,-19.5405,-20.833,-19.6395,-17.732166666666668,6.717500000000001,214.75,53.0,82.0,283.0,9,2022,-12.7835,2022-09,0.4681,0.329,33.9848,19.0698,0.2609
Veerakal,2022-10-01,11.7789,77.8747,-12.7835,122,126.5,64.0,2.0,1,-12.823,-19.5405,-20.833,-15.049,0.0395000000000003,15.25,214.75,53.0,356.5,10,2022,-11.604,2022-10,0.6565,0.479,28.6518,20.0866,0.2781
Veerakal,2022-11-01,11.7789,77.8747,-11.604,119,101.25,71.0,2.0,1,-12.7835,-12.823,-19.5405,-12.4035,1.1795000000000009,126.5,15.25,214.75,243.0,11,2022,-10.187,2022-11,0.6808,0.4296,27.9999,20.1489,0.2775
Veerakal,2022-12-01,11.7789,77.8747,-10.187,115,51.0,67.0,2.0,1,-11.604,-12.7835,-12.823,-11.524833333333332,1.4169999999999998,101.25,126.5,15.25,278.75,12,2022,-12.28,2022-12,0.6213,0.3694,28.3305,15.299,0.268
Veerakal,2023-01-01,11.7789,77.8747,-12.28,125,2.5,7.0,2.0,1,-10.187,-11.604,-12.7835,-11.357,-2.093,51.0,101.25,126.5,154.75,1,2023,-15.023,2023-01,0.5812,0.3247,28.7735,9.964,0.1965
Veerakal,2023-02-01,11.7789,77.8747,-15.023,112,5.0,4.0,1.0,1,-12.28,-10.187,-11.604,-12.496666666666664,-2.7430000000000003,2.5,51.0,101.25,58.5,2,2023,-15.7455,2023-02,0.4642,0.2801,33.6193,7.1279,0.1442
Veerakal,2023-03-01,11.7789,77.8747,-15.7455,114,48.75,17.0,2.0,1,-15.023,-12.28,-10.187,-14.3495,-0.7225000000000001,5.0,2.5,51.0,56.25,3,2023,-16.3595,2023-03,0.469,0.2805,35.4787,7.0607,0.1378
Veerakal,2023-04-01,11.7789,77.8747,-16.3595,116,32.0,14.0,2.0,1,-15.7455,-15.023,-12.28,-15.709333333333332,-0.6140000000000008,48.75,5.0,2.5,85.75,4,2023,-14.8355,2023-04,0.4576,0.2657,37.8533,6.3518,0.1269
Veerakal,2023-05-01,11.7789,77.8747,-14.8355,106,95.75,64.0,2.0,1,-16.3595,-15.7455,-15.023,-15.646833333333332,1.524000000000001,32.0,48.75,5.0,176.5,5,2023,-13.1895,2023-05,0.5601,0.3766,33.5395,14.4544,0.1896
Veerakal,2023-06-01,11.7789,77.8747,-13.1895,120,35.5,20.0,2.0,1,-14.8355,-16.3595,-15.7455,-14.794833333333337,1.645999999999999,95.75,32.0,48.75,163.25,6,2023,-15.23,2023-06,0.552,0.3707,35.6647,13.6209,0.175
Veerakal,2023-07-01,11.7789,77.8747,-15.23,125,51.25,60.0,2.0,1,-13.1895,-14.8355,-16.3595,-14.418333333333337,-2.0405,35.5,95.75,32.0,182.5,7,2023,-17.993,2023-07,0.5257,0.3566,34.6663,12.6804,0.1759
Veerakal,2023-08-01,11.7789,77.8747,-17.993,124,96.5,37.0,2.0,1,-15.23,-13.1895,-14.8355,-15.470833333333331,-2.762999999999998,51.25,35.5,95.75,183.25,8,2023,-13.023,2023-08,0.5208,0.3051,37.5966,9.7787,0.1565
Veerakal,2023-09-01,11.7789,77.8747,-13.023,118,262.5,90.0,2.0,1,-17.993,-15.23,-13.1895,-15.415333333333333,4.969999999999999,96.5,51.25,35.5,410.25,9,2023,-12.708,2023-09,0.6174,0.4301,32.9503,16.1297,0.2378
Veerakal,2023-10-01,11.7789,77.8747,-12.708,112,121.5,59.0,2.0,1,-13.023,-17.993,-15.23,-14.574666666666666,0.3149999999999995,262.5,96.5,51.25,480.5,10,2023,-10.2395,2023-10,0.702,0.5099,30.3246,18.5246,0.1868
Veerakal,2023-11-01,11.7789,77.8747,-10.2395,120,127.0,92.0,2.0,1,-12.708,-13.023,-17.993,-11.990166666666664,2.4685000000000006,121.5,262.5,96.5,511.0,11,2023,-10.83,2023-11,0.6173,0.4095,28.1875,18.7295,0.2348
Veerakal,2023-12-01,11.7789,77.8747,-10.83,122,4.5,9.0,2.0,1,-10.2395,-12.708,-13.023,-11.259166666666664,-0.5905000000000005,127.0,121.5,262.5,253.0,12,2023,-10.532,2023-12,0.6125,0.3796,29.1621,12.2545,0.1798
Veerakal,2024-01-01,11.7789,77.8747,-10.532,124,21.25,20.0,2.0,1,-10.83,-10.2395,-12.708,-10.533833333333332,0.298,4.5,127.0,121.5,152.75,1,2024,-17.557499999999997,2024-01,0.5136,0.3052,30.1842,9.5847,0.1467
Veerakal,2024-02-01,11.7789,77.8747,-17.557499999999997,116,,,,0,-10.532,-10.83,-10.2395,-12.973166666666664,-7.025499999999997,21.25,4.5,127.0,25.75,2,2024,-18.267,2024-02,0.4461,0.2559,33.6544,6.2275,0.1046
Veerakal,2024-03-01,11.7789,77.8747,-18.267,120,,,,0,-17.557499999999997,-10.532,-10.83,-15.452166666666663,-0.709500000000002,,21.25,4.5,21.25,3,2024,-20.539,2024-03,0.3961,0.2315,36.8671,3.7608,0.0861
Veerakal,2024-04-01,11.7789,77.8747,-20.539,118,6.0,2.0,1.0,1,-18.267,-17.557499999999997,-10.532,-18.78783333333333,-2.272000000000002,,,21.25,6.0,4,2024,-19.2115,2024-04,0.3791,0.2307,39.5426,3.295,0.0852
Veerakal,2024-05-01,11.7789,77.8747,-19.2115,124,192.0,72.0,2.0,1,-20.539,-18.267,-17.557499999999997,-19.339166666666667,1.3275000000000006,6.0,,,198.0,5,2024,-13.8655,2024-05,0.516,0.3314,32.5471,10.5473,0.1903
Veerakal,2024-06-01,11.7789,77.8747,-13.8655,120,131.0,63.0,2.0,1,-19.2115,-20.539,-18.267,-17.872,5.346,192.0,6.0,,329.0,6,2024,-13.643,2024-06,0.6618,0.485,31.1391,14.8877,0.2151
Veerakal,2024-07-01,11.7789,77.8747,-13.643,124,68.25,55.0,2.0,1,-13.8655,-19.2115,-20.539,-15.573333333333332,0.2225000000000001,131.0,192.0,6.0,391.25,7,2024,-12.431,2024-07,0.6521,0.471,30.7963,17.6238,0.1943
Veerakal,2024-08-01,11.7789,77.8747,-12.431,124,197.75,95.0,2.0,1,-13.643,-13.8655,-19.2115,-13.313166666666666,1.2119999999999995,68.25,131.0,192.0,397.0,8,2024,-10.657,2024-08,0.6164,0.4012,29.7508,19.3404,0.2419
Veerakal,2024-09-01,11.7789,77.8747,-10.657,121,28.0,17.0,2.0,1,-12.431,-13.643,-13.8655,-12.243666666666664,1.774000000000001,197.75,68.25,131.0,294.0,9,2024,-8.518,2024-09,0.5609,0.3675,33.5276,16.4315,0.1806
Veerakal,2024-10-01,11.7789,77.8747,-8.518,123,207.75,113.0,2.0,1,-10.657,-12.431,-13.643,-10.535333333333332,2.139,28.0,197.75,68.25,433.5,10,2024,-8.165,2024-10,0.707,0.5254,29.0,21.2745,0.2698
Veerakal,2024-11-01,11.7789,77.8747,-8.165,115,43.25,50.0,2.0,1,-8.518,-10.657,-12.431,-9.113333333333332,0.3530000000000015,207.75,28.0,197.75,279.0,11,2024,-7.9775,2024-11,0.6005,0.4359,27.737,15.5125,0.23
Veerakal,2024-12-01,11.7789,77.8747,-7.9775,124,98.25,86.0,2.0,1,-8.165,-8.518,-10.657,-8.220166666666666,0.1874999999999991,43.25,207.75,28.0,349.25,12,2024,-10.88,2024-12,0.6922,0.4176,26.4111,18.4552,0.2633
Veerakal,2025-01-01,11.7789,77.8747,-10.88,116,5.75,8.0,2.0,1,-7.9775,-8.165,-8.518,-9.0075,-2.902499999999999,98.25,43.25,207.75,147.25,1,2025,-14.2425,2025-01,0.6207,0.3516,26.9647,14.1342,0.1936
Veerakal,2025-02-01,11.7789,77.8747,-14.2425,112,,,,0,-10.88,-7.9775,-8.165,-11.033333333333331,-3.3625000000000007,5.75,98.25,43.25,104.0,2,2025,-14.335,2025-02,0.497,0.2745,30.7348,9.0928,0.1292
Veerakal,2025-03-01,11.7789,77.8747,-14.335,116,13.25,21.0,2.0,1,-14.2425,-10.88,-7.9775,-13.152499999999998,-0.0925000000000011,,5.75,98.25,19.0,3,2025,-11.552,2025-03,0.4682,0.2801,33.1038,6.1558,0.1176
Veerakal,2025-04-01,11.7789,77.8747,-11.552,115,14.0,7.0,2.0,1,-14.335,-14.2425,-10.88,-13.376499999999998,2.7830000000000013,13.25,,5.75,27.25,4,2025,-9.04,2025-04,0.577,0.3448,32.0775,7.4629,0.1368
Veerakal,2025-05-01,11.7789,77.8747,-9.04,115,216.0,75.0,2.0,1,-11.552,-14.335,-14.2425,-11.642333333333331,2.5120000000000005,14.0,13.25,,243.25,5,2025,-8.071,2025-05,0.6404,0.4385,30.4543,12.0467,0.2093
Veerakal,2025-06-01,11.7789,77.8747,-8.071,116,69.0,32.0,2.0,1,-9.04,-11.552,-14.335,-9.554333333333332,0.9689999999999994,216.0,14.0,13.25,299.0,6,2025,-10.067,2025-06,0.6394,0.4358,28.1787,14.4541,0.2026
Veerakal,2025-07-01,11.7789,77.8747,-10.067,101,16.25,15.0,2.0,1,-8.071,-9.04,-11.552,-9.059333333333331,-1.9960000000000004,69.0,216.0,14.0,301.25,7,2025,-10.5225,2025-07,0.6639,0.3616,29.9022,12.5517,0.1747
Veerakal,2025-08-01,11.7789,77.8747,-10.5225,94,84.25,46.0,2.0,1,-10.067,-8.071,-9.04,-9.5535,-0.4555000000000007,16.25,69.0,216.0,169.5,8,2025,-7.995,2025-08,0.5843,0.4178,30.6039,14.933,0.1986
Veerakal,2025-09-01,11.7789,77.8747,-7.995,109,59.75,37.0,2.0,1,-10.5225,-10.067,-8.071,-9.528166666666666,2.5275000000000007,84.25,16.25,69.0,160.25,9,2025,-7.18,2025-09,0.6421,0.4969,28.2726,17.1799,0.2151
Veerakal,2025-10-01,11.7789,77.8747,-7.18,57,107.25,86.0,2.0,1,-7.995,-10.5225,-10.067,-8.565833333333332,0.8150000000000004,59.75,84.25,16.25,251.25,10,2025,-7.6365,2025-10,0.7027,0.5011,27.6468,20.0621,0.2742
Veerakal,2025-11-01,11.7789,77.8747,-7.6365,102,279.75,64.0,2.0,1,-7.18,-7.995,-10.5225,-7.6038333333333314,-0.4565000000000001,107.25,59.75,84.25,446.75,11,2025,-8.538,2025-11,0.7239,0.5265,26.5231,20.0967,0.2192
Veppilaipatty,2021-06-01,11.5808,78.3508,-37.8045,120,,,,0,-38.866,-30.6055,-24.844,-35.75866666666666,1.0614999999999952,,,,,6,2021,-22.612,2021-06,0.5825,0.3497,35.3658,11.2791,0.1746
Veppilaipatty,2021-07-01,11.5808,78.3508,-22.612,124,,,,0,-37.8045,-38.866,-30.6055,-33.094166666666666,15.192500000000004,,,,,7,2021,-18.164,2021-07,0.6702,0.4668,30.6601,15.7321,0.2461
Veppilaipatty,2021-08-01,11.5808,78.3508,-18.164,93,,,,0,-22.612,-37.8045,-38.866,-26.1935,4.448,,,,,8,2021,-17.774,2021-08,0.6019,0.4193,32.4624,16.3068,0.2189
Veppilaipatty,2021-09-01,11.5808,78.3508,-17.774,121,3.5,1.0,1.0,1,-18.164,-22.612,-37.8045,-19.51666666666667,0.3900000000000005,,,,3.5,9,2021,-17.6715,2021-09,0.6969,0.438,32.5539,17.0372,0.2467
Veppilaipatty,2021-10-01,11.5808,78.3508,-17.6715,124,24.0,8.0,1.0,1,-17.774,-18.164,-22.612,-17.869833333333336,0.1024999999999991,3.5,,,27.5,10,2021,-16.4655,2021-10,0.7067,0.5119,30.2063,19.3631,0.2923
Veppilaipatty,2021-11-01,11.5808,78.3508,-16.4655,120,152.0,111.0,2.0,1,-17.6715,-17.774,-18.164,-17.30366666666667,1.206000000000003,24.0,3.5,,179.5,11,2021,-11.978,2021-11,0.4485,0.2973,28.746,19.1543,0.3536
Veppilaipatty,2021-12-01,11.5808,78.3508,-11.978,124,6.5,2.0,1.0,1,-16.4655,-17.6715,-17.774,-15.371666666666668,4.487499999999999,152.0,24.0,3.5,182.5,12,2021,-12.588,2021-12,0.6653,0.4078,28.6896,17.3535,0.2973
Veppilaipatty,2022-01-01,11.5808,78.3508,-12.588,124,0.5,1.0,1.0,1,-11.978,-16.4655,-17.6715,-13.677166666666666,-0.6100000000000012,6.5,152.0,24.0,159.0,1,2022,-14.4885,2022-01,0.5872,0.3521,29.7055,15.8392,0.2334
Veppilaipatty,2022-02-01,11.5808,78.3508,-14.4885,112,,,,0,-12.588,-11.978,-16.4655,-13.018166666666668,-1.9004999999999992,0.5,6.5,152.0,7.0,2,2022,-16.485500000000002,2022-02,0.5112,0.2889,33.1856,9.6279,0.16
Veppilaipatty,2022-03-01,11.5808,78.3508,-16.485500000000002,124,1900.25,14.0,2.0,1,-14.4885,-12.588,-11.978,-14.520666666666664,-1.9970000000000017,,0.5,6.5,1900.75,3,2022,-17.321,2022-03,0.4719,0.2793,35.0273,7.9147,0.1375
Veppilaipatty,2022-04-01,11.5808,78.3508,-17.321,116,79.25,38.0,2.0,1,-16.485500000000002,-14.4885,-12.588,-16.098333333333333,-0.8354999999999997,1900.25,,0.5,1979.5,4,2022,-17.926,2022-04,0.5285,0.3266,35.5221,9.89,0.1533
Veppilaipatty,2022-05-01,11.5808,78.3508,-17.926,33,24.0,2.0,1.0,1,-17.321,-16.485500000000002,-14.4885,-17.24416666666667,-0.6049999999999969,79.25,1900.25,,2003.5,5,2022,-18.0745,2022-05,0.5695,0.3356,34.9108,11.9783,0.2012
Veppilaipatty,2022-06-01,11.5808,78.3508,-18.0745,120,82.0,35.0,2.0,1,-17.926,-17.321,-16.485500000000002,-17.773833333333332,-0.148500000000002,24.0,79.25,1900.25,185.25,6,2022,-17.209,2022-06,0.5999,0.3847,33.6865,13.7084,0.1941
Veppilaipatty,2022-07-01,11.5808,78.3508,-17.209,124,53.0,55.0,2.0,1,-18.0745,-17.926,-17.321,-17.7365,0.8655000000000008,82.0,24.0,79.25,159.0,7,2022,-13.8055,2022-07,0.6158,0.4349,32.1647,15.5047,0.2279
Veppilaipatty,2022-08-01,11.5808,78.3508,-13.8055,124,214.75,92.0,2.0,1,-17.209,-18.0745,-17.926,-16.363000000000003,3.4034999999999997,53.0,82.0,24.0,349.75,8,2022,-13.222,2022-08,0.6688,0.4309,31.8643,18.8946,0.2597
Veppilaipatty,2022-09-01,11.5808,78.3508,-13.222,119,15.25,26.0,2.0,1,-13.8055,-17.209,-18.0745,-14.7455,0.5835000000000008,214.75,53.0,82.0,283.0,9,2022,-12.349,2022-09,0.555,0.3891,33.0014,19.5108,0.2591
Veppilaipatty,2022-10-01,11.5808,78.3508,-12.349,125,126.5,64.0,2.0,1,-13.222,-13.8055,-17.209,-13.1255,0.8729999999999993,15.25,214.75,53.0,356.5,10,2022,-10.62,2022-10,0.6822,0.4842,29.2507,20.0769,0.2738
Veppilaipatty,2022-11-01,11.5808,78.3508,-10.62,120,101.25,71.0,2.0,1,-12.349,-13.222,-13.8055,-12.063666666666668,1.7289999999999992,126.5,15.25,214.75,243.0,11,2022,-9.536,2022-11,0.6855,0.4205,29.3555,19.8575,0.2713
Veppilaipatty,2022-12-01,11.5808,78.3508,-9.536,121,51.0,67.0,2.0,1,-10.62,-12.349,-13.222,-10.835,1.0840000000000014,101.25,126.5,15.25,278.75,12,2022,-9.828,2022-12,0.6148,0.3248,28.6956,15.024,0.2628
Veppilaipatty,2023-01-01,11.5808,78.3508,-9.828,100,2.5,7.0,2.0,1,-9.536,-10.62,-12.349,-9.994666666666667,-0.2919999999999998,51.0,101.25,126.5,154.75,1,2023,-11.559,2023-01,0.5774,0.3253,29.1765,9.5014,0.1936
Veppilaipatty,2023-02-01,11.5808,78.3508,-11.559,112,5.0,4.0,1.0,1,-9.828,-9.536,-10.62,-10.307666666666668,-1.7310000000000016,2.5,51.0,101.25,58.5,2,2023,-13.6385,2023-02,0.4902,0.2775,33.2776,7.4657,0.1471
Veppilaipatty,2023-03-01,11.5808,78.3508,-13.6385,124,48.75,17.0,2.0,1,-11.559,-9.828,-9.536,-11.675166666666668,-2.0794999999999995,5.0,2.5,51.0,56.25,3,2023,-14.677,2023-03,0.4932,0.3041,34.1941,7.5909,0.1434
Veppilaipatty,2023-04-01,11.5808,78.3508,-14.677,120,32.0,14.0,2.0,1,-13.6385,-11.559,-9.828,-13.2915,-1.038499999999999,48.75,5.0,2.5,85.75,4,2023,-15.255,2023-04,0.5014,0.281,36.798,6.5016,0.1273
Veppilaipatty,2023-05-01,11.5808,78.3508,-15.255,111,95.75,64.0,2.0,1,-14.677,-13.6385,-11.559,-14.5235,-0.5780000000000012,32.0,48.75,5.0,176.5,5,2023,-16.094,2023-05,0.535,0.3518,33.4783,14.7836,0.1864
Veppilaipatty,2023-06-01,11.5808,78.3508,-16.094,117,35.5,20.0,2.0,1,-15.255,-14.677,-13.6385,-15.342,-0.8390000000000004,95.75,32.0,48.75,163.25,6,2023,-16.645,2023-06,0.5198,0.3024,36.7067,12.0497,0.1745
Veppilaipatty,2023-07-01,11.5808,78.3508,-16.645,122,51.25,60.0,2.0,1,-16.094,-15.255,-14.677,-15.998,-0.5509999999999984,35.5,95.75,32.0,182.5,7,2023,-18.864,2023-07,0.5573,0.3639,33.9953,10.9814,0.1832
Veppilaipatty,2023-08-01,11.5808,78.3508,-18.864,124,96.5,37.0,2.0,1,-16.645,-16.094,-15.255,-17.201000000000004,-2.219000000000001,51.25,35.5,95.75,183.25,8,2023,-19.18,2023-08,0.6225,0.3787,33.4842,11.3276,0.1817
Veppilaipatty,2023-09-01,11.5808,78.3508,-19.18,19,262.5,90.0,2.0,1,-18.864,-16.645,-16.094,-18.229666666666663,-0.3159999999999989,96.5,51.25,35.5,410.25,9,2023,-16.668,2023-09,0.6844,0.4747,31.9862,17.2331,0.2548
Veppilaipatty,2023-11-01,11.5808,78.3508,-16.668,25,127.0,92.0,2.0,1,-19.18,-18.864,-16.645,-18.237333333333336,2.5120000000000005,262.5,96.5,51.25,486.0,11,2023,-16.8065,2023-11,0.6319,0.4264,27.2968,18.258,0.2556
Veppilaipatty,2023-12-01,11.5808,78.3508,-16.8065,124,4.5,9.0,2.0,1,-16.668,-19.18,-18.864,-17.5515,-0.1385000000000005,127.0,262.5,96.5,394.0,12,2023,-17.649,2023-12,0.6656,0.3817,28.6517,11.8746,0.2068
Veppilaipatty,2024-01-01,11.5808,78.3508,-17.649,124,21.25,20.0,2.0,1,-16.8065,-16.668,-19.18,-17.04116666666667,-0.8425000000000011,4.5,127.0,262.5,152.75,1,2024,-17.9545,2024-01,0.5417,0.3026,30.2369,8.6849,0.1711
Veppilaipatty,2024-02-01,11.5808,78.3508,-17.9545,116,,,,0,-17.649,-16.8065,-16.668,-17.47,-0.3054999999999985,21.25,4.5,127.0,25.75,2,2024,-19.9495,2024-02,0.4671,0.2583,32.6807,6.4935,0.1202
Veppilaipatty,2024-03-01,11.5808,78.3508,-19.9495,124,,,,0,-17.9545,-17.649,-16.8065,-18.517666666666667,-1.995000000000001,,21.25,4.5,21.25,3,2024,-20.7235,2024-03,0.3921,0.2202,37.3321,3.4562,0.0916
Veppilaipatty,2024-04-01,11.5808,78.3508,-20.7235,114,6.0,2.0,1.0,1,-19.9495,-17.9545,-17.649,-19.5425,-0.7740000000000009,,,21.25,6.0,4,2024,-21.288,2024-04,0.3634,0.1984,39.4023,2.2738,0.0816
Veppilaipatty,2024-05-01,11.5808,78.3508,-21.288,122,192.0,72.0,2.0,1,-20.7235,-19.9495,-17.9545,-20.653666666666663,-0.5644999999999989,6.0,,,198.0,5,2024,-19.211,2024-05,0.4559,0.2574,33.0555,8.2055,0.1941
Veppilaipatty,2024-06-01,11.5808,78.3508,-19.211,120,131.0,63.0,2.0,1,-21.288,-20.7235,-19.9495,-20.4075,2.0770000000000017,192.0,6.0,,329.0,6,2024,-18.9885,2024-06,0.6515,0.4159,31.6936,12.8007,0.2384
Veppilaipatty,2024-07-01,11.5808,78.3508,-18.9885,120,68.25,55.0,2.0,1,-19.211,-21.288,-20.7235,-19.829166666666666,0.2225000000000001,131.0,192.0,6.0,391.25,7,2024,-18.89,2024-07,0.603,0.4104,31.5747,15.3091,0.1973
Veppilaipatty,2024-08-01,11.5808,78.3508,-18.89,111,197.75,95.0,2.0,1,-18.9885,-19.211,-21.288,-19.02983333333333,0.0984999999999978,68.25,131.0,192.0,397.0,8,2024,-17.855,2024-08,0.6857,0.4696,30.1969,18.3622,0.2515
Veppilaipatty,2024-09-01,11.5808,78.3508,-17.855,120,28.0,17.0,2.0,1,-18.89,-18.9885,-19.211,-18.57783333333333,1.035,197.75,68.25,131.0,294.0,9,2024,-17.1265,2024-09,0.6623,0.4188,32.8553,15.9026,0.1868
Veppilaipatty,2024-10-01,11.5808,78.3508,-17.1265,124,207.75,113.0,2.0,1,-17.855,-18.89,-18.9885,-17.957166666666666,0.7285000000000004,28.0,197.75,68.25,433.5,10,2024,-14.4275,2024-10,0.7305,0.5214,28.2924,20.5283,0.2676
Veppilaipatty,2024-11-01,11.5808,78.3508,-14.4275,114,43.25,50.0,2.0,1,-17.1265,-17.855,-18.89,-16.469666666666665,2.699,207.75,28.0,197.75,279.0,11,2024,-11.377,2024-11,0.3514,0.2482,27.0036,13.6005,0.2312
Veppilaipatty,2024-12-01,11.5808,78.3508,-11.377,120,98.25,86.0,2.0,1,-14.4275,-17.1265,-17.855,-14.310333333333332,3.0505000000000013,43.25,207.75,28.0,349.25,12,2024,-11.0175,2024-12,0.6677,0.4385,25.9603,17.9457,0.2743
Veppilaipatty,2025-01-01,11.5808,78.3508,-11.0175,122,5.75,8.0,2.0,1,-11.377,-14.4275,-17.1265,-12.274,0.3594999999999988,98.25,43.25,207.75,147.25,1,2025,-12.44,2025-01,0.6034,0.3547,26.6893,13.4831,0.2025
Veppilaipatty,2025-02-01,11.5808,78.3508,-12.44,112,,,,0,-11.0175,-11.377,-14.4275,-11.6115,-1.4224999999999994,5.75,98.25,43.25,104.0,2,2025,-14.567,2025-02,0.5482,0.2949,29.9668,9.4311,0.1371
Veppilaipatty,2025-03-01,11.5808,78.3508,-14.567,121,13.25,21.0,2.0,1,-12.44,-11.0175,-11.377,-12.674833333333334,-2.1270000000000007,,5.75,98.25,19.0,3,2025,-16.556,2025-03,0.4884,0.2848,33.2979,6.7936,0.1231
Veppilaipatty,2025-04-01,11.5808,78.3508,-16.556,117,14.0,7.0,2.0,1,-14.567,-12.44,-11.0175,-14.521,-1.9890000000000008,13.25,,5.75,27.25,4,2025,-18.291,2025-04,0.516,0.311,32.029,6.8512,0.1256
Veppilaipatty,2025-05-01,11.5808,78.3508,-18.291,116,216.0,75.0,2.0,1,-16.556,-14.567,-12.44,-16.471333333333334,-1.7349999999999994,14.0,13.25,,243.25,5,2025,-17.468,2025-05,0.6022,0.3496,31.1896,9.5359,0.2091
Veppilaipatty,2025-06-01,11.5808,78.3508,-17.468,115,69.0,32.0,2.0,1,-18.291,-16.556,-14.567,-17.438333333333333,0.8230000000000004,216.0,14.0,13.25,299.0,6,2025,-17.056,2025-06,0.6299,0.4346,28.7168,12.8254,0.1918
Veppilaipatty,2025-07-01,11.5808,78.3508,-17.056,103,16.25,15.0,2.0,1,-17.468,-18.291,-16.556,-17.605,0.411999999999999,69.0,216.0,14.0,301.25,7,2025,-16.692,2025-07,0.6614,0.4129,29.979,13.8268,0.1776
Veppilaipatty,2025-08-01,11.5808,78.3508,-16.692,102,84.25,46.0,2.0,1,-17.056,-17.468,-18.291,-17.072,0.3640000000000007,16.25,69.0,216.0,169.5,8,2025,-16.810000000000002,2025-08,0.6595,0.4775,29.5467,15.2702,0.2067
Veppilaipatty,2025-09-01,11.5808,78.3508,-16.810000000000002,112,59.75,37.0,2.0,1,-16.692,-17.056,-17.468,-16.852666666666668,-0.1180000000000021,84.25,16.25,69.0,160.25,9,2025,-15.677,2025-09,0.6689,0.512,29.7606,16.2093,0.2231
Veppilaipatty,2025-10-01,11.5808,78.3508,-15.677,59,107.25,86.0,2.0,1,-16.810000000000002,-16.692,-17.056,-16.392999999999997,1.133000000000003,59.75,84.25,16.25,251.25,10,2025,-15.266,2025-10,0.6976,0.5574,28.544,18.7177,0.2683
Veppilaipatty,2025-11-01,11.5808,78.3508,-15.266,109,279.75,64.0,2.0,1,-15.677,-16.810000000000002,-16.692,-15.917666666666664,0.4109999999999996,107.25,59.75,84.25,446.75,11,2025,-15.04,2025-11,0.725,0.5037,27.5758,19.2244,0.2203
